"abdominal","0.99"
"abducción","3.16"
"abducens","3.16"
"abducido","3.16"
"aberrante","3.16"
"ablació","3.16"
"abordaje","3.16"
"abulia","3.16"
"acalasia","3.16"
"acatisia","103.00"
"accumbens","10.10"
"aceptor","3.16"
"acetabular","3.16"
"acetilcolina","3.16"
"acetilcolinesterasa","3.16"
"acetábulo","3.16"
"acidificante","3.16"
"acidificantes","3.16"
"acintado","3.16"
"acinético","3.16"
"acromial","3.16"
"acromioclavicular","3.16"
"acromión","3.16"
"acromotopsia","3.16"
"actina","3.16"
"acueducto","3.16"
"adamkiewicz","10.10"
"adenectomía","3.16"
"adenohipófisis","3.16"
"adenoidectomía","3.16"
"adenosina","3.16"
"adenosín","3.16"
"adiadococinesia","3.16"
"adipocitos","3.16"
"adiposo","103.00"
"adrenal","3.16"
"adrenoleucodistrofia","3.16"
"adrenérgicas","3.16"
"adrenérgicos","3.16"
"aducción","3.16"
"aductor","103.00"
"aductores","3.16"
"adulticida","3.16"
"afasia","3.16"
"afasias","3.16"
"ageusia","3.16"
"agnosia","3.16"
"agnosias","3.16"
"agrafía","3.16"
"alar","3.16"
"alares","3.16"
"alba","3.16"
"albendazol","3.16"
"albini","0.99"
"albugínea","3.16"
"alcalinizantes","103.00"
"alcalinotérreos","3.16"
"alcock","0.99"
"aldosa","3.16"
"aleatorización","3.16"
"alergólogo","3.16"
"alexi","3.16"
"alginato","3.16"
"alodinia","3.16"
"aloplastia","3.16"
"alostérico","3.16"
"alveolar","103.00"
"alveolares","103.00"
"alveolodentaria","3.16"
"alveolodentarios","3.16"
"alveololingual","3.16"
"alveus","3.16"
"alvéolo","103.00"
"alótropos","3.16"
"amacrinas","3.16"
"ambiens","3.16"
"amidalino","0.31"
"amigdalectomía","3.16"
"amigdalino","0.99"
"amigdalotripsia","3.16"
"amilaceós","0.31"
"amiláceos","0.99"
"amiotrofía","0.31"
"amiotrófia","0.99"
"amon","0.99"
"amusia","3.16"
"amígdala","3.16"
"amígdalas","3.16"
"anal","3.16"
"anastomosis","3.16"
"anastomótica","3.16"
"anatomico","3.16"
"anatomicos","3.16"
"anatomoclínicas","3.16"
"anatomía","3.16"
"ancóneo","3.16"
"andrógenos","3.16"
"anencefalia","3.16"
"aneurisma","3.16"
"aneurismectomía","3.16"
"aneurismoplastia","3.16"
"aneurismorrafia","3.16"
"anexectomía","3.16"
"anexopexia","3.16"
"anfiprotismo","3.16"
"anfipático","3.16"
"angiografía","3.16"
"angiográfia","3.16"
"angiográficas","3.16"
"angioplastia","3.16"
"angioplastias","3.16"
"anococcígeo","3.16"
"anocutanea","0.31"
"anocutánea","0.99"
"anomica","3.16"
"anorectal","3.16"
"anormalmente","3.16"
"anosmia","3.16"
"anosognosia","3.16"
"anserina","3.16"
"antebraquial","3.16"
"antebrazo","3.16"
"anterograda","0.31"
"anteroposterior","3.16"
"anterógrada","0.99"
"antibiograma","3.16"
"anticoagulante","3.16"
"anticoagulantes","3.16"
"anticodón","3.16"
"anticodónes","3.16"
"anticonvulsivantes","3.16"
"antidiarreicos","3.16"
"antidiurética","3.16"
"antigénicos","3.16"
"antihipertensivo","3.16"
"antihipertensivos","3.16"
"antihélix","3.16"
"antimetabolito","3.16"
"antitrago","103.00"
"antrectomía","3.16"
"anular","3.16"
"aorta","3.16"
"aorticorrenal","3.16"
"apendicular","3.16"
"apendiculares","3.16"
"apical","3.16"
"apicales","3.16"
"apicoposterior","0.99"
"apicoposterios","0.31"
"apolipoproteínas","3.16"
"aponeurosis","3.16"
"aponeurótica","3.16"
"apoptosis","3.16"
"apraxia","3.16"
"aprosodia","3.16"
"apéndice","3.16"
"apófisis","3.16"
"aquiles","0.99"
"aracnoides","3.16"
"arancio","0.99"
"arcuata","3.16"
"areolar","3.16"
"aritenoepiglótico","3.16"
"arqueada","3.16"
"arqueado","3.16"
"arqueocorteza","3.16"
"arterial","3.16"
"arteriografía","3.16"
"arteriola","3.16"
"arterioplastia","3.16"
"arteriorrafía","3.16"
"arteriosa","3.16"
"arterioso","3.16"
"arteriotomía","3.16"
"arterotrombosis","3.16"
"articular","3.16"
"articulares","3.16"
"artrodesis","3.16"
"artrolisis","3.16"
"artroplastia","3.16"
"asa","3.16"
"ascítico","3.16"
"asinergia","3.16"
"astereognosia","3.16"
"astragalocalcáneo","3.16"
"astragaloperoneo","3.16"
"astrocitos","3.16"
"astroglía","3.16"
"aséptica","3.16"
"ataxia","3.16"
"atelectasia","3.16"
"atencional","3.16"
"aterectomía","3.16"
"atetosis","3.16"
"atetósicos","3.16"
"atlantoaxial","3.16"
"atomoxetina","3.16"
"atrio","3.16"
"atrios","3.16"
"atrioventricular","3.16"
"atáxica","3.16"
"atómico","3.16"
"atóxico","3.16"
"auerbach","0.99"
"auricular","103.00"
"auriculotemporal","3.16"
"auscultación","3.16"
"autocorrelación","3.16"
"autoinjerto","3.16"
"autosomas","3.16"
"autotransplante","3.16"
"autónomo","103.00"
"autónomos","3.16"
"avogadro","3.16"
"avulsión","3.16"
"axial","3.16"
"axiales","3.16"
"axil","3.16"
"axilar","3.16"
"axis","3.16"
"axoaxónica","3.16"
"axodendrítica","3.16"
"axolema","3.16"
"axones","3.16"
"axoplasma","3.16"
"axosomática","3.16"
"axónica","3.16"
"axónico","3.16"
"aórtico","3.16"
"aórticos","3.16"
"babinsky","0.99"
"baillarger","0.99"
"bajalenguas","3.16"
"balismo","3.16"
"bariatría","3.16"
"baritado","3.16"
"bariátrico","3.16"
"barorreceptores","3.16"
"barr","0.99"
"bartolino","0.99"
"basales","3.16"
"basilar","3.16"
"basivertebral","3.16"
"basolateral","3.16"
"baston","0.99"
"beer","0.99"
"benzodiacepina","3.16"
"benzopirenos","3.16"
"berger","0.99"
"betz","0.99"
"bicipital","3.16"
"bicúspide","3.16"
"bigelow","0.99"
"biliar","3.16"
"biliares","3.16"
"bilis","3.16"
"biocompatibilidad","3.16"
"biodurabilidad","3.16"
"biomarcadores","3.16"
"biomicroscopio","3.16"
"biopotenciales","3.16"
"bipedestación","3.16"
"blefarorrafia","3.16"
"braquial","3.16"
"braquicefálico","3.16"
"braquioradial","3.16"
"braquiorradial","3.16"
"braquiotomía","3.16"
"brazo","3.16"
"bregma","3.16"
"broca","0.99"
"broncoaspirar","3.16"
"broncodilatadores","3.16"
"broncomediastínico","3.16"
"broncoplastia","3.16"
"broncopulmonar","3.16"
"broncopulmunares","3.16"
"broncostomía","3.16"
"bronquial","3.16"
"brunner","0.99"
"buccinador","3.16"
"buccionador","3.16"
"buck","0.99"
"bucodental","3.16"
"bucofaringe","3.16"
"bucofaríngea","103.00"
"buffer","3.16"
"bulbar","3.16"
"bulbocavernoso","3.16"
"bulboesponjoso","3.16"
"bulbouretral","3.16"
"bulbouretrales","3.16"
"bupropion","3.16"
"bíceps","3.16"
"cajal","0.99"
"cajal-retzius","0.31"
"cajal-retziuz","0.31"
"calcaneocuboide","3.16"
"calcaneométatarsiano","3.16"
"calcaneonavicular","3.16"
"calcaneoperoneo","3.16"
"calcar avis","3.16"
"calcarina","3.16"
"calcarino","3.16"
"calcánea","3.16"
"calcáneo","3.16"
"calloso","3.16"
"callosomarginal","103.00"
"calot","0.99"
"calota","3.16"
"calvaria","3.16"
"camper","0.99"
"caninos","3.16"
"capitado","3.16"
"capitate","3.16"
"capitatoganchoso","3.16"
"capitulo","3.16"
"capsular","3.16"
"cardiaca","0.31"
"cardias","3.16"
"cardinal","3.16"
"cardiolisis","3.16"
"cardiomiopatía","3.16"
"cardiomiotomía","3.16"
"cardioplastia","3.16"
"cardiopulmonar","3.16"
"cardiopulmonares","3.16"
"cardios","3.16"
"cardiovasculares","3.16"
"cardioversión","3.16"
"cardiólogo","3.16"
"cardíaca","0.99"
"cardíaco","3.16"
"carina","3.16"
"cariotipo","3.16"
"carotidea","3.16"
"carotideo","3.16"
"carotideos","3.16"
"carotidotimpámico","0.31"
"carotidotimpánica","3.16"
"carotidotimpánico","0.99"
"carotídeo","3.16"
"carpiano","3.16"
"carpo","3.16"
"carpometacarpiana","3.16"
"carpometacarpiano","3.16"
"carpopiramidal","3.16"
"cartilago","3.16"
"carótida","3.16"
"carótida-vertebral","0.99"
"catecolamina","3.16"
"catecolaminas","3.16"
"catecolaminérgicas","3.16"
"catecolaminérgicos","3.16"
"cateterización","103.00"
"catódicos","3.16"
"caudado","3.16"
"cavernoso","3.16"
"caínico","3.16"
"cecal","3.16"
"cecales","3.16"
"cecocolostomía","3.16"
"cecostomía","3.16"
"cefalorraquídea","3.16"
"cefalorraquídeo","3.16"
"celiaco","3.16"
"celiostomía","3.16"
"celíaca","3.16"
"celíacos","3.16"
"centrómero","3.16"
"cerclaje","3.16"
"cerebelo","3.16"
"cerebelobulbar","3.16"
"cerebelomedular","3.16"
"cerebelosa","103.00"
"cerebelosos","3.16"
"cerebelotalámicas","3.16"
"cerebral","3.16"
"cerebrales","3.16"
"cerebroespinal","3.16"
"cerebrovascular","3.16"
"ceruleus","3.16"
"ceruminosas","3.16"
"cervical","3.16"
"cervicales","3.16"
"cervicodorsal","3.16"
"cervicofacial","3.16"
"cervicopexia","3.16"
"cervicotoracico","0.99"
"cervicototacico","0.31"
"cetosa","3.16"
"cetosis","3.16"
"cetoácido","3.16"
"charcot-bouchard","0.99"
"chiari","0.99"
"cianosis","3.16"
"cigapofisaria","3.16"
"cigomatciotemporal","0.31"
"cigomaticofacial","3.16"
"cigomaticotemporal","0.99"
"cigomática","3.16"
"cigomático","3.16"
"cigomáticos","3.16"
"ciliadas","3.16"
"ciliar","3.16"
"cilios","3.16"
"cineangiografía","3.16"
"cinematización","3.16"
"cinestesia","3.16"
"cingular","3.16"
"cinocilio","3.16"
"circunducción","3.16"
"circunfleja","3.16"
"circunvaladas","3.16"
"circunvoluciones","3.16"
"circunvolución","3.16"
"cistectomía","3.16"
"cisterna","32.25"
"cisternas","0.31"
"cistohisteropexia","3.16"
"cistopexia","3.16"
"citoarquitectura","3.16"
"citoarquitectónicas","3.16"
"citocromo","3.16"
"citoesqueleto","3.16"
"citología","3.16"
"citoquímico","3.16"
"citosina","3.16"
"citosol","3.16"
"ciática","3.16"
"ciático","3.16"
"claustro","3.16"
"clavicular","3.16"
"clavipectoral","3.16"
"clinoides","3.16"
"clivus","3.16"
"clono","3.16"
"cloquet","0.99"
"clorhexidina","103.00"
"clínicamente","3.16"
"clítoris","3.16"
"clúneos","3.16"
"coana","3.16"
"coanas","3.16"
"coccígeo","3.16"
"coclear","3.16"
"cocleares","3.16"
"codo","3.16"
"coenzima","3.16"
"coenzimas","3.16"
"colangiolo","3.16"
"colecistectomía","3.16"
"colectomía","3.16"
"coledoco","0.31"
"colinergicas","0.99"
"colinérgicas","0.31"
"colinérgico","3.16"
"colinérgicos","3.16"
"colles","0.99"
"coloidosmótica","3.16"
"colonoscopio","32.25"
"colonovideoscopio","32.25"
"colédoco","32.25"
"colíca","3.16"
"colíco","3.16"
"colícos","3.16"
"colículo","3.16"
"colículos","3.16"
"combínate","3.16"
"comisural","3.16"
"compatibilización","3.16"
"condileo","3.16"
"condileos","3.16"
"condilo","3.16"
"conducción","3.16"
"conductillo","3.16"
"conductillos","3.16"
"confocal","3.16"
"conjuntiva","3.16"
"conjuntival","3.16"
"conoideo","3.16"
"cooper","0.99"
"coracoacromial","3.16"
"coracobraquial","3.16"
"coracoclavicular","3.16"
"coracohumeral","3.16"
"coracoides","3.16"
"cordotomía","3.16"
"corea","3.16"
"coreiforme","3.16"
"coreoatetosis","3.16"
"cornete","3.16"
"corniculado","3.16"
"corniculados","3.16"
"coroidea","3.16"
"coroideas","3.16"
"coroideo","3.16"
"coroides","3.16"
"coronal","3.16"
"coronales","3.16"
"coronaria","3.16"
"coronarias","3.16"
"coronario","3.16"
"coronariopatía","3.16"
"coronarios","3.16"
"coronoidea","3.16"
"coronoideas","3.16"
"coronoides","3.16"
"corpora quadrigemina","3.16"
"corpúsculo","3.16"
"correlacionado","3.16"
"corrugado","3.16"
"corti","0.99"
"cortical","3.16"
"corticales","3.16"
"corticobulbares","3.16"
"corticoespinales","3.16"
"corticoestriadas","3.16"
"corticomedial","3.16"
"corticonucleares","3.16"
"corticoolivares","3.16"
"corticoprotuberanciales","3.16"
"corticorretinaculares","3.16"
"corticorrúbicas","0.99"
"corticorrúbricas","0.31"
"corticotectales","3.16"
"corticotropina","3.16"
"cortisol","3.16"
"costal","3.16"
"costocervical","3.16"
"costoclavicular","3.16"
"costocondral","3.16"
"costocoracoidea","3.16"
"costocoracoideo","3.16"
"costodiafragmático","3.16"
"costomediastinico","3.16"
"costovertebral","3.16"
"covalentes","3.16"
"covarianza","3.16"
"coxal","3.16"
"craneocervical","3.16"
"craneocervicales","3.16"
"cremastérica","3.16"
"cremáster","3.16"
"cribiforme","3.16"
"cribosa","3.16"
"cricoaritenoideo","3.16"
"cricoaritenoideos","3.16"
"cricofaríngeo","3.16"
"cricotiroidea","103.00"
"cricotiroideo","3.16"
"criocirugía","3.16"
"criptas","3.16"
"crista","3.16"
"croideos","3.16"
"cromatida","3.16"
"cruzado","3.16"
"cuadrangular","3.16"
"cuadrigémino","3.16"
"cuadrigéminos","3.16"
"cuartiles","3.16"
"cubitocapitado","3.16"
"cubitopiramidal","3.16"
"cuboideonavicular","3.16"
"cuboides","3.16"
"cubrebocas","3.16"
"culebrilla","3.16"
"culmen","3.16"
"cuneiforme","3.16"
"cuneocerebelosas","3.16"
"cuneocuboideo","3.16"
"cuneonavicular","3.16"
"cutánea","3.16"
"cutáneo","3.16"
"cutícula","3.16"
"cuádriceps","3.16"
"cuña","3.16"
"cymba","3.16"
"cíngulo","3.16"
"cística","3.16"
"cístico","3.16"
"cóclea","3.16"
"cólico","3.16"
"cóndilo","3.16"
"córnea","103.00"
"cúbito","3.16"
"cúpula","3.16"
"d-glucosa","0.99"
"dartos","0.99"
"darwin","0.99"
"deciles","3.16"
"declive","3.16"
"dectopectoral","0.31"
"decusación","3.16"
"decúbito","3.16"
"deferente","3.16"
"deflexiones","3.16"
"deiters","0.99"
"deltoidea","3.16"
"deltoides","3.16"
"deltopectoral","0.99"
"demarcación","3.16"
"dendrita","3.16"
"dendritas","3.16"
"dendriticas","0.31"
"dendríticas","0.99"
"denonvillers","0.99"
"dentada","3.16"
"dentado","3.16"
"dentario","3.16"
"dentarios","3.16"
"dentina","3.16"
"dentinario","3.16"
"dentinarios","3.16"
"depleción","3.16"
"depresor","3.16"
"dermatomas","3.16"
"dermatólogo","3.16"
"dermis","3.16"
"desalinización","3.16"
"descemet","0.99"
"descusación","0.31"
"desfibrilador","32.25"
"deshidratación","3.16"
"desiduo","3.16"
"desinfestación","3.16"
"desintegrativo","3.16"
"despolarización","103.00"
"dextranos","3.16"
"diafragmatica","3.16"
"diafragmaticas","3.16"
"diafragmática","3.16"
"diencéfalo","3.16"
"diferenciación","3.16"
"digastricos","0.99"
"digitaciones","3.16"
"digitales","3.16"
"digástrica","3.16"
"digástrico","3.16"
"digástricos","0.31"
"dilatado","3.16"
"dioptrías","3.16"
"diploicas","3.16"
"disartria","3.16"
"discal","3.16"
"discales","3.16"
"discinesia","3.16"
"disecciones","3.16"
"disección","3.16"
"disimetría","3.16"
"dislexia","3.16"
"disociativo","3.16"
"dispersante","3.16"
"disritmia","3.16"
"distonías","3.16"
"divertículo","3.16"
"diáfisis","3.16"
"diástole","3.16"
"diástoles","3.16"
"dopamina","3.16"
"dopaminérgico","3.16"
"doppler","32.25"
"dopplers","32.25"
"dorsal","3.16"
"dorsomedial","3.16"
"doxorrubicina","3.16"
"duodenal","103.00"
"duodenales","3.16"
"duodeno","3.16"
"duodenoyeyunal","3.16"
"duramadre","3.16"
"díploe","3.16"
"ebner","0.99"
"ecocardiografo","32.25"
"ecocardiografía","3.16"
"ecografías","3.16"
"ecotomografo","32.25"
"ectodermo","3.16"
"ectópico","3.16"
"ectópicos","3.16"
"ecífico","3.16"
"ecógrafos","32.25"
"edematizados","3.16"
"edinger-westphal","0.99"
"eferente","3.16"
"eiescleral","0.31"
"electrobisturí","32.25"
"electrocardiografo","32.25"
"electrocardiográfica","3.16"
"electrocardiográfico","3.16"
"electroencefalografía","3.16"
"electroencefalograma","3.16"
"electrofisiológico","3.16"
"electrolito","3.16"
"electroquímico","3.16"
"electrómetro","3.16"
"elevador","3.16"
"elíptico","3.16"
"emboliforme","3.16"
"emisarias","3.16"
"encefalinas","3.16"
"encefalitis","103.00"
"encefalopatía","3.16"
"encéfalo","3.16"
"encía","3.16"
"endarterectomía","3.16"
"endolinfa","3.16"
"endolinfático","3.16"
"endometrial","3.16"
"endometrio","3.16"
"endometriosis","3.16"
"endomisio","3.16"
"endoneuro","3.16"
"endopelvica","3.16"
"endopelvicas","3.16"
"endopelvico","3.16"
"endopelvicos","3.16"
"endoplasmáticos","3.16"
"endotraqueal","3.16"
"engramas","3.16"
"entalpía","3.16"
"enterostomías","3.16"
"enterovirus","3.16"
"entorrinal","3.16"
"entéricos","3.16"
"ependimal","3.16"
"ependimales","3.16"
"ependimaria","3.16"
"ependimocitos","3.16"
"epicardio","3.16"
"epicondilía","0.31"
"epicondília","0.31"
"epicondílía","0.31"
"epicraneal","3.16"
"epicólicos","3.16"
"epicóndilo","3.16"
"epicóndilos","3.16"
"epididimo","3.16"
"epidural","3.16"
"epidurales","3.16"
"epiescleral","3.16"
"epiglotis","3.16"
"epiglotitis","3.16"
"epigástrico","3.16"
"epigénesis","3.16"
"epilepsia","3.16"
"epileptógeno","3.16"
"epiloico","0.31"
"epinefrina","3.16"
"epineuro","3.16"
"epiploico","0.99"
"epiploicos","3.16"
"epiplón","3.16"
"episcleral","3.16"
"epistasia","3.16"
"epitelial","3.16"
"epiteliares","3.16"
"epitelio","3.16"
"epitimpánico","3.16"
"epitálamo","3.16"
"eponiquio","3.16"
"epoóforo","3.16"
"epéndimo","3.16"
"epífisis","3.16"
"escafa","3.16"
"escafocapitado","3.16"
"escafoidal","3.16"
"escafoidea","3.16"
"escafoides","3.16"
"escafolunar","3.16"
"escafotrapeciotrapezoideo","3.16"
"escaleno","3.16"
"escalenos","3.16"
"escapular","3.16"
"escintigrafía","3.16"
"esclera","3.16"
"escleral","103.00"
"esclerocorneal","3.16"
"esclerosis","3.16"
"escobillón","3.16"
"escotadura","3.16"
"escotaduras","3.16"
"escrotal","3.16"
"escroto","3.16"
"escápula","3.16"
"esfenoetmoidal","3.16"
"esfenoidal","3.16"
"esfenoides","3.16"
"esfenomandibular","3.16"
"esfenooccipital","3.16"
"esfenopalatina septal-palatina mayor","3.16"
"esfenopalatino","3.16"
"esfenoparietal","3.16"
"esfigmomanómetro","3.16"
"esfinter","3.16"
"esfínter","3.16"
"esmalte","3.16"
"esofagitis","103.00"
"esofagogástrica","3.16"
"esofágica","3.16"
"esofágicas","3.16"
"esofágico","3.16"
"espasticidad","3.16"
"espermatogénesis","3.16"
"espermática","3.16"
"espermáticas","3.16"
"espermático","3.16"
"espina","3.16"
"espinal","3.16"
"espinales","3.16"
"espinocerebelo","3.16"
"espinoespinales","3.16"
"espinosa","3.16"
"espinoso","3.16"
"espinoumbilical","3.16"
"espiral","3.16"
"espiratorio","3.16"
"espirometro","32.25"
"esplenectomía","3.16"
"esplenio","3.16"
"esplenogástrico","3.16"
"esplenomesentérico","3.16"
"esplenorrenal","3.16"
"esplácnico","3.16"
"esplácnicos","3.16"
"esplénica","3.16"
"espolón","3.16"
"espástico","3.16"
"espéculo","3.16"
"estapedio","3.16"
"estenosis","3.16"
"estequiométricas","3.16"
"estereocilios","3.16"
"estereognosia","3.16"
"esterilizante","3.16"
"esternal","3.16"
"esternoclavicular","103.00"
"esternocleidomastoidea","3.16"
"esternocleidomastoideo","3.16"
"esternocleidomastoideos","3.16"
"esternocostal","3.16"
"esternocostales","3.16"
"esternotomía","3.16"
"esternón","3.16"
"estilohioideo","3.16"
"estiloides","3.16"
"estilomandibular","3.16"
"estilomastoideo","3.16"
"estimulación","3.16"
"estratificado","3.16"
"estrellado","3.16"
"estreptoquinasa","3.16"
"estriado","3.16"
"estriatofrontales","3.16"
"estribo","3.16"
"estrionígrico","0.31"
"estrionírgico","0.99"
"estriopalides","3.16"
"estroma","3.16"
"estría","3.16"
"estrógenos","3.16"
"estómago","3.16"
"etiología","3.16"
"etmoidal","3.16"
"etmoides","3.16"
"etologia","3.16"
"eucariota","3.16"
"eustaquio","0.99"
"eversión","3.16"
"evertido","3.16"
"exangineotransfusión","3.16"
"exantema","3.16"
"excitotoxinas","3.16"
"excretor","3.16"
"excretores","3.16"
"expiración","3.16"
"exteroreceptores","3.16"
"extracelular","3.16"
"extradural","3.16"
"extrafusales","3.16"
"extraperitoneal","3.16"
"extraperitoneales","3.16"
"extrapulmonares","3.16"
"extravasculares","3.16"
"falange","3.16"
"falanges","3.16"
"falciforme","3.16"
"falciformes","3.16"
"falopio","0.99"
"falángicas","3.16"
"faringe","3.16"
"faringobasilar","3.16"
"faringoepiglótico","103.00"
"faringoesofágica","3.16"
"faringolaríngeas","3.16"
"faringopalatino","3.16"
"faringotimpánica","3.16"
"farmacocinética","3.16"
"farmacovigilancia","3.16"
"faríngea","3.16"
"faríngeo","3.16"
"fascia","3.16"
"fasciales","3.16"
"fascias","3.16"
"fascículo","3.16"
"fascículos","3.16"
"fauces","3.16"
"femoral","3.16"
"femúr","3.16"
"fenestrada","3.16"
"fenilalanina","3.16"
"fenobarbital","3.16"
"ferromagnetismo","3.16"
"fibrocolonoscopio","32.25"
"fibroduodenoscopio","32.25"
"fibroelasticas","3.16"
"fibromuscular","3.16"
"fibropanendoscopio","32.25"
"fibroscopio","32.25"
"fibroso","3.16"
"filetes","3.16"
"filiformes","3.16"
"filogenia","3.16"
"filogenéticas","3.16"
"filum","3.16"
"fimbria","3.16"
"fimbriado","3.16"
"fisiológicamente","3.16"
"fisiopatología","3.16"
"fisura","3.16"
"flanco","3.16"
"flexor","3.16"
"flexores","3.16"
"flundificatura","3.16"
"fluoresceína","3.16"
"fluoroscopia","3.16"
"flóculo","3.16"
"foliadas","3.16"
"folium","3.16"
"folículo","3.16"
"foniatra","3.16"
"fontanela","3.16"
"forel","0.99"
"fornix","3.16"
"fosfodiéster","3.16"
"fosfolípido","3.16"
"fosforilación","3.16"
"fosita","3.16"
"fotocurado","32.25"
"fotorreceptora","3.16"
"fotorreceptoras","3.16"
"fotosintéticos","3.16"
"frenicoabdominales","3.16"
"frenillo","3.16"
"frenocólico","3.16"
"frenoesofágico","3.16"
"frontal","3.16"
"frontobasal","3.16"
"frontoluz","32.25"
"frontonasal","3.16"
"frénico","3.16"
"fundiforme","3.16"
"fundoplicatura","3.16"
"fundus","3.16"
"fungiforme","3.16"
"fungiformes","3.16"
"fusiforme","3.16"
"fístulas","3.16"
"fóbicos","3.16"
"fóceps","0.31"
"fórceps","0.99"
"fórnix","3.16"
"fóvea","3.16"
"galactóforo","3.16"
"galea","3.16"
"galli","3.16"
"galvanómetro","3.16"
"gancho","3.16"
"ganchoso","3.16"
"ganglio","3.16"
"ganglionares","3.16"
"gartner","0.99"
"gasser","0.99"
"gastoomental","0.31"
"gastrocólico","3.16"
"gastroduodenal","3.16"
"gastroenterocolitis","3.16"
"gastroenterólogo","3.16"
"gastroepiploica","3.16"
"gastroepiploico","3.16"
"gastroepiploicos","3.16"
"gastroesofágica","3.16"
"gastroesofágico","3.16"
"gastroesplénico","3.16"
"gastroomental","3.16"
"gastroomentales","3.16"
"gastropancreático","3.16"
"gatner","0.99"
"geniculado","3.16"
"genitofemural","3.16"
"gennari","0.99"
"gerdy","0.99"
"geriatra","3.16"
"gerota","0.99"
"gimbernat","0.99"
"gingival","3.16"
"gingiviales","3.16"
"gitter cells","0.99"
"glasgow","0.99"
"glaucoma","3.16"
"glenohumeral","3.16"
"glenoidea","3.16"
"glenoideo","3.16"
"glicógeno","3.16"
"gliosis","3.16"
"globoso","3.16"
"glomerular","3.16"
"glomérulo","3.16"
"glomérulos","3.16"
"glosoepiglótico","103.00"
"glosofaríngeo","3.16"
"glosopalatino","3.16"
"glucagón","3.16"
"glucogeno","3.16"
"glucogenolisis","3.16"
"glucogénesis","3.16"
"gluconato","3.16"
"gluconeogénesis","3.16"
"glucosadas","3.16"
"glucosado","3.16"
"glucosalinas","3.16"
"glucosalino","3.16"
"glucólisis","103.00"
"glándula","3.16"
"glándulas","3.16"
"glía","3.16"
"glútea","3.16"
"glúteas","3.16"
"glúteo","3.16"
"glúteos","3.16"
"golgi","0.99"
"gonadotropina","3.16"
"granulación","3.16"
"granular","3.16"
"gromérulo","0.31"
"grácil","3.16"
"gubernáculo","3.16"
"gástrica","3.16"
"gástricas","3.16"
"gástrico","3.16"
"gástricos","3.16"
"gónadas","3.16"
"habenular","3.16"
"habénula","3.16"
"habénulares","3.16"
"hallux","0.99"
"halluz","0.31"
"halógeno","3.16"
"hamate","3.16"
"hardy-weinberg","0.99"
"hartmann","0.99"
"haustra","3.16"
"haz","3.16"
"heiss","0.99"
"helicasas","3.16"
"helicotrema","3.16"
"heller","0.99"
"hematocrito","3.16"
"hematoencefalica","3.16"
"hematoma","3.16"
"hematopoyesis","3.16"
"hemianopsia","3.16"
"hemibalismo","3.16"
"hemiparesia","3.16"
"hemiplejía","3.16"
"hemisección","3.16"
"hemisferio","3.16"
"hemitímpano","3.16"
"hemivida","3.16"
"hemo","3.16"
"hemocultivo","3.16"
"hemodinámicas","3.16"
"hemodiálisis","32.25"
"hemolizar","3.16"
"hemorrágico","3.16"
"hemotórax","3.16"
"hendidura","3.16"
"henle","0.99"
"heparinice","3.16"
"hepatoduodenal","3.16"
"hepatogástrico","3.16"
"hepatopancreática","3.16"
"hepatorrenal","3.16"
"hepático","3.16"
"hepáticos","3.16"
"hepátvico","0.31"
"hering","0.99"
"hering-breuer","0.99"
"hernia","3.16"
"herring","0.99"
"herófilos","0.99"
"heschl","0.99"
"heubner","0.99"
"hiato","3.16"
"hibridación","3.16"
"hidratación","3.16"
"hidrocarbonado","3.16"
"hidrocefalia","3.16"
"hidroneumomediastino","3.16"
"hidroneumotórax","3.16"
"hidrosolubles","3.16"
"hidrostática","3.16"
"hidrotórax","3.16"
"hidrófilo","3.16"
"hidrófobo","3.16"
"hidátide","3.16"
"hiliares","3.16"
"hilio","3.16"
"himen","3.16"
"hioepiglótico","0.99"
"hioepiglótivo","0.31"
"hioideo","3.16"
"hioideos","0.99"
"hioides","3.16"
"hiperactivo","3.16"
"hiperacusia","3.16"
"hiperalgesia","0.99"
"hiperalimentación","3.16"
"hiperclorémica","3.16"
"hiperextensión","3.16"
"hiperhidratación","3.16"
"hiperkalemia","3.16"
"hiperosmolar","3.16"
"hiperosmolares","3.16"
"hiperosmolaridad","3.16"
"hiperplasia","3.16"
"hiperplásico","3.16"
"hiperpolarización","3.16"
"hiperquimetricos","3.16"
"hipersomnias","3.16"
"hipertemófilos","3.16"
"hipertrófica","3.16"
"hipertónicas","3.16"
"hipertónico","3.16"
"hipoalbuminemia","3.16"
"hipocampo","3.16"
"hipocloremias","3.16"
"hipocondrío","3.16"
"hipocretinas","3.16"
"hipofisaria","3.16"
"hipofisario","3.16"
"hipofisarios","3.16"
"hipoglicemia","3.16"
"hipogloso","3.16"
"hipogástrica","3.16"
"hipogástrico","3.16"
"hiponatremia","3.16"
"hipotalamoespinales","3.16"
"hipotalamohipofisiario","3.16"
"hipotalámica","3.16"
"hipotalámico","3.16"
"hipotenar","3.16"
"hipotálamo","3.16"
"hipotónicas","3.16"
"hipotónico","3.16"
"hipovolemia","3.16"
"hipófisis","3.16"
"hipóxicos","3.16"
"hirschsprung","0.99"
"histaminérgicas","3.16"
"histaminérgicos","3.16"
"histerosalpingografía","3.16"
"histoquímicos","3.16"
"holándrica","3.16"
"homeostasis","3.16"
"homologos","3.16"
"homúnculo","3.16"
"hormonoterapia","3.16"
"houston","0.99"
"hoz","3.16"
"huesecillos","3.16"
"humerales","3.16"
"huntington","0.99"
"hélix","3.16"
"hídrica","3.16"
"iboténico","3.16"
"ileal","3.16"
"ileocecal","3.16"
"ileocólico","3.16"
"iliocecal","3.16"
"iliocólicos","3.16"
"iliofemoral","103.00"
"iliohipogástrico","3.16"
"ilioinguinal","3.16"
"iliolumbar","3.16"
"ilion","3.16"
"iliopectinía","0.31"
"iliopectínea","0.99"
"iliopsoas","3.16"
"iliopubica","3.16"
"iliopubico","3.16"
"iliotibial","3.16"
"ilíaca","3.16"
"ilíaco","3.16"
"ilíacos","3.16"
"imagenológicos","3.16"
"imagocida","3.16"
"imo","3.16"
"imos","3.16"
"impregnación","3.16"
"incisiva","3.16"
"incisivo","3.16"
"incisivos","3.16"
"incudoestapedial","3.16"
"inducción","3.16"
"inervación","3.16"
"infantojuvenil","3.16"
"infectólogo","3.16"
"inferolateral","3.16"
"inferoposterior","3.16"
"infestación","3.16"
"infradiafragmática","3.16"
"infradiafragmáticas","3.16"
"infradiafragmático","3.16"
"infradiafragmáticos","3.16"
"infraespinosa","3.16"
"infraespinoso","3.16"
"infraespinosos","3.16"
"infraglenoideo","3.16"
"infrahioidea","3.16"
"infrahioideo","3.16"
"infrahioideos","3.16"
"infraorbitaria","3.16"
"infraorbitario","3.16"
"infrarrotuliana","3.16"
"infrarrotuliano","103.00"
"infratemporal","3.16"
"infratroclear","3.16"
"infundibular","103.00"
"infundíbulo","3.16"
"inguinal","3.16"
"inmunihistoquímicos","0.99"
"inmunohistoquímicos","0.31"
"inmunosupresores","3.16"
"inmunosuprimido","3.16"
"inmunólogo","3.16"
"inspiratorio","3.16"
"insulinoide","3.16"
"intensificador","3.16"
"interalveolares","3.16"
"interaritenoidea","3.16"
"interarticular","3.16"
"interatrial","3.16"
"interauricular","3.16"
"interaxilar","3.16"
"intercarpiano","3.16"
"intercavernosa","3.16"
"intercavernoso","3.16"
"interciliar","3.16"
"intercistobraquial","0.31"
"interclavicular","3.16"
"intercolumnar","3.16"
"intercolumnares","3.16"
"intercondral","3.16"
"intercondrales","3.16"
"intercondílea","3.16"
"intercondíleas","3.16"
"intercostal","3.16"
"intercostales","3.16"
"intercostobraquial","0.99"
"intercuneiforme","3.16"
"interdentarios","3.16"
"interdigitantes","3.16"
"interesfinteriano","3.16"
"interespinoso","3.16"
"interfalángica","3.16"
"interfalángicas","3.16"
"interfalángicos","3.16"
"interfascicular","3.16"
"interglobular","3.16"
"interglobulares","3.16"
"interglútea","3.16"
"interlobular","0.99"
"interlobulat","0.31"
"intermediolateral","3.16"
"intermesenterico","0.31"
"intermesentérico","0.99"
"intermetacarpiana","3.16"
"intermoleculares","3.16"
"interneuronas","3.16"
"internodulares","3.16"
"interoceptores","3.16"
"interoseo","3.16"
"interpectorales","3.16"
"interpenduncular","3.16"
"interplexiforme","3.16"
"interproximal","3.16"
"interproximales","3.16"
"intersigmoideo","3.16"
"intertalámica","3.16"
"intertendinosa","3.16"
"intertransverso","3.16"
"intertrocantérea","3.16"
"intertrocantéria","3.16"
"intertrocantérica","3.16"
"intertrocantéricas","3.16"
"intertrágica","3.16"
"intertubercular","3.16"
"interuretérico","3.16"
"interutérica","3.16"
"interventricula","0.31"
"interventricular","32.25"
"intervertebral","103.00"
"interósea","3.16"
"intestinal","3.16"
"intestinales","3.16"
"intraarticular","3.16"
"intracorticales","3.16"
"intraculmen","3.16"
"intrafusales","3.16"
"intrahepático","3.16"
"intrahepáticos","3.16"
"intralobulillar","103.00"
"intralobulillares","3.16"
"intramuscular","3.16"
"intraparietal","3.16"
"intraperitoneal","3.16"
"intrapial","3.16"
"intrapulmonar","3.16"
"intrapulmonares","3.16"
"intrarrenales","3.16"
"intratimpánica","3.16"
"intravascular","3.16"
"intraósea","3.16"
"intrón","3.16"
"intumescencia","3.16"
"intumescencias","3.16"
"iridocorneal","3.16"
"irrigación","3.16"
"isoenzimas","3.16"
"isomaltasa","3.16"
"isotonicidad","3.16"
"isovolémica","3.16"
"isquemia","3.16"
"isquioanal","3.16"
"isquioanales","3.16"
"isquiocavernoso","3.16"
"isquiocondilea","3.16"
"isquiofemoral","3.16"
"isquiopubiana","3.16"
"isquiotibial","3.16"
"isquiática","3.16"
"isquémico","3.16"
"itsmo","3.16"
"jacksoniana","3.16"
"jacksonianas","3.16"
"kallmann","0.99"
"keratina","3.16"
"keratinas","3.16"
"kerckring","0.99"
"kohn","0.99"
"labbé","0.99"
"labial","3.16"
"labiales","3.16"
"labiobucal","3.16"
"labioescrotal","3.16"
"lacrimal","3.16"
"lactasa","3.16"
"lagrimal","3.16"
"lagunar","3.16"
"laimer","0.99"
"laminina","3.16"
"laparoscopia","32.25"
"laparoscopía","3.16"
"laparotomía","3.16"
"laringeo","0.31"
"laringeos","0.31"
"laringofaringeo","3.16"
"laringofaríngeo","3.16"
"laringotraqueal","3.16"
"larvicida","3.16"
"laríngeo","0.99"
"laríngeos","0.99"
"lata","3.16"
"lecho","3.16"
"lemnisco","3.16"
"lenticular","3.16"
"lenticuloestriada","3.16"
"lentiforme","3.16"
"leptina","3.16"
"leptomeninges","3.16"
"leucotimía","0.31"
"leucotomía","0.99"
"lidocaína","3.16"
"lieberkühm","0.99"
"ligamento","3.16"
"ligamentos","3.16"
"limbo","3.16"
"limen","3.16"
"linea splendens","0.31"
"linea splendes","0.31"
"linfático","3.16"
"linfáticos","3.16"
"lingual","3.16"
"linguales","3.16"
"lingular","3.16"
"lipasa","3.16"
"lipofusina","3.16"
"lipoproteínas","3.16"
"liposomal","3.16"
"lobular","3.16"
"lobulillar","3.16"
"lobulillo","3.16"
"lobulillos","3.16"
"locus","3.16"
"locus caeruleus","0.99"
"lubricación","3.16"
"lumbar","3.16"
"lumbocostal","3.16"
"lumbosacra","3.16"
"lumbosacro","3.16"
"lunate","3.16"
"luschka","0.99"
"luteinizante","3.16"
"luz","3.16"
"língula","3.16"
"lóbulo","3.16"
"lóbulos","3.16"
"lúnula","3.16"
"lúteo","3.16"
"macromoléculas","3.16"
"macroscópica","3.16"
"magendie","10.10"
"magnetoencefalografía","3.16"
"magno","3.16"
"maleolar","3.16"
"maloclusiones","3.16"
"malpighi","0.99"
"maltasa","3.16"
"maléolo","3.16"
"mamarias","3.16"
"mamilar","3.16"
"mamilares","3.16"
"mamilotalámico","3.16"
"mamilotegmental","3.16"
"mamografo","32.25"
"mandibular","3.16"
"mandibulares","3.16"
"mandíbula","3.16"
"manubrio","3.16"
"manubrioesternal","3.16"
"marcapasos","3.16"
"marginales","3.16"
"martillo","3.16"
"martinotti","0.99"
"masetérica","0.99"
"masetérico","3.16"
"masetérics","0.31"
"mastoideo","3.16"
"mastoideos","3.16"
"matriz","3.16"
"maxilar","103.00"
"maxilofacial","3.16"
"mcburney","0.99"
"mecanorreceptor","3.16"
"mecanorreceptores","3.16"
"mediastinitis","3.16"
"mediastino","3.16"
"mediastínico","3.16"
"mediastínicos","3.16"
"medioclavicular","3.16"
"mediopaladar","3.16"
"medular","3.16"
"medulares","3.16"
"megacolon","3.16"
"meissner","0.99"
"melanocito","3.16"
"melatonina","3.16"
"membranosa","3.16"
"mendel","0.99"
"meninge","3.16"
"meninges","3.16"
"meningocele","3.16"
"meningohipofisiario","3.16"
"meniscales","3.16"
"menisco","3.16"
"meniscofemoral","3.16"
"mentoniana","103.00"
"mentoniano","3.16"
"meníngea","3.16"
"meníngeas","3.16"
"meníngeo","3.16"
"meníngeos","3.16"
"meprobramato","3.16"
"merkel","0.99"
"mesencefálico","3.16"
"mesencéfalo","3.16"
"mesentericoparietal","3.16"
"mesentericopericárdiaco","3.16"
"mesenterio","103.00"
"mesentérica","3.16"
"mesentérico","103.00"
"mesentéricos","3.16"
"mesoapéndice","3.16"
"mesoaxón","3.16"
"mesoclavicular","3.16"
"mesocolon","3.16"
"mesocólica","3.16"
"mesoepitelial","3.16"
"mesometrio","3.16"
"mesonéfrico","3.16"
"mesoovario","3.16"
"mesosálpinx","3.16"
"mesotelial","3.16"
"mesénquima","3.16"
"mesófilos","3.16"
"metaboliza","3.16"
"metacarpiana","3.16"
"metacarpiano","3.16"
"metacarpianos","3.16"
"metacarpo","3.16"
"metacarpofalángica","3.16"
"metacarpofalángico","3.16"
"metatarsiana","3.16"
"metatarsiano","3.16"
"metatarsianos","3.16"
"metencéfalo","3.16"
"metilación","3.16"
"metilfenidato","3.16"
"metáfisis","3.16"
"meyer","0.99"
"meynert","0.99"
"meñique","3.16"
"miastenia","3.16"
"micelas","3.16"
"miceliales","3.16"
"microaerófilos","3.16"
"microbiología","3.16"
"microbiólogo","3.16"
"microbiólogos","3.16"
"microcontrolador","3.16"
"microfilamentos","3.16"
"microglia","3.16"
"microgliocitos","3.16"
"microtúbulos","3.16"
"microvellosidades","3.16"
"midriasis","3.16"
"midriático","3.16"
"mielencéfalo","3.16"
"mielina","3.16"
"mielomeningocele","3.16"
"mientérico","103.00"
"milohioidea","3.16"
"milohioideo","3.16"
"mioclono","3.16"
"mioclonía","3.16"
"miocárdica","3.16"
"miodolo","3.16"
"miología","3.16"
"miometrio","3.16"
"miopatía","3.16"
"miosina","3.16"
"miosis","3.16"
"miotomía","3.16"
"miotática","3.16"
"miriápodo","3.16"
"mitocondrias","3.16"
"mitrales","3.16"
"modiolo","3.16"
"molar","3.16"
"molares","3.16"
"monitorización","3.16"
"monoaminas","3.16"
"monofásico","3.16"
"monoplejía","3.16"
"monosacáridos","3.16"
"monro","0.99"
"morgagni","0.99"
"morison","0.99"
"motoneuronas","3.16"
"mucoides","3.16"
"multidisciplinar","3.16"
"musculocutáneo","3.16"
"musculofasciales","3.16"
"musculofrénica","3.16"
"mutismo","3.16"
"mácula","3.16"
"ménière","0.99"
"müller","0.99"
"nalga","3.16"
"narcolepsia","3.16"
"narina","3.16"
"narinas","3.16"
"nariz","3.16"
"nasal","3.16"
"nasiòn","0.31"
"nasión","0.99"
"nasociliar","103.00"
"nasoentérica","3.16"
"nasofaringe","3.16"
"nasofaringolaringoscopía","3.16"
"nasogástrica","3.16"
"nasolabial","3.16"
"nasolagrimal","3.16"
"nasopalatino","3.16"
"nasoóptico","3.16"
"navicular","3.16"
"ncerebrovascular","3.16"
"nebulizaciones","3.16"
"nefrectomía","3.16"
"nefrona","3.16"
"nefronas","3.16"
"nefrógena","3.16"
"nefrólogo","3.16"
"neocerebeloso","3.16"
"neocorteza","3.16"
"neonatos","3.16"
"neonatólogo","3.16"
"neruomodulador","0.31"
"nervus conarii","3.16"
"neuglucogénesis","3.16"
"neumatáxico","3.16"
"neumoencefalografía","3.16"
"neumonólogo","3.16"
"neumólogo","3.16"
"neuralgia","3.16"
"neurilema","3.16"
"neuritas","3.16"
"neuroanatómica","3.16"
"neuroanatómicas","3.16"
"neurobiológica","3.16"
"neuroblastos","3.16"
"neuroectodermo","3.16"
"neuroendocrinologia","3.16"
"neuroepitelio","3.16"
"neurofibrilarovillo","3.16"
"neurofibrillas","3.16"
"neurofilamentos","3.16"
"neuroglia","3.16"
"neurogliocitos","3.16"
"neurohipófisis","3.16"
"neurohistológicas","3.16"
"neuroléptico","103.00"
"neuroma","3.16"
"neuromelanina","3.16"
"neuromodulador","32.25"
"neuromuscular","3.16"
"neuropatía","3.16"
"neuropediatra","3.16"
"neuroporos","3.16"
"neuroquímica","3.16"
"neurosecretoras","3.16"
"neurosensoriales","3.16"
"neurotendinoso","3.16"
"neurotransmisor","3.16"
"neurulación","3.16"
"neurógena","3.16"
"neurómeros","3.16"
"neurópilo","3.16"
"nigroestriadas","3.16"
"nilsen","0.99"
"nissl","0.99"
"nistagmo","3.16"
"nocireceptores","3.16"
"nodoso","3.16"
"nodulillo","3.16"
"nodulillos","3.16"
"noradrenalina","3.16"
"noradrenérgicos","3.16"
"norepinefrina","3.16"
"normocoloreado","3.16"
"notocorda","3.16"
"nucal","3.16"
"nucleólo","3.16"
"nucleótido","3.16"
"nucleótidos","3.16"
"nutricia","3.16"
"nutricias","3.16"
"nutricio","3.16"
"nutricional","3.16"
"nutricios","3.16"
"nutriólogo","3.16"
"nódulo","3.16"
"nódulos","3.16"
"obliterado","3.16"
"obstructiva","3.16"
"obturado","3.16"
"obturador","3.16"
"obturadores","3.16"
"obturatriz","3.16"
"obturatriz-púbica","3.16"
"occipital","3.16"
"occipitoatloaxoidea","3.16"
"occipitofrontal","3.16"
"occipitotemporal","3.16"
"ocular","3.16"
"oculomotara","0.31"
"oculomotor","3.16"
"oculomotora","3.16"
"odontoblástica","3.16"
"odontograma","3.16"
"odontoides","3.16"
"oftalmoplejía","3.16"
"oftalmólogo","3.16"
"oftálmica","3.16"
"oftálmico","3.16"
"olfatonio","3.16"
"olfatonios","3.16"
"olfatoria","3.16"
"olfatório","3.16"
"oligodendrocitos","103.00"
"oliopectínea","3.16"
"olivocerebelosas","3.16"
"olécranon","3.16"
"ombligo","3.16"
"omental","3.16"
"omentales","3.16"
"omenton","3.16"
"oncogén","3.16"
"oncólogo","3.16"
"oncótica","3.16"
"ontogenia","3.16"
"onuf","0.99"
"oort","0.99"
"operón","3.16"
"opistotonos","3.16"
"optocinético","0.31"
"optocinéticos","0.99"
"opérculo","3.16"
"ora","3.16"
"orbicula","0.99"
"orbicular","0.31"
"orbitaria","3.16"
"orbitofrontal","3.16"
"orbículo","3.16"
"oreja","3.16"
"orejuela","3.16"
"organelas","3.16"
"organelos","3.16"
"orofarínge","3.16"
"orotraqueal","3.16"
"ortotónico","3.16"
"osmolaridad","103.00"
"osteocillos","3.16"
"osteocito","3.16"
"osteofibroso","3.16"
"osteología","3.16"
"osteomeatal","3.16"
"osteomusculares","3.16"
"osteopatía","3.16"
"otolítica","3.16"
"otorrinolaringología","3.16"
"otorrinolaringólogo","3.16"
"otoscópica","3.16"
"oval","3.16"
"ovogénesis","3.16"
"oxidas","0.31"
"oxidasa","0.99"
"oxidativa","3.16"
"oximetros","32.25"
"oxitocina","3.16"
"pacchioni","0.99"
"pacini","0.99"
"paladar","3.16"
"palatina","3.16"
"palatino","3.16"
"palatinos","3.16"
"palatofaríngeo","3.16"
"palatogloso","3.16"
"palidotalámicas","0.99"
"palio","3.16"
"palmar","3.16"
"palmares","3.16"
"palpebral","103.00"
"palpebrales","3.16"
"pampiniforme","103.00"
"pancreatoduodenal","3.16"
"pancreatoduodenales","3.16"
"pancreática","3.16"
"pancreático","3.16"
"pancreáticos","3.16"
"panendoscopio","32.25"
"papez","0.99"
"papila","3.16"
"papilar","3.16"
"papilas","3.16"
"papiledema","3.16"
"paraaórtico","3.16"
"parabraquial","3.16"
"paracentral","103.00"
"paracólico","3.16"
"paracólicos","3.16"
"paradidimo","3.16"
"paraduodenal","3.16"
"paraesternal","3.16"
"paraesternales","3.16"
"parahipocámpica","3.16"
"paramediana","3.16"
"paramesonéfrico","3.16"
"paranasal","3.16"
"paranasales","3.16"
"paraolfatoria","3.16"
"pararectal","3.16"
"parasagital","3.16"
"parasellar","3.16"
"parasimpatica","3.16"
"parasimpaticas","3.16"
"parasimpatico","3.16"
"paratiroides","3.16"
"paraumbilical","3.16"
"parauretral","3.16"
"parauretrales","3.16"
"paraventricular","103.00"
"paravertebral","3.16"
"paravesical","3.16"
"parenteral","3.16"
"parietal","3.16"
"parietales","3.16"
"parietoccipital","3.16"
"parietooccipital","3.16"
"parotideo","3.16"
"parotiditis","3.16"
"parotídea","3.16"
"parotídeo","3.16"
"parotídeos","3.16"
"parotído","3.16"
"paroóforo","3.16"
"parvocelular","3.16"
"parénquima","3.16"
"parótida","3.16"
"passavant","0.99"
"patogénicas","3.16"
"patología","3.16"
"pecten","3.16"
"pectoral","3.16"
"pectorales","3.16"
"pectínea","3.16"
"pectíneo","0.31"
"pectínio","0.99"
"pedículo","3.16"
"pelvis","3.16"
"pelúcido","3.16"
"penacho","3.16"
"pendunculoprotuberancial","3.16"
"pendúculo","0.99"
"pendúculos","0.99"
"pendúnculo","0.31"
"pendúnculos","0.31"
"pentavalente","3.16"
"peptidérgicos","3.16"
"percentiles","3.16"
"percutánea","3.16"
"perforante","3.16"
"perfusión","3.16"
"periamigdalina","3.16"
"perianal","3.16"
"periarterial","3.16"
"pericallosa","3.16"
"pericardial","3.16"
"pericardio","3.16"
"pericardiofrénica","3.16"
"pericardiofrénicos","3.16"
"pericoroidal","3.16"
"pericráneo","3.16"
"pericárdica","3.16"
"pericárdico","3.16"
"pericárdicos","3.16"
"periglandular","103.00"
"perilinfa","3.16"
"perilinfático","3.16"
"perimisio","3.16"
"perimuscular","3.16"
"perineal","3.16"
"perineales","3.16"
"perineopélvico","3.16"
"periné","3.16"
"periodonto","3.16"
"periostio","3.16"
"periportal","3.16"
"perirrenal","3.16"
"perisinusoidales","3.16"
"peritoneal","3.16"
"peritoneo","3.16"
"periuretral","3.16"
"periuretrales","3.16"
"periuretéricas","3.16"
"perivascular","3.16"
"perivasculares","3.16"
"perivenulares","3.16"
"periórbita","3.16"
"perióstica","3.16"
"peronea","3.16"
"peroneo","3.16"
"peroné","3.16"
"petit","0.99"
"petroescamosa","3.16"
"petrofaríngeo","3.16"
"petrosa","3.16"
"petroso","3.16"
"petrotimpanico","3.16"
"peyer","0.99"
"pezón","3.16"
"pezónes","3.16"
"pia-aracnoides","3.16"
"pial","3.16"
"piamadre","3.16"
"pick","0.99"
"pieloplastia","3.16"
"pilares","3.16"
"pilorica","3.16"
"pilórico","3.16"
"pilóricos","3.16"
"pineal","3.16"
"piramidal","3.16"
"piramidocapitado","3.16"
"piramidoganchoso","3.16"
"piriforme","3.16"
"pirimidinas","3.16"
"pirogénicos","3.16"
"pirúvico","3.16"
"pisiforme","3.16"
"pituitaria","3.16"
"plantar","3.16"
"plasmalema","3.16"
"plasminógeno","3.16"
"platisma","3.16"
"pleura","3.16"
"pleurales","3.16"
"plexo","3.16"
"plexos","3.16"
"polimerasa","3.16"
"polimerizada","3.16"
"polimodales","3.16"
"polipéptido","3.16"
"politraumatismo","3.16"
"politraumatizados","3.16"
"polivinilo","3.16"
"pontina","3.16"
"pontocerebelo","3.16"
"pontomesencefálica","3.16"
"poplítea","3.16"
"poplíteo","3.16"
"poplíteos","3.16"
"portaespátula","3.16"
"portal","3.16"
"portocava","3.16"
"poscavo","3.16"
"poscentral","3.16"
"posganglionares","3.16"
"postnatal","3.16"
"postoperatorio","3.16"
"postoperatorios","3.16"
"postrema","3.16"
"poupart","0.99"
"poupinel","32.25"
"preamplificador","3.16"
"preanal","3.16"
"preanalítica","3.16"
"preaórtico","3.16"
"preaórticos","3.16"
"precancerosas","3.16"
"precava","3.16"
"prececal","3.16"
"prececales","3.16"
"precentral","3.16"
"precerebelosa","3.16"
"precuña","3.16"
"prefrontal","3.16"
"prefundidas","3.16"
"preganglionar","3.16"
"preganglionares","3.16"
"premolar","3.16"
"premolares","3.16"
"prenatal","3.16"
"preoccipital","3.16"
"prepilórica","3.16"
"prepucial","3.16"
"prepucio","3.16"
"prerectal","3.16"
"prerotuliana","3.16"
"presacra","103.00"
"presacro","3.16"
"pretectal","3.16"
"pretectum","3.16"
"pretraqueal","3.16"
"pretraqueales","3.16"
"prevertebral","3.16"
"prevesical","3.16"
"preóptica","3.16"
"primordio","3.16"
"priones","3.16"
"profago","3.16"
"prolactina","3.16"
"promontorio","3.16"
"promotor","3.16"
"pronado","3.16"
"pronador","3.16"
"prono","3.16"
"propioespinales","3.16"
"prosencéfalo","3.16"
"prosopagnosia","3.16"
"prostatectomía","3.16"
"prostático","3.16"
"proteasas","3.16"
"protoplasmático","3.16"
"protrusión","3.16"
"protéica","3.16"
"prócer","3.16"
"próstata","3.16"
"psicoendocrinologia","3.16"
"psicopedagógica","3.16"
"psicosociales","3.16"
"psicoterapéutico","3.16"
"psicrófilos","3.16"
"psoas","3.16"
"pterigoidea","3.16"
"pterigoideo","3.16"
"pterigoides","3.16"
"pterigomandibular","3.16"
"pterigomaxilar","3.16"
"pterigopalatina","3.16"
"pterigopalatino","3.16"
"pterión","103.00"
"pubis","3.16"
"pubocervical","3.16"
"pubococcígeo","3.16"
"pubofemoral","3.16"
"puboprostático","3.16"
"puborectal","3.16"
"pubovesical","3.16"
"pudenda","3.16"
"pudendo","3.16"
"pugilística","3.16"
"pulgar","3.16"
"pulmones","3.16"
"pulpa","3.16"
"pulposo","103.00"
"pulvinar","3.16"
"pulvinares","3.16"
"punción","3.16"
"pupila","103.00"
"purinas","3.16"
"purkinje","0.99"
"pus","3.16"
"putamen","3.16"
"pálido","3.16"
"páncreas","3.16"
"párpado","103.00"
"párpados","3.16"
"pélvica","3.16"
"pélvico","3.16"
"péptido","3.16"
"péptidos","3.16"
"píloro","3.16"
"púbico","3.16"
"púlsatil","3.16"
"quiasma","3.16"
"quiasmas","3.16"
"quilomicrón","3.16"
"quimioprofilaxis","3.16"
"quiral","3.16"
"quirófano","3.16"
"quirófanos","3.16"
"quirúrgico","3.16"
"radiado","3.16"
"radiculares","3.16"
"radiocapitado","3.16"
"radiocarpiana","3.16"
"radiocarpiano","3.16"
"radiocubital","103.00"
"radiodiagnóstico","3.16"
"radioescafocapitado","3.16"
"radiolunar","3.16"
"radiológicamente","3.16"
"radiopaco","3.16"
"radiotransparente","3.16"
"rafe","3.16"
"ranvier","0.99"
"raquídeo","3.16"
"reabsorbibles","3.16"
"reabsorción","3.16"
"rectal","3.16"
"rectoanal","3.16"
"rectocervical","3.16"
"rectococcígeo","3.16"
"rectoscopio","32.25"
"rectosigmoidea","3.16"
"rectosigmoideo","3.16"
"rectouretral","3.16"
"rectouterino","3.16"
"rectovaginal","3.16"
"rectovesical","3.16"
"redondo","3.16"
"rehidratación","3.16"
"reil","0.99"
"reissner","0.99"
"remak","0.99"
"renal","3.16"
"renshaw","0.99"
"repolarización","3.16"
"reticuloespinales","3.16"
"retinacular","3.16"
"retinaculares","3.16"
"retoperitonial","3.16"
"retrobulbar","3.16"
"retrocecal","3.16"
"retrodentario","3.16"
"retroesplécnica","3.16"
"retrofaríngeo","3.16"
"retrofaríngeos","3.16"
"retrolenticular","3.16"
"retromolar","3.16"
"retroperitonial","3.16"
"retropilórico","3.16"
"retroprostático","3.16"
"retroprostáticos","3.16"
"retropubica","3.16"
"retropubico","3.16"
"retropúbico","103.00"
"retrotonsilar","3.16"
"retrovesical","3.16"
"retrovirus","3.16"
"retzius","0.99"
"reumatólogo","3.16"
"reuniens","3.16"
"rexed","0.99"
"ribosomas","3.16"
"rinal","3.16"
"rinales","3.16"
"rinosinusitis","3.16"
"riolano","0.99"
"risorio","3.16"
"riñónera","3.16"
"rodenticida","3.16"
"romboidal","3.16"
"romboidea","3.16"
"romboides","3.16"
"rosenmüller","0.99"
"rostral","3.16"
"rotavirus","3.16"
"rotter","0.99"
"rotuliana","3.16"
"rotuliano","3.16"
"rubroolivares","3.16"
"ruffini","0.99"
"réctales","3.16"
"sacra","3.16"
"sacras","3.16"
"sacro","3.16"
"sacrocolpopexia","3.16"
"sacrogenital","103.00"
"sacroilíaca","3.16"
"sacros","3.16"
"sacrouterino","3.16"
"sacádicos","3.16"
"safeno","3.16"
"sagital","3.16"
"salivares","3.16"
"salivatorio","3.16"
"salpingofaríngeo","3.16"
"saprofítos","3.16"
"sarcoplasma","3.16"
"sarcómero","3.16"
"sartorio","3.16"
"saturación","103.00"
"scarpa","0.99"
"schaffer","0.99"
"schlemm","10.10"
"schmidt-lanterman","0.99"
"schwann","0.99"
"sebáceas","3.16"
"sedimentación","3.16"
"semicirculare","3.16"
"semicirculares","3.16"
"semilunar","3.16"
"semimembranoso","3.16"
"seminífero","3.16"
"seminíferos","3.16"
"semirrígidos","3.16"
"semisupino","3.16"
"semisólido","3.16"
"semitendinoso","3.16"
"sensibilización","3.16"
"sensitivomotora","3.16"
"septal","3.16"
"septales","3.16"
"septo","3.16"
"septomarginal","3.16"
"septos","3.16"
"septum","3.16"
"serosa","3.16"
"serosas","3.16"
"serotoninérgicos","3.16"
"serrata","3.16"
"serrato","103.00"
"sesamoideo","3.16"
"sesamoideos","3.16"
"shock","3.16"
"sialorrea","3.16"
"sibson","0.99"
"sigmoide","3.16"
"sigmoideos","3.16"
"silvio","0.99"
"simpaticas","0.31"
"simpáticas","0.99"
"sinapsis","3.16"
"sincondrosis","3.16"
"sinfisaria","103.00"
"sinoatrial","103.00"
"sinoauricular","3.16"
"sinovial","3.16"
"sinoviales","3.16"
"sinusa","3.16"
"sistólico","3.16"
"situ","3.16"
"skene","0.99"
"sobresaturada","3.16"
"solidificante","3.16"
"soluto","3.16"
"solutos","3.16"
"somatostatina","3.16"
"somestésica","3.16"
"sondaje","3.16"
"spence","0.99"
"stenon","0.99"
"subacromial","3.16"
"subaponeurotica","3.16"
"subaponeurotico","3.16"
"subaracnoideas","0.99"
"subaracnoideo","3.16"
"subaracnpideas","0.31"
"subcallosa","3.16"
"subcapsular","3.16"
"subcapsulares","3.16"
"subclavia-carotida","0.31"
"subclavia-carótida","0.99"
"subclavia-vertebral","3.16"
"subclavio","3.16"
"subclavios","3.16"
"subcortical","3.16"
"subcostal","3.16"
"subcostales","3.16"
"subcutáneo","3.16"
"subdeltoidea","3.16"
"subdiafragmáticos","3.16"
"subdural","3.16"
"subendocárdica","3.16"
"subendocárdico","3.16"
"subependimarias","3.16"
"subescapular","103.00"
"subescapulares","3.16"
"subfacial","3.16"
"subhiatal","3.16"
"sublenticular","3.16"
"sublingual","3.16"
"sublobulillar","3.16"
"submandibular","3.16"
"submandibulares","3.16"
"submentoniana","3.16"
"submentonianos","3.16"
"submucosa","3.16"
"submucoso","3.16"
"subneural","3.16"
"suboccipital","103.00"
"subparotídeo","3.16"
"subpial","3.16"
"subpilóricos","3.16"
"subpleural","3.16"
"subpoplíteo","3.16"
"subpúbico","3.16"
"subserosa","3.16"
"subseroso","3.16"
"subsinovial","3.16"
"subtendinosa","3.16"
"subtrapecio","3.16"
"subtálamo","3.16"
"succionadores","32.25"
"sudación","3.16"
"sudoriparas","3.16"
"superciliar","3.16"
"superenrrollamiento","3.16"
"superolaterales","3.16"
"superomediales","3.16"
"supinado","3.16"
"supinador","3.16"
"supino","3.16"
"supraclavicular","3.16"
"supraclaviculares","3.16"
"supracondílea","3.16"
"supradiafragmática","3.16"
"supradiafragmáticas","3.16"
"supraduodenal","3.16"
"supraescapular","3.16"
"supraespinoso","3.16"
"suprahioidea","3.16"
"suprahioideo","3.16"
"supramarginal","3.16"
"supraopticohipofisiario","3.16"
"supraorbitaria","3.16"
"supraorbitario","3.16"
"suprapilóricos","3.16"
"suprapineal","3.16"
"suprapleural","3.16"
"suprarotuliana","3.16"
"suprarrenal","3.16"
"suprarrenalectomía","3.16"
"suprarrotuliana","3.16"
"suprarrotulianas","3.16"
"suprarrotuliano","3.16"
"supratroclear","3.16"
"supraóptico","3.16"
"sural","3.16"
"suspensorio","3.16"
"suspensorios","3.16"
"sydenham","0.99"
"sáculo","3.16"
"sérica","3.16"
"sístole","3.16"
"sístoles","3.16"
"sóleo","3.16"
"tabicado","3.16"
"talamoestriada","3.16"
"talamogenicular","3.16"
"talamoperforante","3.16"
"talamotuberal","3.16"
"tampón","3.16"
"tarsal","3.16"
"tarsiana","3.16"
"tarso","3.16"
"tarsometatarsiano","3.16"
"tecal","3.16"
"tectobulbares","3.16"
"tectoria","3.16"
"tectum","3.16"
"tegmental","3.16"
"telencefálicas","3.16"
"temporofacial","3.16"
"temporomandibular","3.16"
"temófilos","3.16"
"tenar","3.16"
"tenares","3.16"
"tendinosa","3.16"
"tendinosas","3.16"
"tendinoso","3.16"
"tendones","3.16"
"tendón","3.16"
"tenia","3.16"
"tensor","3.16"
"tentorial","3.16"
"testi","3.16"
"testicular","3.16"
"tetracianuro","3.16"
"tibial","3.16"
"tibioperone","3.16"
"timectomía","3.16"
"timpánica","3.16"
"timpánico","3.16"
"tipificación","3.16"
"tiroaritenoideo","3.16"
"tiroaritenoideos","3.16"
"tirocervical","3.16"
"tiroepiglótico","3.16"
"tirohioideo","3.16"
"tiroidea","3.16"
"tiroideo","3.16"
"tiroides","3.16"
"tirolingofaringofacial","3.16"
"tobillo","3.16"
"tonsila","3.16"
"tonsilar","3.16"
"toracoabdominales","3.16"
"toracoacromial","3.16"
"toracodorsal","3.16"
"toracolumbar","3.16"
"torácica","3.16"
"torácico","3.16"
"toráx","3.16"
"tosferina","3.16"
"trabeculares","3.16"
"trabécula","3.16"
"trabéculas","3.16"
"tractos","3.16"
"transaminación","3.16"
"transcapilar","3.16"
"transcirtical","0.31"
"transcortical","0.99"
"transcriptasa","3.16"
"transluminal","103.00"
"transneural","3.16"
"transtentorial","3.16"
"transversoespinoso","3.16"
"trapecio","3.16"
"trapeciocapitado","3.16"
"trapeciotrapezoideo","3.16"
"trapezoidal","0.99"
"trapezoide","3.16"
"traqueal","3.16"
"traqueobronquial","3.16"
"traqueobronquiales","3.16"
"traquestomía","3.16"
"trasometatarsiana","3.16"
"traumatólogos","3.16"
"treves","0.99"
"triacigliceroles.","3.16"
"triangular","3.16"
"trifosfato","3.16"
"trigeminal","3.16"
"trigemino","3.16"
"triglicéridos","3.16"
"triquetrum","3.16"
"trivalente","3.16"
"troclear","3.16"
"trocánter","3.16"
"tromboflebitis","3.16"
"trombosis","3.16"
"tropomiosina","3.16"
"troponina","3.16"
"tríceps","3.16"
"tróclea","3.16"
"tuber cinereum","3.16"
"tuberosidad","3.16"
"tubulos","0.31"
"tubárico","3.16"
"tubáricos","3.16"
"turbidez","3.16"
"tusigénos","0.99"
"tusígenos","0.31"
"tyson","0.99"
"tálamo","3.16"
"tétano","3.16"
"tímpano","3.16"
"túber","3.16"
"túbulos","0.99"
"ultrafiltración","3.16"
"ultratermia","32.25"
"umbilical","3.16"
"unciforme","3.16"
"uncinadas","3.16"
"uncinado","3.16"
"uncovertebrales","3.16"
"uncus","103.00"
"unguales","3.16"
"ungueal","3.16"
"ureteral","3.16"
"ureterales","3.16"
"ureteropélvica","3.16"
"uretral","3.16"
"uretrovaginal","3.16"
"uretéricas","3.16"
"uretérico","103.00"
"urocultivo","3.16"
"urogenital","3.16"
"uréter","3.16"
"uréteres","3.16"
"uterina","3.16"
"uterosacro","3.16"
"uterovaginal","3.16"
"uterovesical","3.16"
"utrículo","3.16"
"vagal","3.16"
"vagales","3.16"
"vaginal","3.16"
"vaginales","3.16"
"vaina","3.16"
"vainas","3.16"
"valécula","3.16"
"vasculatura","3.16"
"vasopresina","3.16"
"vasto","3.16"
"vater","0.99"
"venodisección","103.00"
"venoso","3.16"
"ventromedial","3.16"
"ventromediales","3.16"
"ventrículo","3.16"
"ventrículos","3.16"
"vergencia","3.16"
"vermiforme","3.16"
"vermis","3.16"
"vertebral","3.16"
"vesical","3.16"
"vesicocervical","3.16"
"vesicocervicales","3.16"
"vesicoprostática","3.16"
"vesicosacro","3.16"
"vesicoureteral","3.16"
"vesicouterina","3.16"
"vesicouterinas","3.16"
"vesicouterino","3.16"
"vesicovaginal","3.16"
"vesiculoso","3.16"
"vestibular","3.16"
"vestibulares","3.16"
"vestibulocerebelo","3.16"
"vestibulococlear","3.16"
"vesícula","3.16"
"vidiano","3.16"
"virchow-robin","0.99"
"visceral","3.16"
"vitamínica","3.16"
"vitreo","3.16"
"vitro","3.16"
"vocales","3.16"
"volemia","3.16"
"vulva","3.16"
"vulvas","3.16"
"válvulas","3.16"
"vénula","3.16"
"vómer","3.16"
"walleriana","3.16"
"wernicke","0.99"
"wharton","0.99"
"willis","0.99"
"wilson","0.99"
"winslow","0.99"
"wolff","0.99"
"wrisberg","0.99"
"xifoides","3.16"
"xilocaína","3.16"
"yodóforos","3.16"
"yugular","3.16"
"yugulares","3.16"
"yugulodigástrico","3.16"
"yuguloomohioideo","3.16"
"yugulotimpánico","3.16"
"yuxtaesofágico","3.16"
"yuxtaintestinal","3.16"
"ziz-zag","3.16"
"zóster","3.16"
"ácino","3.16"
"álveo","3.16"
"áspera","3.16"
"íleo","3.16"
"índice","3.16"
"ínsula","3.16"
"óbex","3.16"
"ólecranon","3.16"
"óptico","3.16"
"órbita","3.16"
"ótica","3.16"
"ótico","3.16"
"óticos","3.16"
"úvula","3.16"
