aalto,64.14
aarhus,17.69
abacial,181.36
abadía,64.14
abanico,48.66
abanicos,6.64
abasí,42.02
abbatiale,8.85
abbaye,39.81
abbeville,11.06
abertura,141.55
ablución,22.12
abombado,13.27
abovedada,37.6
abovedado,188
abovedamiento,6.64
absidial,37.6
absidiolo,24.33
absidir,8.85
absolutismo,17.69
absolutista,15.48
abstracta,19.91
abstracto,68.56
abuhardillado,13.27
abundar,53.08
acabado,37.6
academicismo,33.18
academicista,33.18
acanalada,6.64
acanto,22.12
acero,353.88
achúcarro,13.27
acogiar,8.85
acondicionado,57.5
acondicionador,8.85
acondicionamiento,15.48
acondicionar,24.33
acristalado,77.41
acristalamiento,8.85
acrópoli,8.85
acrópolis,13.27
acueducto,24.33
acumulador,13.27
adalberto,19.91
adaptando él,6.64
adaptar,207.9
adaptar él,90.68
adecuación,19.91
adina,19.91
adinerada,17.69
adintelado,17.69
adob,30.96
adobe,68.56
adolf,99.53
adoración,42.02
adornado,128.28
adornar,70.78
adorno,134.92
adosado,132.7
adosar,17.69
aduana,22.12
advenimiento,22.12
aerial,13.27
aesthetics,6.64
affonso,17.69
afirmar él,13.27
afloramiento,19.91
afonso,17.69
afrancesado,8.85
agbar,8.85
aglabí,19.91
aglutinar,24.33
agra,70.78
agrietar él,6.64
agripa,13.27
aguja,128.28
agustina,8.85
agustino,15.48
ahorro,68.56
ahorros,24.33
aire,1072.69
aireado,6.64
aislado,159.24
aislamiento,103.95
aislante,24.33
ajanta,28.75
ajardinado,15.48
ajuar,19.91
akbar,77.41
alai,8.85
alambre,30.96
alamán,8.85
alarifes,11.06
albacete,121.64
albans,8.85
albañil,11.06
albañilería,66.35
albergar,422.44
albi,53.08
alcazaba,30.96
alcoba,17.69
alcázar,15.48
alegórica,15.48
aleksandr,53.08
alekséi,24.33
alentejo,15.48
alero,117.22
alfarería,22.12
alfeld,11.06
alfiz,6.64
alhakén,11.06
alhambra,72.99
aligerado,6.64
alineado,59.72
aljafería,19.91
aljama,17.69
aljib,11.06
alla,26.54
allah,30.96
alle,30.96
almacenaje,13.27
almacenes,28.75
almacén,185.78
almena,30.96
almenada,11.06
almenado,22.12
alminar,13.27
almohad,6.64
almohade,24.33
almohadillado,44.23
almorávid,22.12
almorávide,8.85
alsop,8.85
altar,260.98
altas,26.54
alternado,28.75
alternancia,42.02
alternante,8.85
alternar él,11.06
altes,15.48
altura,935.56
altísimo,13.27
alusivo,13.27
alvar,55.29
alzado,35.39
amarante,15.48
amatller,8.85
ambicioso,84.05
ambulatorio,17.69
amerindia,17.69
amiens,55.29
amigabl,8.85
amir,33.18
ampliación,163.67
ampliado,53.08
ampliar él,15.48
amueblada,6.64
amurallada,15.48
amurallado,99.53
anatolia,75.2
anchas,8.85
andalusí,30.96
andamio,11.06
andesita,11.06
andhra,19.91
androuet,24.33
andréi,30.96
anfiteatro,37.6
angers,26.54
angevino,13.27
angkor,17.69
angulema,24.33
ankara,75.2
antecámara,13.27
anticipar,39.81
antigüedad,72.99
antimoderno,8.85
antoni,207.9
antítesis,15.48
antónio,33.18
anunciación,33.18
aparador,8.85
aparejadores,6.64
aparejo,81.83
apariencia,256.56
apartamento,230.02
apartment,6.64
apartments,13.27
apilado,22.12
apisonado,42.02
apliqu,6.64
apogeo,88.47
apolinar,15.48
aposento,24.33
apreciable,17.69
apreciar él,15.48
aprovechamiento,46.45
apulia,19.91
apuntada,8.85
apuntado,188
apóstoles,39.81
aqueménida,33.18
aqueménido,30.96
arabesco,26.54
arata,17.69
arbat,8.85
arbeitsrat,17.69
arbotant,90.68
arcada,243.29
arcado,19.91
arcaísmo,11.06
archigram,19.91
architect,11.06
architects,6.64
architectura,8.85
architectural,139.34
architecture,568.41
architectuur,8.85
architektur,55.29
architettura,37.6
archivo,8857.95
arcilla,201.27
arco,1501.76
ardemans,11.06
arenisca,33.18
arenisco,8.85
arent,13.27
argamasa,33.18
argan,6.64
arista,84.05
aristocracia,108.37
aristocrático,46.45
arkady,6.64
arlés,37.6
armazón,39.81
armoniosa,8.85
armonioso,13.27
armonizar,13.27
armoniós,26.54
armonía,90.68
arnau,30.96
arne,28.75
arqueada,22.12
arqueado,39.81
arquería,42.02
arquetípico,8.85
arqueólogo,90.68
arquillo,26.54
arquitecta,19.91
arquitecto,28.75
arquitectos,154.82
arquitectura,1860.06
arquitecturas,6.64
arquitectónica,6.64
arquitectónicamente,6.64
arquitectónico,19.91
arquitrabado,6.64
arquitrabe,42.02
arquitrabes,6.64
arquivolta,59.72
arte,1634.46
artehistoria,8.85
artesano,24.33
artesanía,75.2
artesonado,17.69
articulado,61.93
artificio,13.27
arts,152.61
artífice,26.54
arzobispal,28.75
ascensión,26.54
asemejar,68.56
asequible,19.91
ashoka,22.12
asimilación,19.91
asimilar,42.02
asimétrica,15.48
asimétrico,26.54
asirio,33.18
asnova,17.69
aspa,33.18
aspecto,625.92
aspillera,8.85
asplund,13.27
assisi,11.06
associates,28.75
assunta,17.69
assurance,6.64
asturiano,119.43
asís,79.62
atarazanas,24.33
atemporal,11.06
aterrazado,8.85
athos,17.69
atlant,13.27
atrevido,19.91
atrevimiento,6.64
atrio,81.83
atrium,6.64
attempt,8.85
audacia,13.27
audaz,33.18
auditorio,42.02
auditorium,19.91
auge,132.7
auguste,42.02
aunar,17.69
aurangabad,19.91
austera,24.33
austeridad,48.66
austero,103.95
autarquía,19.91
autosuficiente,19.91
avilés,59.72
aviñón,26.54
axial,48.66
ayuso,13.27
azahara,22.12
azam,8.85
azotea,44.23
azulejería,6.64
azulejo,194.63
añadido,72.99
aúnar,8.85
badami,35.39
badshahi,19.91
bagdad,61.93
bagerhat,8.85
bagh,42.02
bajorreliev,24.33
bajorrelieve,13.27
baku,53.08
bakú,84.05
balaustr,24.33
balaustrada,86.26
balaustrado,11.06
balconada,8.85
balcón,276.47
baldaquino,24.33
baldassare,19.91
baldosa,48.66
balthasar,19.91
baluart,26.54
bambú,55.29
bangla,13.27
bangladesh,17.69
bangladés,75.2
banham,44.23
banister,17.69
baptist,13.27
baptista,19.91
baptisterio,15.48
baquetón,6.64
bara,15.48
barandilla,33.18
barato,70.78
barbacana,8.85
barberini,22.12
barceloneta,17.69
barceló,22.12
bardi,11.06
bari,39.81
barock,19.91
baroque,35.39
barozzi,6.64
barraca,13.27
barragán,15.48
barro,223.38
barroca,37.6
barroco,1605.71
barroquismo,8.85
barrot,6.64
bartning,19.91
bartolomeo,28.75
basamento,72.99
basil,19.91
basilea,72.99
basilica,68.56
basilical,79.62
basilio,44.23
basilique,19.91
bastida,30.96
bastión,42.02
basílica,294.16
basílical,6.64
batalha,13.27
bath,39.81
batlló,28.75
battista,75.2
bauen,26.54
bauhaus,433.5
baukunst,15.48
bautismal,17.69
bavón,15.48
bazar,15.48
bazylika,8.85
bañera,13.27
baño,218.96
baños,39.81
beauvais,42.02
beaux,35.39
behne,8.85
behrens,53.08
belgrado,84.05
bello,154.82
belluschi,6.64
beltrí,86.26
belém,22.12
bema,22.12
benedictina,17.69
benedictino,17.69
benevolo,6.64
bengala,134.92
bengalí,44.23
bento,24.33
bereber,42.02
bergamín,8.85
berlage,57.5
bernini,154.82
bertel,8.85
berthold,8.85
betún,8.85
bhaban,11.06
białystok,15.48
bibi,26.54
bihar,19.91
bijenkorf,8.85
binnenhof,8.85
bioclimática,17.69
bioclimático,99.53
bioconstrucción,8.85
biombo,6.64
bizancio,53.08
bizantina,15.48
bizantino,15.48
bizantín,269.83
blanqui,6.64
blenheim,13.27
blois,28.75
bloque,333.97
boato,6.64
bofill,26.54
boga,22.12
bohemia,119.43
bohemio,19.91
bohigas,15.48
bolsa,55.29
bolshaya,6.64
bonaventure,8.85
bonet,35.39
boom,30.96
borbones,26.54
bordeado,30.96
borgoñón,13.27
borromeo,26.54
borromini,119.43
bort,8.85
borís,28.75
botta,11.06
boullée,101.74
bourbon,17.69
bourgeois,17.69
bourges,39.81
bourse,8.85
brabante,44.23
braga,61.93
brama,15.48
bramante,13.27
brasa,24.33
brasilia,44.23
bratislava,33.18
breslavia,22.12
breuer,70.78
brinkman,13.27
britannica,19.91
britz,6.64
brno,30.96
brosse,28.75
brumfield,8.85
brun,26.54
brunelleschi,28.75
bruno,123.86
brutalismo,11.06
brutalista,8.85
brühl,15.48
buckminster,19.91
buda,137.13
budapest,157.03
buddhist,13.27
budismo,97.32
budista,201.27
buhardilla,24.33
building,11.06
buildings,28.75
bulbo,17.69
bulbosa,33.18
bulevar,42.02
bullant,33.18
bungalow,6.64
burguesa,17.69
burguesía,101.74
burgués,37.6
burj,19.91
burnham,61.93
bursa,24.33
byzantine,11.06
báltico,44.23
bähr,22.12
bíblica,15.48
bósforo,30.96
bóveda,928.92
bóvedas,6.64
böhm,13.27
cabaña,13.27
cabe,19.91
caber,249.92
cabida,22.12
cabinet,11.06
cachemira,33.18
cadafalch,28.75
caen,66.35
cairo,285.31
calada,11.06
calado,35.39
calatrava,57.5
caldarium,8.85
caldea,11.06
caldera,128.28
calefacción,44.23
calefactar,6.64
calefactor,35.39
calentado,17.69
calentador,188
calentamiento,128.28
calentar,227.81
calentar él,15.48
caliente,360.51
califa,126.07
califal,28.75
califato,37.6
caligrafía,55.29
caligráfica,8.85
caliza,44.23
calizar,13.27
calizo,33.18
caloportador,24.33
calor,676.79
calorífico,15.48
calvet,15.48
calvinista,13.27
camii,22.12
campana,46.45
campanario,13.27
campanile,13.27
campiña,15.48
campoo,17.69
canalizado,8.85
candelabro,19.91
candi,19.91
canecillo,33.18
canon,59.72
canterbury,46.45
cantero,84.05
cantería,66.35
cantábrico,15.48
capela,13.27
capilla,977.58
capitel,329.55
capitolio,75.2
capitular,17.69
capricho,17.69
caprichoso,26.54
captación,42.02
captador,6.64
caracterizado,230.02
caracterizar,592.74
caracterizar él,17.69
característica,1196.54
característico,371.57
caravasar,48.66
carcasa,19.91
carcasona,13.27
cardinal,26.54
caritativo,26.54
cariátid,8.85
carlo,238.87
carmelita,6.64
carmelitas,24.33
carmo,15.48
carolingia,39.81
carolingio,50.87
carpanel,6.64
carpintero,24.33
carpintería,95.1
carrée,11.06
cartela,22.12
cartuja,30.96
cartón,39.81
carved,6.64
casa,3200.36
caserta,22.12
casetón,24.33
casino,64.14
casona,61.93
caspar,15.48
castagnola,6.64
castellana,33.18
castello,24.33
castillo,933.35
castreño,17.69
castro,55.29
catalina,320.7
catania,64.14
catedral,66.35
catedrales,24.33
categorizar,15.48
cathedral,201.27
cathedrale,19.91
cathedrals,6.64
cathédrale,13.27
cattedrale,19.91
cedro,22.12
cefalú,19.91
cella,19.91
celosía,28.75
cemento,61.93
cenit,15.48
cenotafio,35.39
cent,15.48
central,154.82
centralizado,68.56
centroeuropeo,15.48
centrífugo,17.69
cercado,22.12
cercano,17.69
cerceau,37.6
cercha,8.85
cerdá,19.91
ceremonial,81.83
cerramiento,46.45
cerámica,11.06
cerámico,48.66
chahar,24.33
chaitya,13.27
chalet,8.85
chalukya,13.27
chalés,11.06
chambiges,11.06
chambrana,6.64
chandigarh,24.33
chapai,6.64
chapel,35.39
chapelle,24.33
chapitel,35.39
charlottenburg,11.06
chartres,70.78
chateau,28.75
checo,119.43
chhatris,6.64
chiaveri,13.27
chicago,486.58
chichén,13.27
chiesa,30.96
chimenea,174.73
chola,53.08
choto,15.48
choza,30.96
christ,28.75
christoph,46.45
chrysler,37.6
church,327.34
churches,15.48
churriguera,39.81
churrigueresco,19.91
château,61.93
châteaux,11.06
ciam,119.43
ciborio,8.85
ciclópea,17.69
ciclópeo,11.06
ciego,72.99
cielorraso,33.18
cilíndrica,33.18
cilíndrico,66.35
cimborrio,48.66
cimentación,37.6
cimiento,101.74
cinquecento,15.48
ciprés,17.69
circular,15.48
circundante,90.68
cista,6.64
cister,6.64
cisterciens,37.6
cisterciense,95.1
cisterna,86.26
citrohan,11.06
cité,22.12
ciudadela,48.66
civile,17.69
claraboya,6.64
claristorio,13.27
claroscuro,8.85
clasicismo,13.27
clasicista,148.19
clasizant,11.06
clasizante,6.64
classe,19.91
classicism,6.64
claustro,19.91
clavado,15.48
clavo,30.96
clerestorio,15.48
climatización,90.68
climatizador,44.23
climatizar,24.33
clocher,6.64
cloître,6.64
cluniacense,13.27
cluny,86.26
clásico,977.58
clérigos,15.48
cobertizo,22.12
cocción,117.22
cocer,61.93
cocer él,6.64
cocido,59.72
cocina,300.79
cocinado,13.27
cocinar,115.01
cockerell,17.69
coderch,15.48
coexistir,39.81
cogeneración,6.64
coherencia,19.91
coimbra,26.54
colado,8.85
colector,22.12
colegial,17.69
colegiata,77.41
colgante,37.6
collegiata,8.85
collégiale,8.85
colocado,119.43
colombina,13.27
colonia,218.96
colonial,59.72
colonización,92.89
coloreado,30.96
colorido,22.12
colosal,77.41
columna,1395.6
columnata,139.34
columnilla,19.91
combinar,358.3
combustión,128.28
comedor,53.08
comendadoras,8.85
comenzado,86.26
comodidad,55.29
compartimentado,8.85
complejo,701.12
completado,134.92
complex,30.96
compositivo,26.54
compresor,28.75
compuerta,15.48
comunal,70.78
concatedral,11.06
concebido,97.32
concebir,121.64
conceição,13.27
concepción,168.09
concorde,13.27
concéntrico,19.91
condensador,24.33
condes,66.35
condicionado,24.33
condominio,26.54
conducto,152.61
conectado,157.03
confort,59.72
confortabl,8.85
confortable,8.85
confín,13.27
congregacional,19.91
congresos,57.5
conjugar,26.54
conopial,35.39
consagrado,61.93
conservacionista,8.85
conservada,6.64
conservado,159.24
conservar,851.51
consistorial,17.69
consolación,15.48
constantinopla,176.94
construcción,79.62
construction,70.78
constructivismo,119.43
constructivista,39.81
constructivo,444.56
constructor,30.96
construido,2680.61
construir,3859.46
construir él,108.37
contaminant,17.69
contaminante,22.12
contarini,17.69
contemporanea,8.85
contemporáneo,413.59
contentar,17.69
continuador,11.06
contrachapado,8.85
contracurva,13.27
contrafuert,24.33
contrarreforma,8.85
contrarreformista,19.91
contrastar,77.41
contraste,159.24
contraventana,11.06
convección,46.45
convenir,46.45
convento,234.44
conventual,28.75
coop,19.91
copenhague,137.13
copiar,53.08
copta,33.18
copto,50.87
coquillat,8.85
corbusier,451.19
corintia,19.91
corintio,11.06
cornelis,37.6
cornisa,159.24
coronado,223.38
coronamiento,11.06
corral,33.18
correos,92.89
corriente,493.21
corrugado,11.06
corso,19.91
cortesano,19.91
cortesán,15.48
cortina,42.02
cortona,44.23
cortín,6.64
coránico,11.06
costoso,66.35
cour,35.39
courtyard,13.27
coutances,26.54
coímbra,55.29
cracovia,79.62
crafts,61.93
cram,8.85
cranbrook,22.12
crematorio,8.85
crescent,11.06
crestería,17.69
cripta,19.91
crisol,24.33
cristal,165.88
cristiandad,19.91
cristianización,15.48
croce,28.75
crucero,221.17
crucería,150.4
cruciform,19.91
cruciforme,42.02
cruickshank,6.64
crujía,17.69
cruzadas,15.48
ctesifonte,17.69
cuadrada,66.35
cuadrado,176.94
cuadrangular,64.14
cuadrícula,53.08
cualificado,24.33
cuatripartito,6.64
cubierta,340.61
cubierto,479.94
cubismo,37.6
cubo,55.29
cubrición,6.64
cueva,283.1
culminación,35.39
culminante,19.91
culturas,17.69
cumbrera,33.18
cupulada,6.64
cupulado,17.69
curir,11.06
curva,199.06
curvada,30.96
curvado,35.39
curvilínea,6.64
curvilíneo,39.81
curvo,101.74
cuvilliés,13.27
cuzco,77.41
cuña,8.85
cáscara,24.33
cátaro,13.27
císter,17.69
cívico,59.72
cóncava,19.91
cóncavo,26.54
cónico,53.08
cúbico,46.45
cúfico,24.33
cúpula,44.23
cúpulas,19.91
cúspide,35.39
daca,61.93
daibutsuyō,28.75
damasco,72.99
damascus,8.85
dame,64.14
damero,8.85
danés,11.06
darwaza,26.54
datable,8.85
datada,11.06
datan,13.27
datar,442.34
dcha,6.64
deambulatorio,39.81
dearborn,15.48
decimonónico,22.12
deco,6.64
deconstrucción,35.39
deconstructivismo,90.68
deconstructivista,86.26
decoración,8.85
decorado,820.55
decorador,15.48
decorar,199.06
decorar él,6.64
decorated,15.48
decorativas,28.75
decorativismo,26.54
decorativo,774.1
decán,44.23
decó,37.6
definitorio,17.69
delft,37.6
delhi,196.84
delicadeza,33.18
delicado,70.78
delinear,17.69
della,203.48
demoler,19.91
demoleír,17.69
demolición,81.83
demolida,6.64
demolido,110.59
demolir,126.07
denotar,134.92
denys,17.69
depurado,13.27
derribado,22.12
derribo,28.75
derroche,8.85
derrumbar él,11.06
desagüe,33.18
desarrollismo,6.64
desbastar,8.85
descalzo,13.27
descansar,108.37
descentrado,6.64
desenterrar,17.69
desiderio,11.06
design,88.47
designed,11.06
desligado,15.48
deslumbrante,11.06
desmarcar,11.06
desmesurado,8.85
desmontabl,8.85
desperdigado,6.64
despojado,46.45
desprovisto,33.18
dessau,57.5
destacable,70.78
destruido,223.38
desuso,28.75
desván,11.06
desértica,15.48
detail,11.06
detalle,460.04
detroit,143.76
deutscher,61.93
deutschland,33.18
devastado,22.12
deventer,6.64
diagonal,28.75
dientzenhofer,30.96
difundir,157.03
difusor,17.69
dinamismo,37.6
dinamitado,6.64
dinastía,508.7
dintel,68.56
dinástica,11.06
discriminate,8.85
diseminar,11.06
diseñado,1043.93
diseñador,183.57
diseñar,1035.09
diseñar él,8.85
diseño,2410.78
disponer él,17.69
disposición,325.12
dispuesto,223.38
distintiva,48.66
distintivo,150.4
district,30.96
divriği,19.91
diáfano,15.48
diáfán,6.64
docomomo,6.64
doesburg,28.75
domenico,48.66
dominación,57.5
dominado,112.8
dominante,145.97
dominico,57.5
dominikus,17.69
domo,57.5
domus,13.27
domènech,53.08
donjón,6.64
dormición,33.18
dormitorio,72.99
dosel,42.02
dovela,17.69
downing,17.69
downtown,39.81
doğan,19.91
dravídico,30.96
drawings,8.85
dreifaltigkeit,8.85
dresde,194.63
dromo,6.64
ducal,50.87
ducha,24.33
duomo,61.93
durabilidad,22.12
duradero,59.72
durham,37.6
dwellings,6.64
déco,26.54
dólmén,15.48
dórica,46.45
dórico,11.06
dôme,6.64
eastlake,15.48
ebanistería,13.27
ecbatana,11.06
eclecticismo,28.75
eclesial,26.54
ecléctica,19.91
ecléctico,285.31
edificable,6.64
edificación,35.39
edificada,8.85
edificado,90.68
edificar,161.46
edificar él,8.85
edificatoria,11.06
edificatorio,19.91
edificio,484.37
edilicio,15.48
edirne,17.69
eduardiano,17.69
eduardián,22.12
edículo,19.91
eero,28.75
efervescencia,8.85
eficiencia,99.53
eficiente,121.64
efímero,132.7
egas,35.39
egipcia,11.06
eglise,59.72
eiffel,42.02
einsiedeln,24.33
eisenman,50.87
ejemplificado,28.75
ejemplificar,79.62
ejemplo,3437.02
elaborado,260.98
electricidad,30.96
electrodomésticos,19.91
elegancia,44.23
elegante,143.76
elemento,2127.68
eliel,13.27
elipse,8.85
ellora,48.66
elíptico,59.72
elíseos,19.91
emanar,17.69
embankment,8.85
embellecer,11.06
embelleceír,6.64
embellecido,13.27
embellecimiento,24.33
embellecir,11.06
emblemático,95.1
emigrado,15.48
eminönü,11.06
emisor,30.96
empalizada,15.48
emparejada,6.64
empinado,24.33
emplazar,26.54
empotrado,28.75
empuje,70.78
emular,28.75
encalada,13.27
encalado,26.54
encargo,132.7
encarnación,50.87
encyclopædia,17.69
enfriamiento,6.64
enfriar,50.87
engalanado,6.64
engineering,97.32
engracia,15.48
enjuta,22.12
enlucido,6.64
enmarcada,19.91
enmarcado,68.56
enmarcar,48.66
enorme,291.95
enric,57.5
enrico,35.39
enriquecido,15.48
ensanch,11.06
ensanchamiento,11.06
ensanche,15.48
entablado,6.64
entablamento,84.05
enterramiento,39.81
entrada,875.84
entrado,26.54
entramado,50.87
entrance,26.54
entrecruzado,8.85
entrecruzar,8.85
entreguerra,19.91
entrelazada,22.12
entrelazado,46.45
envolvente,17.69
epidauro,15.48
epifanía,24.33
epigráfica,6.64
epítome,8.85
equilátero,13.27
erich,68.56
erigida,28.75
erigido,103.95
erigir,225.6
erigir él,11.06
erlach,17.69
ermitage,11.06
ernő,13.27
esbelta,37.6
esbeltez,19.91
esbelto,35.39
escalda,8.85
escaldino,19.91
escalera,380.42
escalinata,11.06
escalonada,30.96
escalonado,112.8
escalón,46.45
escandinavia,44.23
escandinavo,17.69
escaparate,15.48
escayola,11.06
escenográfico,26.54
escoria,24.33
escorzo,11.06
escuadrado,8.85
esculpida,28.75
esculpido,110.59
escultura,621.49
escultural,15.48
escultórico,150.4
escurialense,6.64
esfing,11.06
esgrafiado,28.75
eskenazi,11.06
eslavo,30.96
esmaltado,15.48
espacio,1574.75
espaciós,8.85
espadaña,48.66
especificidad,30.96
espectacular,70.78
espejos,11.06
espira,11.06
espiral,68.56
esplendor,99.53
espléndido,26.54
esquema,190.21
esquina,345.03
establo,42.02
estalactita,13.27
estalinismo,11.06
estalinista,53.08
estambul,221.17
estanco,8.85
estandarización,15.48
estandarizado,22.12
estanque,108.37
estate,22.12
estatua,283.1
estera,13.27
estereotomía,19.91
estilo,287.52
estilos,123.86
estilístico,199.06
estilóbato,8.85
estiércol,15.48
estrado,11.06
estrasburgo,50.87
estrecha,8.85
estrellado,19.91
estriada,11.06
estructura,1842.37
estructuración,11.06
estructural,429.07
estructuralismo,8.85
estucada,8.85
estucado,8.85
estuco,289.74
estufa,99.53
estupa,11.06
estética,303.01
estético,249.92
esztergom,35.39
etrusco,53.08
eufrasio,8.85
eulalia,37.6
eustaquio,17.69
evaporación,48.66
evaporador,35.39
evaporativo,11.06
evidenciar,66.35
evidente,165.88
evocador,8.85
evocar,68.56
evolucionar,274.25
evolución,280.89
exaltar,19.91
excavada,50.87
excavado,97.32
excavar,99.53
excesivo,97.32
exchange,22.12
exedra,17.69
exento,50.87
exhibition,22.12
expandeir él,11.06
experimentación,55.29
expiatorio,11.06
explanada,19.91
exponente,260.98
exposiciones,22.12
exposición,243.29
exposition,13.27
expresionismo,119.43
expresionista,11.06
expresividad,17.69
expresivo,70.78
exquisito,22.12
extensivo,28.75
exterior,493.21
extractor,11.06
extramuro,8.85
extramuros,26.54
extravagancia,11.06
extravagant,17.69
extravagante,42.02
extruido,6.64
extérieur,6.64
exuberancia,26.54
exuberant,17.69
exuberante,77.41
facade,28.75
facciata,15.48
fachada,46.45
fagus,17.69
fantasioso,11.06
fantasiós,6.64
faraón,53.08
faraónico,8.85
fars,8.85
fascio,11.06
fassade,8.85
fastuosa,8.85
fastuoso,13.27
fastuós,8.85
fatimí,28.75
fazlur,11.06
façade,37.6
felguera,24.33
feligrés,17.69
fellner,17.69
fenestración,6.64
ferial,13.27
fernand,15.48
feudal,55.29
feudalismo,15.48
figini,15.48
figurativa,17.69
figurativo,64.14
filadelfia,137.13
file,429.07
filippo,55.29
finsterlin,11.06
firenze,19.91
firuzabad,19.91
fisac,13.27
fisonomía,17.69
flamenco,95.1
flamígera,8.85
flamígero,110.59
flanqueado,157.03
flanquear,55.29
flexibilidad,33.18
floral,106.16
florecer,130.49
floreciente,17.69
florecimiento,44.23
florencia,196.84
florentino,11.06
florido,17.69
floritura,8.85
florón,11.06
fogón,11.06
follaje,22.12
fomin,13.27
fontaine,19.91
fontainebleau,42.02
fontana,86.26
fontane,30.96
forja,22.12
forjado,13.27
forma,4025.34
formal,199.06
formalismo,26.54
formalista,11.06
former,15.48
formero,11.06
fortaleza,296.37
fortificación,227.81
fortificada,48.66
fortificado,128.28
fortificar,19.91
foso,57.5
foster,64.14
fotovoltaica,8.85
fotovoltaico,24.33
fragmentación,28.75
frampton,11.06
francesc,72.99
francesco,165.88
francigenum,8.85
franciscana,19.91
franciscano,53.08
franciscanos,19.91
frankfurt,86.26
frari,8.85
frauenkirche,37.6
frederik,24.33
frenético,13.27
fresco,108.37
frette,8.85
friburgo,48.66
friso,152.61
frits,6.64
frivolidad,8.85
frontispicio,8.85
frontones,8.85
frontón,325.12
fructuoso,15.48
fría,26.54
frío,174.73
frómista,24.33
fuelle,19.91
fuerte,117.22
funcional,256.56
funcionalidad,108.37
funcionalismo,11.06
funcionalista,72.99
fundamentado,22.12
fundido,55.29
fundir,39.81
fundir él,11.06
funerario,190.21
furness,11.06
fust,22.12
fustat,15.48
fuste,46.45
futurismo,44.23
futurista,75.2
fábrica,86.26
fátima,33.18
gablet,42.02
gablete,11.06
gaetano,19.91
gagarin,11.06
galerie,6.64
galería,364.93
galeón,6.64
gall,17.69
gallinero,6.64
gandhara,13.27
gante,39.81
garaje,19.91
garnier,26.54
garten,17.69
gasolinera,11.06
gatcpac,19.91
gatepac,13.27
gaudí,115.01
gaur,15.48
gazi,13.27
gdansk,15.48
gdańsk,46.45
geddes,6.64
gehry,86.26
gemelo,64.14
geminada,15.48
generalife,8.85
generalizar,35.39
genoveva,19.91
geometría,106.16
geométrico,404.75
georgiano,37.6
georgián,37.6
geotérmico,19.91
gerrit,22.12
gervasio,15.48
gesù,66.35
ghar,8.85
giacomo,55.29
gian,42.02
giannantonio,15.48
giedion,28.75
gijón,139.34
gili,44.23
gilly,26.54
gimignano,8.85
ginzburg,6.64
ginés,17.69
giovanni,230.02
giralda,37.6
girola,13.27
girolamo,19.91
gisors,13.27
giuseppe,141.55
givoni,15.48
gliwice,11.06
gloucester,22.12
goitia,8.85
gonçalves,17.69
goodhue,6.64
googie,108.37
gopura,15.48
gopuram,8.85
gothic,57.5
gothique,24.33
gottfried,30.96
gotthard,13.27
gouda,8.85
graduadas,6.64
gradual,50.87
graduate,22.12
grandeza,48.66
grandilocuente,8.85
grandiosidad,19.91
grandioso,99.53
granero,35.39
granito,163.67
grapa,6.64
grases,8.85
graves,22.12
grec,13.27
grecorromano,22.12
grecorromán,26.54
gremial,17.69
griega,19.91
grifo,28.75
grigori,13.27
grimm,39.81
gropius,305.22
grote,24.33
grueso,132.7
grundtvig,15.48
gruppo,15.48
gruta,30.96
grutesco,8.85
guangdong,15.48
guardiola,22.12
guarini,53.08
guarino,30.96
guas,30.96
guijarro,17.69
guillem,24.33
guirnalda,35.39
gusto,345.03
guyarat,22.12
guyot,8.85
gárgola,22.12
gótico,199.06
güell,33.18
haarlem,35.39
habitable,35.39
habitacional,37.6
habitación,473.31
habitat,13.27
habitáculo,13.27
hadid,64.14
haesler,8.85
hagia,44.23
hagios,6.64
hall,28.75
hallenkirche,6.64
hammam,15.48
hampi,44.23
hanequin,6.64
hankar,6.64
hannes,35.39
hansen,53.08
hanseática,11.06
har él,8.85
harappa,11.06
hasan,28.75
hastial,46.45
hasán,11.06
haus,28.75
haussmann,8.85
hawksmoor,15.48
hecho,307.43
helenístico,57.5
helicoidal,15.48
helmer,11.06
hemiciclo,11.06
hendrik,48.66
heno,15.48
herat,30.96
herculano,24.33
heritage,37.6
hermitage,30.96
herradura,119.43
herreriano,15.48
herrerián,13.27
heterodoxa,6.64
hexástilo,13.27
hidráulico,88.47
hierro,462.25
higrotérmico,13.27
hilada,11.06
hilberseimer,22.12
hildebrandt,11.06
hildesheim,15.48
hilera,101.74
hindu,15.48
hinduista,97.32
hindú,22.12
hipocausto,48.66
hipodámico,15.48
hipogeo,13.27
hipogeos,8.85
hipódromo,17.69
hipóstila,13.27
hipóstilar,11.06
hipóstilo,8.85
hispanoamericana,8.85
hispanoamericano,19.91
hispánico,33.18
historiado,28.75
historicismo,110.59
historicismos,11.06
historicista,6.64
historiográfica,8.85
historiográfico,17.69
hitchcock,75.2
hito,88.47
hittorff,11.06
hobson,15.48
hoffmann,42.02
hohenstaufen,13.27
holabird,26.54
holandés,119.43
hollín,11.06
homogeneizar,6.64
honour,8.85
hontañón,26.54
horizontal,247.71
horizontalidad,17.69
horizonte,61.93
hormigón,11.06
hornacina,48.66
horneado,8.85
hornear,26.54
horno,851.51
hornos,50.87
horta,57.5
hospicio,22.12
hotel,336.18
house,367.15
houses,24.33
housing,13.27
houston,199.06
hoysala,11.06
hueco,103.95
hufeisensiedlung,13.27
huguet,13.27
huis,30.96
humanidad,287.52
humo,115.01
hyderabad,33.18
hyères,6.64
häring,17.69
híbrida,11.06
hórreo,24.33
hôtel,238.87
hôtels,19.91
höger,19.91
icono,75.2
iconografía,44.23
iconográfica,6.64
iconográfico,39.81
iconostasio,39.81
icónico,42.02
ideado,24.33
ideal,103.95
ideario,15.48
idiosincrasia,19.91
ieoh,19.91
ifriqiya,33.18
iglesia,2050.27
ignace,8.85
ignasi,15.48
ignaz,15.48
ignác,11.06
igreja,33.18
ildefonso,42.02
illescas,17.69
iluminación,123.86
iluminado,50.87
ilusionista,15.48
imaginativa,8.85
imitación,72.99
imitado,15.48
imitar,130.49
imperante,30.96
imperial,265.41
imperio,342.82
impermeable,24.33
impersonal,8.85
imponente,165.88
importado,39.81
imposta,6.64
impregnado,13.27
impresionante,115.01
impulsión,17.69
impulsor,46.45
inacabado,57.5
inalterado,13.27
inca,30.96
incaico,53.08
incendio,22.12
incidir,33.18
inclinado,181.36
inco,8.85
incrustación,68.56
incrustado,24.33
indexada,8.85
indio,183.57
individualidad,17.69
individualista,13.27
indo,19.91
indoislámico,28.75
industrial,579.47
industrialización,50.87
industrializado,17.69
influenceír,19.91
influencia,1831.31
influenciada,24.33
influenciado,252.14
influenciar,72.99
influido,150.4
influir,331.76
influjo,55.29
iniciado,207.9
iniciador,17.69
inigo,30.96
inmenso,77.41
inmobiliario,68.56
inmueble,101.74
innen,17.69
innovación,252.14
innovador,37.6
innovadora,30.96
innovadoro,39.81
inspiración,238.87
inspirado,466.67
inspirar,289.74
inspirar él,37.6
instalaciones,17.69
insurance,19.91
intacto,59.72
intemperie,17.69
intercambiador,22.12
intercesión,24.33
intercolumnio,8.85
interconectado,22.12
interior,690.06
interiorismo,22.12
internacionalismo,15.48
intersticio,11.06
intrincada,11.06
intrincado,59.72
introductor,17.69
invalides,22.12
inventiva,8.85
inventivo,8.85
inventos,13.27
invernadero,55.29
iraní,97.32
irkutsk,30.96
irracionalidad,8.85
irradiar,19.91
isabelino,44.23
isfahan,11.06
isfahán,77.41
isidoro,39.81
islam,72.99
islámico,652.46
ismailiyya,6.64
ismailiyye,6.64
ismaíl,17.69
isola,22.12
isozaki,19.91
istanbul,50.87
italiana,15.48
italianizante,24.33
italy,17.69
itzá,13.27
itálico,17.69
iwan,17.69
iwán,81.83
izard,8.85
izqda,6.64
jacobea,6.64
jacobino,11.06
jacobsen,33.18
jacobus,26.54
jacopo,42.02
jagellón,13.27
jahan,77.41
jahn,8.85
jain,13.27
jama,28.75
jamba,28.75
jameh,15.48
jami,13.27
jardin,44.23
jardinería,24.33
jardines,196.84
jardín,645.82
jaspe,6.64
jauch,8.85
jaume,57.5
jeanneret,22.12
jefferson,108.37
jenney,33.18
jenízaro,11.06
jeque,17.69
jerarquizado,8.85
jerónimos,15.48
jesuita,75.2
jesuítico,17.69
joaquim,44.23
josef,68.56
josep,267.62
joão,77.41
jubileo,8.85
jugendstil,44.23
jumièges,6.64
junco,15.48
justiniano,66.35
juvara,15.48
juvarra,28.75
jónica,61.93
jónico,106.16
józef,15.48
jørn,6.64
kaaba,17.69
kahn,57.5
kairouan,8.85
kairuán,33.18
kamakura,15.48
kandinski,13.27
karlskirche,6.64
karnataka,66.35
kaspé,6.64
katedra,6.64
kathedrale,8.85
katkhuda,15.48
katra,17.69
kaufmann,11.06
kaunas,35.39
kazan,22.12
kazimierz,11.06
kazán,33.18
kenzo,11.06
kenzō,28.75
kerk,33.18
khan,97.32
khanqah,22.12
kiev,119.43
kijí,8.85
kilns,6.64
kirche,15.48
kirke,17.69
klee,19.91
klenze,33.18
klerk,26.54
klint,8.85
kloster,15.48
klosterkirche,6.64
kohn,13.27
konstantín,57.5
konya,35.39
koolhaas,35.39
kosciol,19.91
kostel,15.48
kościół,11.06
krakow,11.06
kremlin,68.56
krier,6.64
krishna,15.48
kronstadt,19.91
krumlov,11.06
kubler,11.06
kunst,37.6
kurokawa,8.85
kusumba,8.85
labrado,53.08
labrouste,11.06
lacasa,17.69
lacio,24.33
lado,307.43
ladrillo,1537.15
lahore,99.53
laja,15.48
lalbagh,15.48
laleli,26.54
lama,11.06
lanceta,13.27
landscape,39.81
langhans,13.27
langhaus,6.64
languedoc,24.33
laon,19.91
lapidus,8.85
lapislázuli,8.85
lasdun,17.69
lassen,13.27
lateral,570.62
laterano,15.48
latrobe,42.02
laugier,11.06
lausana,30.96
lavabo,13.27
lavadero,15.48
lazar,15.48
ledoux,132.7
leiden,53.08
lemercier,33.18
lescaze,6.64
lescot,17.69
lesena,13.27
lessay,8.85
letrina,8.85
letrán,24.33
levantado,79.62
levantino,22.12
leña,24.33
libera,17.69
libeskind,37.6
libri,13.27
ligereza,57.5
lillo,22.12
limburgo,19.91
linealidad,11.06
linterna,68.56
lisboa,278.68
lisieux,22.12
liso,130.49
lissitzky,42.02
lithuania,15.48
liturgia,30.96
liviana,8.85
llamativo,84.05
lloyd,165.88
lloyds,8.85
lluís,101.74
lobulado,19.91
lodewijk,6.64
loft,11.06
loggia,11.06
logia,42.02
logis,11.06
lombarda,15.48
lombardo,24.33
longhena,37.6
longhi,19.91
longitudinal,86.26
longoria,8.85
lonja,33.18
loop,15.48
loos,24.33
losa,152.61
loto,30.96
louvre,88.47
lovaina,26.54
lower,24.33
lubetkin,8.85
lubiąż,6.64
lucernario,11.06
ludwig,165.88
lujoso,61.93
lutyens,24.33
luxor,15.48
lászló,24.33
lúcio,28.75
lúdico,37.6
lübeck,48.66
maastricht,44.23
maciza,11.06
macizo,46.45
mackintosh,15.48
madeleine,33.18
madera,6.64
maderno,64.14
madinat,15.48
madrasa,216.75
madrileño,141.55
maeght,6.64
maestro,115.01
magdeburgo,17.69
maggiore,39.81
magnificencia,28.75
magnífico,126.07
magreb,57.5
magrebí,6.64
mahabalipuram,22.12
mahadeva,11.06
mahal,86.26
maharashtra,46.45
mahdia,17.69
mahdía,28.75
mahmud,59.72
maillard,11.06
main,53.08
maison,75.2
majestic,15.48
majestuoso,59.72
malda,6.64
mallikarjuna,6.64
malmö,24.33
mameluca,30.96
mameluco,35.39
mampara,13.27
mampostería,272.04
mampuesto,15.48
manad,6.64
mandapa,11.06
mandir,15.48
manierismo,64.14
manierista,110.59
manila,77.41
mansarda,30.96
mansart,37.6
mansion,17.69
mansión,22.12
manuelino,39.81
manzana,15.48
manzil,8.85
maqbara,15.48
maravillas,17.69
marcado,280.89
marcel,81.83
marcello,26.54
marcks,6.64
marcos,22.12
margarete,13.27
maria,415.8
marienkirche,11.06
mariinsky,6.64
markt,13.27
marquesina,11.06
marquetería,15.48
marrakech,130.49
marsella,79.62
mart,30.96
martino,24.33
martorana,11.06
martorell,28.75
marvuglia,17.69
mascarón,13.27
masjid,121.64
masía,22.12
material,1590.23
materialización,8.85
matriz,26.54
matthäus,11.06
mausoleo,274.25
mausoleum,13.27
mayólica,6.64
mckim,11.06
meca,39.81
mecena,42.02
mecenas,11.06
mecenazgo,33.18
medallón,42.02
medianera,24.33
medici,19.91
medieval,510.91
medioevo,8.85
megaestructura,8.85
megalitismo,11.06
megalito,11.06
megalítica,8.85
megalítico,22.12
mehmet,15.48
meier,19.91
meinig,6.64
meister,19.91
melchior,13.27
melilla,79.62
mencionar él,15.48
mendelsohn,75.2
mendicant,48.66
mendicante,13.27
menhir,13.27
menshikov,8.85
mercadal,24.33
mercado,115.01
merced,50.87
meridional,145.97
merlón,8.85
merrill,26.54
mesoamericana,22.12
mesoamericano,15.48
mesoamericán,33.18
mesoamérica,33.18
mesopotamia,53.08
mesopotámico,22.12
mesurado,6.64
metalurgia,17.69
metopa,28.75
metropol,17.69
metrópoli,55.29
meuron,13.27
meyer,68.56
mezclar,176.94
mezquita,524.18
michell,15.48
michelozzo,6.64
michelucci,6.64
middelburg,8.85
midtown,37.6
mies,260.98
mihrab,11.06
mihrabs,26.54
mikhail,30.96
milanés,22.12
milenio,59.72
mileto,19.91
milà,17.69
mimar,24.33
mimbre,8.85
minar,26.54
minaret,11.06
minarete,143.76
minbar,22.12
ming,42.02
minimalismo,22.12
minimalista,22.12
minster,24.33
minuciosidad,6.64
mirador,46.45
miret,6.64
misticismo,15.48
mitrović,13.27
mixtilíneo,22.12
mobiliario,134.92
mocárabe,6.64
mocárabes,33.18
moda,203.48
modelada,8.85
moderación,22.12
modern,92.89
moderna,90.68
moderne,57.5
modernidad,150.4
modernismo,68.56
modernist,6.64
modernista,26.54
moderno,139.34
modestia,11.06
modesto,99.53
modular,33.18
mogol,6.64
mogola,22.12
mold,26.54
moldeado,37.6
moldura,110.59
moldurada,6.64
moma,48.66
monacal,19.91
monacato,11.06
monasterio,11.06
monastery,13.27
moneo,26.54
mongola,35.39
monolítico,42.02
monotonía,11.06
monreale,26.54
montaner,39.81
montante,15.48
montañés,17.69
montcada,11.06
montecitorio,15.48
monteiro,19.91
montreal,148.19
montículo,44.23
monument,17.69
monumental,528.6
monumentalidad,61.93
monumentalista,15.48
monumento,796.22
monuments,22.12
monástica,48.66
monástico,55.29
monótono,19.91
monóxido,22.12
morisco,72.99
mortero,117.22
mortuorio,22.12
moruno,8.85
mosaico,234.44
moschea,13.27
moscovita,13.27
moscovito,39.81
moscow,97.32
moscú,433.5
mosque,161.46
mosquée,8.85
mosteiro,13.27
moti,8.85
motivo,732.08
moulins,11.06
movibl,6.64
movimento,8.85
mozárabe,46.45
mozárabes,11.06
muche,11.06
mudéjar,30.96
mueble,143.76
muebles,8.85
muelle,15.48
muhammad,79.62
multan,11.06
multidisciplinar,13.27
multifamiliar,8.85
multifuncional,17.69
mumbai,53.08
muqarna,72.99
muqarnas,6.64
mural,72.99
muralla,19.91
murallas,15.48
murario,6.64
muro,1134.61
muromachi,13.27
mustafa,44.23
musulmán,223.38
muzeum,11.06
muzharul,6.64
mánchester,183.57
mármol,451.19
médici,42.02
mélnikov,66.35
ménshikov,26.54
ménsula,70.78
nadu,26.54
nagara,15.48
napoleónico,26.54
nara,24.33
narbona,22.12
narthex,6.64
naryshkin,37.6
natividad,33.18
naturalista,26.54
naumann,15.48
nave,35.39
nawab,6.64
nazarí,8.85
nazismo,30.96
near,8.85
nebrija,11.06
necrópolis,50.87
neerlandesa,26.54
neerlandés,53.08
nelle,11.06
neobarroca,15.48
neobarroco,24.33
neobizantina,48.66
neobizantino,61.93
neoclasicismo,66.35
neoclasicista,11.06
neoclásica,37.6
neoclásico,22.12
neocolonial,6.64
neofuturista,26.54
neogriega,26.54
neogriego,37.6
neogriegos,6.64
neogótica,22.12
neogótico,11.06
neoherreriano,6.64
neoliberty,8.85
neolítico,19.91
neomedieval,11.06
neomorisco,6.64
neomudéjar,8.85
neoplasticismo,37.6
neorrenacentista,30.96
neorrenacimiento,6.64
neorrománico,28.75
neorruso,8.85
neorrús,11.06
neoárabe,6.64
neoárabes,6.64
neri,19.91
nervada,19.91
nervadura,35.39
neue,46.45
neues,26.54
neumann,28.75
neutra,26.54
nevers,11.06
nevski,15.48
nevsky,15.48
newcomb,6.64
neón,13.27
nicho,159.24
nicola,46.45
nicolas,75.2
nicolau,13.27
niemeyer,90.68
nieuwe,35.39
nikolaus,26.54
nikolái,46.45
nizam,11.06
noailles,13.27
nobile,17.69
nobleza,150.4
noreste,13.27
normanda,13.27
normandie,13.27
normando,44.23
normar,66.35
norwich,24.33
nostra,17.69
notable,685.63
noto,24.33
notre,66.35
nouveau,269.83
nouvel,19.91
novecentista,13.27
novecento,8.85
novedad,108.37
novedoso,68.56
novodevichy,8.85
novodévichi,15.48
novohispana,6.64
novohispano,50.87
novohispán,8.85
novosibirsk,17.69
novy,6.64
nubia,28.75
nubio,30.96
nuno,13.27
nuovo,22.12
nymphenburg,8.85
nártex,24.33
nîmes,11.06
nómado,19.91
nôtre,19.91
oasis,22.12
obelisco,46.45
objetividad,26.54
obradoiro,11.06
obviar,11.06
occidental,650.25
occidentalización,15.48
occidente,6.64
octagon,6.64
octagonal,15.48
octogonal,225.6
octágono,11.06
octógono,13.27
octóstilo,6.64
oficios,26.54
ohrid,11.06
oiza,19.91
ojeda,39.81
ojiva,28.75
ojival,8.85
olbrich,11.06
olgyay,19.91
olmsted,13.27
omeya,15.48
omeyas,28.75
omnipresente,19.91
ondol,19.91
ondulada,15.48
ondulado,33.18
operario,19.91
oporto,132.7
opulencia,8.85
opulento,17.69
oración,236.65
orfebre,15.48
organicismo,19.91
organicista,13.27
orientación,161.46
orientales,70.78
orientalista,11.06
orientar él,11.06
originalidad,46.45
ornamentación,391.48
ornamentada,42.02
ornamentado,123.86
ornamental,188
ornamentar,8.85
ornamento,163.67
ornato,19.91
orthodox,13.27
ortodoxas,48.66
ortodoxo,150.4
ortogonal,35.39
orvieto,42.02
ostankino,11.06
ostentación,22.12
ostentosa,8.85
ostentoso,11.06
ostentós,6.64
ostra,13.27
otomano,356.09
otoniano,6.64
otonián,11.06
ouro,35.39
outdoor,8.85
oval,17.69
ovalada,13.27
ovalado,44.23
oviedo,181.36
owings,28.75
pabellón,112.8
pace,22.12
paderne,11.06
paestum,24.33
pagano,11.06
pagoda,50.87
paisaje,369.36
paisajismo,26.54
paisajista,66.35
paisajístico,28.75
paja,218.96
pajar,6.64
pala,22.12
palace,6.64
palacet,26.54
palacete,17.69
palaciego,6.64
palacio,1457.53
paladianismo,15.48
palais,95.1
palatín,17.69
palau,28.75
palazzo,230.02
palencia,97.32
paleocristiana,11.06
paleocristiano,19.91
paleocristián,30.96
palermo,132.7
palladiana,11.06
palladianismo,13.27
palladiano,53.08
palladio,110.59
palladián,37.6
pallava,22.12
palmeta,17.69
palácio,30.96
pancras,6.64
panel,172.51
panera,13.27
paneuropeo,8.85
pani,11.06
panoramio,53.08
panteón,86.26
parabólico,19.91
paradigma,44.23
paradigmático,17.69
paralelepípedo,11.06
paramento,57.5
parapeto,17.69
pareada,22.12
parecer él,15.48
pared,911.23
parish,13.27
parisino,48.66
parlante,11.06
parler,22.12
parroquial,145.97
parteluz,19.91
partenón,19.91
parterr,15.48
particulier,8.85
partners,26.54
pasadizo,15.48
pasha,53.08
pasillo,216.75
pasiva,6.64
pasivo,86.26
pasquale,15.48
patas,6.64
patio,50.87
patrimonio,358.3
patrocinar,46.45
patrocinio,81.83
pattadakal,28.75
pavilion,15.48
pavillon,8.85
pavimento,50.87
paxton,17.69
pazo,37.6
paço,13.27
peabody,13.27
peatonal,39.81
peatón,19.91
pechina,68.56
pedestal,30.96
pelayo,42.02
pelican,13.27
pelli,22.12
pentagonal,19.91
peral,13.27
peraltado,6.64
perdurable,13.27
perdurar,59.72
perdón,13.27
pere,123.86
perecedero,30.96
peregrinación,90.68
perforado,44.23
perimetral,24.33
periodización,15.48
peristilo,22.12
permacultura,6.64
permear,8.85
perpendicular,101.74
perpetuar,17.69
perrault,39.81
perret,37.6
persa,57.5
persia,75.2
persiana,13.27
persépolis,70.78
pervivencia,30.96
perviveír,15.48
perímetro,64.14
período,1798.13
pesadez,11.06
pescadería,6.64
peterborough,28.75
peterhof,28.75
petersburg,15.48
petersburgo,236.65
petrino,15.48
petroglifo,26.54
petrus,17.69
pevsner,53.08
peñalba,8.85
phaidon,13.27
philibert,37.6
philip,115.01
piacentini,19.91
piazza,90.68
piccadilly,28.75
pictórico,53.08
pied,8.85
piedra,170.3
pier,33.18
pieter,55.29
pietro,121.64
pilar,533.03
pilares,15.48
pilastra,269.83
pilgram,6.64
pillars,8.85
pilot,42.02
pintada,19.91
pintado,165.88
pintar él,8.85
pintoresco,64.14
pináculo,75.2
piramidal,75.2
piranesi,28.75
pirámid,115.01
pirámide,72.99
pirámides,22.12
pisa,57.5
pishtak,13.27
piso,955.46
pisuerga,24.33
pitti,11.06
pizarra,88.47
piñón,17.69
place,115.01
plafón,15.48
plancha,39.81
planeamiento,30.96
planificación,194.63
planificado,61.93
planificar,59.72
planimetría,11.06
planning,22.12
plano,236.65
planta,2037
planteamiento,46.45
plasmar,44.23
plasticidad,19.91
plateresco,13.27
platz,15.48
plaza,962.1
plebiscito,11.06
plinto,8.85
plástico,92.89
poelzig,35.39
poitiers,33.18
poitou,15.48
policromada,19.91
policromado,55.29
policromía,19.91
poliestireno,8.85
poligonal,154.82
polilobulada,6.64
polilobulado,26.54
pollack,26.54
pollini,15.48
polytechnic,6.64
pombal,17.69
pombalino,11.06
pombalín,15.48
pompa,19.91
pompeya,28.75
pomposo,11.06
pont,33.18
pontevedra,345.03
ponti,26.54
popolo,33.18
popularizado,15.48
popularizar,68.56
porch,33.18
porche,72.99
porta,59.72
portail,19.91
portal,426.86
portant,6.64
portante,13.27
porte,39.81
porticado,42.02
portuaria,24.33
portón,44.23
posguerra,132.7
posmodernidad,24.33
posmodernismo,53.08
posmodernista,8.85
posmoderno,115.01
poste,92.89
postmoderna,8.85
postmodernidad,8.85
postmodernismo,28.75
postmoderno,24.33
postulado,37.6
potsdam,46.45
poznan,13.27
pozo,134.92
practicado,50.87
practicidad,11.06
prados,13.27
praga,203.48
pragmático,19.91
prague,11.06
praha,11.06
prairie,22.12
precalentamiento,6.64
precedente,84.05
precedido,42.02
precepto,24.33
preclásico,13.27
precolombina,11.06
precolombín,22.12
predilección,19.91
predominancia,8.85
predominant,19.91
predominante,61.93
predominar,117.22
predominio,44.23
preexistent,17.69
preexistente,17.69
prefabricación,26.54
prefabricada,24.33
prefabricado,75.2
preferido,48.66
preferir él,6.64
prefigurar,8.85
prehistórico,50.87
preindustrial,11.06
preislámica,8.85
preislámico,26.54
premisa,77.41
premoderno,13.27
prerrománico,11.06
presagiar,13.27
presbiteriana,15.48
presbiterio,99.53
presbyterian,6.64
preservado,22.12
preservation,19.91
preto,35.39
prevalecer,50.87
primaticcio,24.33
primitivo,194.63
principesca,8.85
principesco,15.48
priorato,22.12
prisca,8.85
prismático,13.27
pritzker,46.45
profano,24.33
profusión,33.18
profús,24.33
programático,13.27
proliferar,35.39
pronao,8.85
propagandístico,19.91
propiciado,13.27
propileos,13.27
proponent,11.06
proporción,258.77
propugnar,28.75
propyläen,11.06
proscenio,8.85
prosperidad,92.89
protestante,123.86
protestantismo,22.12
protogótico,8.85
prototípico,6.64
prouvé,24.33
provenza,66.35
proyectado,145.97
proyectar,285.31
proyectista,15.48
proyectual,8.85
próspero,37.6
puerta,165.88
pugin,26.54
puglia,15.48
puig,46.45
pujante,17.69
pujanza,13.27
pulida,15.48
pulido,22.12
puntiaguda,11.06
puntiagudo,19.91
pureza,42.02
purismo,17.69
purista,8.85
putti,11.06
pérgamo,17.69
périgueux,19.91
pétreo,26.54
pórfido,8.85
pórtico,24.33
pöppelmann,70.78
púlpito,55.29
qarawiyyin,13.27
qasba,33.18
qasr,50.87
qibla,48.66
quarenghi,33.18
quattro,39.81
queluz,6.64
quemador,15.48
quilla,30.96
quiosco,35.39
quirinal,17.69
raadhuis,6.64
rabat,53.08
racional,103.95
racionalidad,30.96
racionalismo,488.79
racionalista,28.75
racionalización,13.27
racionalizar,11.06
radiador,44.23
radiante,218.96
radieuse,6.64
ragusa,37.6
raguzzini,6.64
rainaldi,39.81
rajasthan,8.85
rajastán,15.48
ramon,42.02
rampa,46.45
rascacielo,163.67
rascacielos,333.97
rasgo,203.48
rashtrakuta,8.85
rastrelli,48.66
rathaus,15.48
rava,8.85
ravenna,13.27
rayy,11.06
reale,15.48
reales,64.14
realización,247.71
realzada,6.64
realzar,24.33
rebajado,28.75
recargado,22.12
recibidor,13.27
reciclado,15.48
reciclar,17.69
recife,28.75
recinto,249.92
recirculación,8.85
recircular,15.48
recoletos,15.48
reconocibl,30.96
reconocible,48.66
reconquista,57.5
reconstrucción,24.33
reconstruction,8.85
reconstruida,37.6
reconstruido,263.2
reconstruir,453.4
reconstruir él,17.69
reconversión,13.27
recortado,17.69
rectangular,537.45
rectilínea,6.64
rectilíneo,22.12
recto,163.67
rectorado,11.06
rectángulo,37.6
recubierta,24.33
recubierto,46.45
recubrimiento,35.39
recubrir,28.75
redecorar,11.06
redentor,19.91
redescubreír,11.06
redescubrimiento,15.48
redondeada,26.54
redondo,137.13
reductwk,6.64
reedificado,8.85
reelaborar,15.48
refectorio,13.27
refinado,57.5
refinamiento,44.23
reflectant,6.64
reflejar,491
reformado,106.16
reforzado,84.05
refractario,15.48
refrescamiento,15.48
refrescar,15.48
refrigeración,126.07
refrigerador,15.48
refrigerante,17.69
regionalismo,30.96
regionalista,48.66
regularidad,57.5
rehecho,6.64
reims,79.62
reinado,521.97
reine,13.27
reinos,33.18
reinterpretación,17.69
reinterpretado,11.06
reinterpretar,30.96
reja,35.39
rejilla,59.72
relicario,15.48
relieve,305.22
relieves,11.06
religioso,988.64
reliquia,97.32
rellenado,6.64
rellenar él,6.64
reloj,24.33
remarcar,28.75
rematada,42.02
rematado,134.92
rematar,66.35
remate,103.95
remedio,8.85
reminiscencia,44.23
remodelación,95.1
remodelado,24.33
remodelar,57.5
renacentista,6.64
renacimiento,121.64
renaissance,70.78
renano,11.06
rendija,11.06
rennie,8.85
renovable,50.87
renovación,218.96
renovado,70.78
renovador,17.69
renzo,15.48
reordenación,8.85
repoblación,33.18
representativo,236.65
resaltado,24.33
reservado,72.99
reseñabl,11.06
residence,8.85
residencia,603.8
residencial,444.56
respiradero,11.06
restaurado,86.26
resurgimiento,26.54
retorcido,15.48
retorno,137.13
retrasado,15.48
retrofuturismo,6.64
retícula,33.18
reurbanización,17.69
reutilización,39.81
reutilizada,8.85
reutilizado,11.06
reutilizar,42.02
revestido,110.59
revestimiento,117.22
revestir,26.54
revilla,19.91
revitalización,19.91
revival,24.33
revivalismo,6.64
reviveír,28.75
revoco,8.85
reynals,22.12
reyner,28.75
rhein,17.69
rialto,13.27
ribeira,15.48
rice,37.6
rickman,17.69
rico,395.9
riga,110.59
rinaldi,15.48
riquísimo,8.85
rite,6.64
ritmado,6.64
rocaille,6.64
rocalla,22.12
rococar,8.85
rococó,53.08
rococós,17.69
rodeado,333.97
rohe,241.08
romana,8.85
romanico,6.64
romano,922.29
romanticismo,55.29
románico,64.14
ronchamp,11.06
rosetón,143.76
roskilde,17.69
rossi,55.29
rosário,6.64
rotonda,22.12
rotonde,11.06
rotondo,8.85
roudnice,11.06
rouen,28.75
rousseau,28.75
rovira,39.81
rozamiento,13.27
ruan,50.87
rubió,39.81
rucabado,28.75
rudolph,24.33
ruina,283.1
ruins,17.69
rupestre,37.6
rupturista,8.85
ruskin,24.33
russe,17.69
russia,17.69
russian,35.39
rávena,46.45
róterdam,66.35
rústico,68.56
saadí,11.06
saarinen,55.29
sabatini,15.48
sachlichkeit,8.85
sacro,30.96
sacsayhuamán,15.48
safont,13.27
safávidas,11.06
safávido,22.12
sagnier,28.75
sagrado,66.35
sagrario,17.69
sagrera,17.69
sahagún,22.12
sainte,26.54
sajón,46.45
sala,864.78
salesas,19.91
saliente,88.47
salih,15.48
salisbury,42.02
salmona,13.27
salomon,35.39
salomónica,30.96
salomónico,8.85
salubridad,8.85
salute,24.33
salvi,11.06
salón,260.98
salónica,28.75
samarcanda,42.02
samarra,68.56
sanctis,8.85
sangallo,6.64
sanssouci,19.91
santuario,356.09
santullán,13.27
santísima,130.49
sarcófago,28.75
sarraz,11.06
sasánida,28.75
sasánido,84.05
sava,22.12
savings,8.85
saviour,13.27
savoye,22.12
scamozzi,17.69
scharoun,37.6
scheepvaarthuis,8.85
schinkel,53.08
schloss,42.02
schlüter,8.85
seagram,22.12
sears,13.27
sebastiano,33.18
sebka,22.12
secado,11.06
secar,39.81
secesión,37.6
secular,6.64
secundino,13.27
segismundo,35.39
segovián,8.85
selim,79.62
selyúcida,35.39
selyúcido,50.87
seló,13.27
semejar,13.27
semicircular,143.76
semicolumna,11.06
semicúpula,30.96
semiesférica,6.64
semiesférico,8.85
semiología,6.64
semper,24.33
sencillez,57.5
senlis,15.48
sens,26.54
sepulcral,11.06
sepulcro,24.33
sereno,13.27
serlio,30.96
sernin,6.64
sernín,8.85
serpentear,8.85
serpentín,24.33
sert,53.08
setchūyō,6.64
severino,13.27
sezession,33.18
seísmo,11.06
señora,466.67
señorial,66.35
shah,8.85
shahi,28.75
shalimar,26.54
shastra,13.27
shaykh,19.91
shikhara,8.85
shiraz,13.27
shiva,46.45
shoin,17.69
shona,8.85
shui,17.69
sicilia,234.44
siciliano,70.78
sicilián,46.45
siderurgia,6.64
sidi,42.02
siena,90.68
sigfried,8.85
sigloxvi,15.48
sigloxviii,11.06
signo,13.27
sillar,11.06
sillería,59.72
siloé,24.33
silueta,42.02
simbiosis,13.27
simbolismo,48.66
simbolizado,11.06
simbolizar,117.22
simbólico,168.09
simetría,181.36
simple,429.07
simplicidad,119.43
simplificación,28.75
simétrica,33.18
simétrico,170.3
sinagoga,37.6
sinan,19.91
sincretismo,13.27
sint,11.06
sintoísta,17.69
sintra,11.06
sinuoso,37.6
sirvient,6.64
sistematización,13.27
sivas,22.12
siza,19.91
skidmore,28.75
skyline,13.27
smithson,24.33
smolny,26.54
soane,35.39
soberano,66.35
sobrecargado,15.48
sobreelevado,11.06
sobresalir,134.92
sobrevivir,327.34
sobria,26.54
sobriedad,86.26
sobrio,163.67
sofisticación,17.69
sofisticado,48.66
sofía,170.3
soissons,13.27
solar,57.5
solariego,17.69
soleamiento,11.06
solera,6.64
solidez,30.96
solvychegodsk,6.64
sombreado,11.06
sona,13.27
sonargaon,8.85
soportada,11.06
soportado,44.23
soportal,35.39
soportar,196.84
sostenible,117.22
sostenido,148.19
soufflot,26.54
speer,22.12
square,97.32
srinagar,24.33
staatliche,8.85
stadhuis,11.06
stam,33.18
stare,8.85
stijl,50.87
stirling,24.33
streamline,22.12
strickland,15.48
style,150.4
subcontinent,11.06
subcontinente,48.66
subestructura,8.85
subrayado,8.85
suburbano,28.75
sufí,11.06
suger,8.85
sugerente,11.06
suisse,13.27
sullivan,66.35
sully,15.48
sulpicio,13.27
sultan,117.22
sultanato,28.75
sultán,66.35
sumerio,15.48
summerson,11.06
suntuosidad,19.91
suntuoso,50.87
superestructura,35.39
superficialidad,8.85
superfluo,15.48
superiore,13.27
superponer,22.12
superposición,44.23
superpuesta,19.91
superpuesto,44.23
surgimiento,70.78
susa,46.45
sustainable,8.85
sustentable,72.99
sustentado,24.33
sustentant,6.64
sustituido,35.39
synagogue,8.85
sénanque,6.64
síntesis,123.86
sóviets,8.85
tabacos,8.85
tabernáculo,11.06
tabiqu,17.69
tablón,37.6
tabriz,19.91
tadao,11.06
taifa,17.69
talla,179.15
tallado,19.91
tallador,11.06
tallar,75.2
tallin,24.33
tambor,77.41
tamerlán,33.18
tandur,11.06
tang,57.5
tange,55.29
tapia,11.06
tapial,35.39
tapiz,28.75
tardogótica,8.85
tardomedieval,11.06
tardorrománico,11.06
tardío,429.07
taschen,8.85
tatami,15.48
tatlin,46.45
taut,112.8
taxco,17.69
teatralidad,13.27
tech,42.02
techado,28.75
techar,13.27
techo,13.27
techumbre,61.93
tecnológico,152.61
teige,6.64
teja,218.96
tejado,8.85
telégrafos,15.48
temperatura,599.38
templ,11.06
templaria,6.64
templario,22.12
temple,28.75
temples,19.91
templet,13.27
templete,11.06
templo,305.22
temprano,245.5
tendencia,486.58
tenochtitlan,13.27
teorizado,6.64
teotihuacán,15.48
terma,75.2
termal,42.02
termas,15.48
terminado,267.62
termostato,61.93
terracota,26.54
terragni,44.23
terrasse,6.64
terraza,11.06
terrenal,17.69
tessin,6.64
testero,11.06
tetrástilo,6.64
teutónica,26.54
textile,8.85
teórico,24.33
thames,22.12
thays,6.64
theophil,24.33
theotokos,30.96
thon,33.18
thorvaldsen,11.06
tigerman,6.64
tigris,17.69
timúrida,24.33
tipología,199.06
tipológico,24.33
tirant,19.91
tirso,15.48
tirtha,6.64
toba,13.27
tobera,11.06
tokonoma,6.64
toldo,8.85
toman,13.27
tomb,26.54
topkapi,26.54
topografía,30.96
torre,451.19
torreón,57.5
torroja,11.06
toruń,33.18
tosca,13.27
toscana,30.96
toscano,44.23
toscán,11.06
totalitario,19.91
totalitarismo,11.06
toul,17.69
toulouse,214.54
tournai,33.18
tours,55.29
tower,225.6
towers,26.54
toyo,8.85
trabajado,22.12
tracería,172.51
trade,66.35
tradicional,873.63
tradicionalismo,13.27
tradicionalista,26.54
tradición,829.4
tradition,15.48
tragaluz,11.06
trampantojo,6.64
transalpino,15.48
transepto,283.1
transfiguración,46.45
transición,252.14
translúcido,15.48
transparente,6.64
transversal,68.56
trapezoidal,19.91
traslucir,15.48
travesaño,13.27
trazado,17.69
traído,44.23
treinta,33.18
tremecén,22.12
trevi,13.27
trezzini,17.69
triangular,117.22
trianon,33.18
tribuna,55.29
tribune,22.12
tridimensional,37.6
triforio,59.72
triforium,8.85
triglifo,19.91
trilobulado,11.06
trinidad,203.48
trinité,26.54
tripartito,30.96
triturado,8.85
triunfal,46.45
triunfo,37.6
trompa,33.18
trompas,17.69
tronco,141.55
truncado,22.12
trébol,24.33
trófimo,13.27
tschumi,26.54
tsárskoye,13.27
tubería,216.75
tubular,37.6
tudor,53.08
tulun,33.18
tumba,39.81
tumbas,11.06
tungabhadra,8.85
turun,6.64
tuñón,8.85
técnicos,19.91
térmico,287.52
tímpano,88.47
típico,479.94
tívoli,8.85
túmulo,84.05
türbes,6.64
ubaldo,11.06
umayyad,8.85
unesco,289.74
unifamiliar,44.23
uniformidad,26.54
unité,33.18
universale,6.64
urales,17.69
urbanismo,212.33
urbanista,48.66
urbanización,154.82
urbanizar,13.27
urbano,1103.65
urbanística,6.64
urbanístico,269.83
utilitario,33.18
utilizable,15.48
utilización,134.92
utopía,15.48
utrecht,61.93
utzon,8.85
utópica,17.69
utópico,57.5
uxmal,8.85
vaccarini,26.54
vaciado,17.69
valdediós,24.33
valois,30.96
vanbrugh,24.33
vandalismo,17.69
vandelvira,19.91
vanguardia,159.24
vanguardista,59.72
vano,161.46
vanvitelli,24.33
varsovia,123.86
vasa,26.54
vasili,28.75
vasto,55.29
vastu,35.39
vecindario,66.35
vegetal,165.88
velde,35.39
velha,15.48
veliki,15.48
venanzio,8.85
vendôme,33.18
venecia,245.5
veneciana,19.91
veneciano,86.26
venecián,55.29
veneración,22.12
veneto,13.27
venice,35.39
ventana,1039.51
ventanal,132.7
ventilación,13.27
ventilado,17.69
ventilador,15.48
ventilar,33.18
ventiloconvectores,26.54
venturi,68.56
veranda,11.06
vernacular,11.06
vernácula,6.64
vernácular,6.64
vernáculo,170.3
vers,15.48
versalles,148.19
vertical,258.77
verticalidad,46.45
vesnin,8.85
vesnín,39.81
vestigio,117.22
vestíbulo,103.95
viaducto,11.06
viario,30.96
victoriano,48.66
victorián,37.6
vidriado,59.72
vidriera,101.74
vidrio,24.33
vieja,86.26
vienesa,13.27
vienés,37.6
vierzehnheiligen,26.54
view,64.14
viga,183.57
vigas,6.64
vignola,28.75
vignon,13.27
vigo,157.03
vihar,6.64
vihara,6.64
vijayanagara,61.93
vilhelm,15.48
villae,11.06
ville,24.33
villette,26.54
vilna,79.62
vilnius,88.47
vincennes,17.69
virreinal,64.14
virupaksha,11.06
vishnu,22.12
visible,190.21
visigoda,6.64
visigodo,19.91
visigótica,6.64
visionario,8.85
visitación,24.33
vitalista,6.64
vito,24.33
vitral,64.14
vitrificado,6.64
vitrubio,8.85
vitruvio,84.05
vitruvián,6.64
vitthala,11.06
vittone,13.27
vivienda,1340.3
viviendas,15.48
vjutemás,19.91
vladímir,79.62
volada,6.64
voladizo,44.23
volumetría,24.33
volumétrico,13.27
voluta,68.56
vredeman,6.64
véneto,24.33
wache,8.85
wailly,17.69
walpole,11.06
wasmuth,6.64
watkin,8.85
wawel,24.33
wayō,22.12
weimar,72.99
weissenhof,13.27
weißenhofsiedlung,33.18
weissenhofsiedlung,6.64
welby,8.85
wells,57.5
wendel,6.64
werkbund,86.26
westerkerk,11.06
westminster,86.26
whitby,8.85
wieskirche,6.64
wigley,11.06
wilkins,22.12
willem,26.54
wils,6.64
wilton,13.27
winckelmann,13.27
wren,75.2
wright,174.73
yaroslavl,24.33
yazd,6.64
yesería,15.48
yeso,110.59
zaguán,11.06
zaha,57.5
zamek,15.48
zanja,19.91
zaor,6.64
zarzuela,17.69
zemtsov,6.64
zenshūyō,19.91
zevi,15.48
zigurat,17.69
zigurats,13.27
zigzag,11.06
zigzagueante,6.64
ziri,6.64
zirí,24.33
zoco,8.85
zonificación,17.69
zuazo,15.48
zócalo,26.54
zúrich,108.37
ábaco,13.27
ábside,6.64
ábsides,6.64
ámsterdam,232.23
ándalus,8.85
ático,75.2
école,39.81
édifice,6.64
église,42.02
élite,103.95
énfasis,121.64
éntasis,8.85
época,1961.8
époque,19.91
évora,42.02
évreux,15.48
ímpetu,22.12
óculo,17.69
český,8.85
дворец,6.64
россии,6.64
собор,26.54
церковь,15.48
