abadesas,6.58
abanderar,5.64
abaratamiento,4.7
abaratar,11.28
abarcadoro,2.82
abasida,6.58
abasí,11.28
abbasí,3.76
abbás,6.58
abdalá,9.4
abderramán,27.26
abdicación,21.62
abdicar,37.59
aberrant,4.7
abolición,97.74
abolido,7.52
abolir,118.42
abolir él,3.76
abortado,5.64
aborígén,52.63
abrigo,37.59
absceso,12.22
absolutismo,29.14
absolutista,7.52
abstención,24.44
abulcasis,4.7
acadia,6.58
acadio,4.7
acaparar,16.92
accio,5.64
aceite,205.82
aceituna,19.74
acentuar,40.41
acero,21.62
acería,14.1
achacar,13.16
achelense,12.22
acls,2.82
acogiar,6.58
acomodar él,5.64
acosado,9.4
acre,34.77
acrecentar,16.92
acrecentar él,5.64
acuerdos,30.07
aculturación,5.64
acupuntura,7.52
acuña,3.76
acuñación,17.86
acuñada,7.52
acuñar,67.67
acuñó,9.4
adaptativa,3.76
adelanto,46.99
adelardo,4.7
adepto,25.38
ader,4.7
adheer,3.76
adherent,7.52
adhesión,55.45
adinerada,7.52
aditamento,4.7
adivinatoria,3.76
adquisitivo,16.92
adrianópolis,16.92
adrià,11.28
adriático,4.7
adueñar,12.22
adulteración,4.7
advenimiento,31.95
adversario,5.64
aecio,15.04
aeroplano,15.98
afeminado,13.16
afganistán,227.44
afgano,14.1
afianzamiento,8.46
afianzar,43.23
afrancesado,9.4
afrenta,7.52
afán,34.77
agila,4.7
agitación,34.77
agotamiento,29.14
agotar él,6.58
agrario,120.3
agravar,44.17
agricola,13.16
agricultura,348.68
agriculture,23.5
agrícola,314.85
aguardiente,12.22
agudizar,22.56
aguilafuente,5.64
agustí,9.4
aislar,55.45
ajedrez,104.32
ajusticiar,6.58
akkad,3.76
alamán,4.7
alano,25.38
alarico,46.05
albahaca,4.7
albania,263.15
albano,2.82
albanés,42.29
albigens,3.76
albor,17.86
albán,9.4
alcachofa,4.7
alcaravea,2.82
alcmeón,6.58
alcuino,4.7
aldrovandi,4.7
alejandrina,7.52
alejandrino,5.64
alejandría,116.54
alemanias,3.76
alfabeto,130.64
alfabética,2.82
alfons,11.28
algodonero,14.1
algodón,296.05
alia,16.92
aliada,7.52
aliado,297.93
aliados,47.93
aliar él,18.8
alimento,407.89
aliñado,2.82
aljubarrota,4.7
almacenabl,3.76
almadén,10.34
almagesto,4.7
almanzor,15.04
almenara,2.82
almendra,27.26
almirall,11.28
almizra,4.7
almohad,14.1
almohade,11.28
almorávid,10.34
almorávide,3.76
alois,9.4
alpera,2.82
alquimia,39.47
alquimista,31.01
alquitrán,14.1
alquímico,12.22
altamiras,3.76
alternancia,23.5
alternar él,5.64
altísimo,14.1
alumbre,27.26
aluminio,117.48
alza,25.38
alzamiento,36.65
alóbroges,2.82
amalgama,12.22
ambición,56.39
ambientalista,10.34
ambivalente,10.34
ambroise,5.64
americana,46.99
americanización,2.82
amiano,5.64
amnistío,2.82
amorreo,16.92
amosis,3.76
amplísimo,4.7
ampurias,14.1
amputación,13.16
amputar,7.52
amurallar,3.76
analectas,2.82
analfabetismo,21.62
analfabeto,6.58
analgésico,8.46
analizado,14.1
anarcosindicalismo,18.8
anarcosindicalista,10.34
anarquismo,152.25
anarquista,134.4
anarquistas,10.34
anarquía,41.35
anasazi,3.76
anatolia,93.98
anatomista,20.68
anatomía,82.71
anatómica,14.1
anatómico,30.07
anaximandro,6.58
anchoa,4.7
anchoas,3.76
andalusí,7.52
andrópov,13.16
anexada,3.76
anexar,50.75
anexionado,7.52
anexionar,66.73
anexionar él,16.92
anexión,49.81
angevín,2.82
angkor,9.4
anglería,3.76
anglicano,9.4
anglo,5.64
anglosajón,8.46
anilina,6.58
animadversión,7.52
animalibus,3.76
animalium,8.46
animista,6.58
aniquilar,24.44
anselme,5.64
anson,8.46
antemio,21.62
anticatolicismo,4.7
anticatólico,9.4
antich,4.7
anticitera,2.82
anticlerical,12.22
anticlericalismo,7.52
anticomunista,18.8
anticoncepción,18.8
anticonceptivo,12.22
anticristián,5.64
anticuario,11.28
antiespañola,5.64
antiguo,185.15
antigónida,2.82
antigüedad,189.85
antiimperialista,7.52
antijudaísmo,8.46
antijudío,6.58
antillano,10.34
antillas,66.73
antinatural,7.52
antioccidental,2.82
antisemita,29.14
antisemitismo,51.69
antisepsia,2.82
antisistema,3.76
antropocentrismo,3.76
antropofagia,4.7
antropología,84.59
antropológico,25.38
antropólogo,34.77
antígono,9.4
antíoco,22.56
antípatro,8.46
anudar,4.7
anwar,9.4
anímico,8.46
aparcería,3.76
apatía,6.58
aperturismo,6.58
aperturista,5.64
apetito,13.16
apicio,4.7
apicius,4.7
apocalíptico,12.22
apoderar,54.51
apogeo,75.19
apolinar,6.58
appenzell,18.8
appert,4.7
aprehender,3.76
aprieto,4.7
apropiar,15.98
apóstata,13.16
aquae,8.46
aqueménida,4.7
aqueménido,24.44
aquietar,2.82
aquilea,7.52
aquitano,3.76
arabia,178.57
arabizado,2.82
arado,25.38
arago,10.34
aral,7.52
arameo,9.4
arancel,2.82
aras,9.4
arbogasto,2.82
arcadio,26.32
arcaico,15.98
ardor,6.58
arenqu,3.76
arenque,5.64
areteo,7.52
argovia,18.8
ario,6.58
aristocracia,119.36
aristocrático,38.53
aristotélico,23.5
aristófanes,11.28
aristóteles,138.16
arithmetica,10.34
arlés,29.14
armamentista,5.64
armisticio,26.32
arnau,19.74
aromatizar,5.64
arpanet,9.4
arquelao,4.7
arqueología,76.13
arqueológicamente,2.82
arquetípico,7.52
arquímedes,19.74
arraigar,20.68
arrianismo,20.68
arriano,13.16
arrio,9.4
arrived,2.82
arrián,7.52
arroz,124.06
arsácido,5.64
arsénico,13.16
arsínoe,6.58
artehistoria,5.64
arterial,30.07
artesanado,6.58
artesano,83.65
artificiosidad,2.82
arverno,5.64
arábigo,29.14
asalariado,15.04
asamblea,112.78
ascendiente,4.7
asclepio,18.8
ascético,8.46
asediar,27.26
asen,8.46
asentamiento,9.4
asentar él,26.32
asepsia,5.64
asequible,18.8
ashikaga,11.28
ashoka,5.64
ashurbanipal,2.82
asia,551.69
asimilación,30.07
asimilar,35.71
asiria,5.64
asirio,42.29
asiático,104.32
askenazí,5.64
asmoneo,2.82
asocial,3.76
asolar,35.71
aspirina,94.92
asquenazí,14.1
assur,5.64
astro,25.38
astrolabio,15.04
astrología,14.1
astronomía,85.53
astur,14.1
asturica,5.64
asurbanipal,6.58
atanagildo,2.82
atapuerca,11.28
atarazanas,9.4
ataturk,2.82
atatürk,20.68
ataúlfo,7.52
ateneo,14.1
atentar,15.98
atila,20.68
atla,5.64
atomismo,10.34
atomista,6.58
atomización,7.52
atraso,21.62
atrevimiento,3.76
attlee,3.76
atómico,150.37
auge,226.5
augústulo,17.86
aunar,15.04
aurangzeb,6.58
aureliano,15.98
auriñaciense,2.82
auscultación,3.76
austera,4.7
austeridad,20.68
austerlitz,5.64
austero,23.5
australopithecus,5.64
austrias,10.34
austronesio,5.64
austríaco,11.28
autarquía,10.34
autoafirmación,3.76
autocracia,9.4
autocrático,15.98
autodeterminación,16.92
autofinanciación,3.76
autogobierno,30.07
autonomismo,3.76
autonomista,5.64
autonomía,198.31
autoproclamar,11.28
autoproclamar él,3.76
autoritario,57.33
autoritarismo,18.8
autosuficiencia,12.22
autosuficiente,15.04
autárquico,4.7
avance,421.05
avellana,6.58
avempace,3.76
avenches,10.34
aventicum,5.64
averroes,11.28
avicena,36.65
avieno,2.82
avisos,4.7
avistar,30.07
avito,6.58
aviñón,26.32
avogadro,26.32
ayuno,17.86
ayurveda,6.58
ayurvédico,4.7
ayutthaya,10.34
azafrán,83.65
aziliense,2.82
azpilicueta,4.7
azteca,20.68
azúcar,265.97
años,108.08
aśoka,4.7
babbage,6.58
babilonia,119.36
babilonio,16.92
babilónico,28.2
babur,9.4
bacalao,9.4
backgammon,3.76
bacon,21.62
bacteriología,5.64
bacteriófago,10.34
bactria,6.58
bactriana,11.28
badalona,50.75
badiano,6.58
baekje,25.38
baer,18.8
bagauda,8.46
bagdad,46.05
bajomedieval,8.46
bakunin,28.2
balancín,9.4
balanza,22.56
balcanes,111.84
balcánico,31.01
baldassare,4.7
balfour,14.1
balhae,7.52
ballesta,16.92
banato,5.64
bandidaje,3.76
bandolerismo,7.52
banovina,4.7
banquete,41.35
barato,69.55
barbarella,3.76
barcelonesa,4.7
barcelonés,14.1
barcino,9.4
bardot,5.64
barkal,2.82
baronio,2.82
barraquer,8.46
bartolomeu,5.64
barómetro,4.7
bashō,11.28
basilea,62.03
bastetano,2.82
bata,8.46
batata,8.46
batidora,3.76
battuta,3.76
batu,4.7
baudin,4.7
baus,4.7
bauxita,8.46
bayer,84.59
beadle,4.7
beber él,4.7
bebida,199.25
bebido,5.64
becquerel,10.34
beduino,9.4
beef,7.52
belavezha,4.7
belfort,11.28
beligerante,10.34
beltraneja,6.58
beluchistán,2.82
benedictina,8.46
benedictino,14.1
beneš,15.04
benivieni,2.82
benozzo,4.7
bereber,14.1
berenguer,30.07
berna,62.97
bernoulli,11.28
berruguete,6.58
berthollet,8.46
bertran,5.64
berzelius,20.68
bessel,8.46
besós,16.92
bethlehem,11.28
bhimbetka,3.76
biblos,6.58
bicameral,14.1
bienio,12.22
biga,7.52
bikini,20.68
bilis,22.56
biologicista,6.58
biología,133.46
biomolécula,5.64
bioquímica,26.32
bioquímico,10.34
biosfera,19.74
biotecnología,13.16
bisexual,36.65
bisexualidad,5.64
bismarck,34.77
bitinia,11.28
bizancio,58.27
bizantina,12.22
bizantino,30.07
bizantín,52.63
biólogo,39.47
blaise,8.46
bleuler,5.64
blitzkrieg,2.82
bocio,4.7
bodin,8.46
bohemia,118.42
bohr,15.98
boicotear,14.1
bolcheviqu,41.35
bolchevismo,9.4
bolso,16.92
boltzmann,7.52
bonanza,10.34
bonaplata,4.7
boole,6.58
borbones,14.1
borbón,6.58
borbónica,2.82
borbónico,24.44
borgoña,116.54
borgoñona,2.82
borgoñón,7.52
bormio,2.82
borrell,9.4
bosnia,143.8
bosnio,11.28
bosquejar,2.82
bosquimanos,3.76
boticario,18.8
botánica,38.53
bougainville,8.46
boyle,22.56
boyo,3.76
bracara,3.76
braga,6.58
brahe,5.64
brahmán,7.52
brasero,4.7
braudel,22.56
brebaje,3.76
breno,3.76
bretaña,365.6
brezhnev,2.82
britania,41.35
británico,202.07
broca,11.28
brocado,11.28
bronce,101.5
bronzino,4.7
broz,7.52
brunfels,5.64
brézhnev,75.19
brújula,8.46
bubónico,5.64
buchner,4.7
buckland,10.34
buda,57.33
budismo,114.66
budista,109.96
buffon,15.04
buhen,2.82
bujarin,6.58
bujará,30.07
bula,10.34
bund,6.58
bunsen,11.28
burbujear,2.82
burdigala,2.82
burguesa,21.62
burguesía,137.22
burgundio,16.92
burgués,27.26
burocracia,44.17
burocrático,24.44
burócrata,12.22
busca,4.7
bushnell,26.32
báltico,29.14
bárbaro,99.62
bélico,88.34
bética,13.16
búlgaros,17.86
cabe,6.58
cabrestant,2.82
cacao,8.46
caciquil,8.46
caciquismo,7.52
cadafalch,7.52
cadalso,4.7
cajal,17.86
calcedonia,14.1
calcolítico,4.7
caldeo,19.74
cale,10.34
calentar él,8.46
calibrar,5.64
califa,7.52
califal,6.58
califas,2.82
califato,49.81
caloría,13.16
calvinismo,6.58
calvinista,6.58
calza,19.74
calzón,20.68
calígula,10.34
calórico,6.58
cambises,8.46
camboyano,7.52
campaniforme,3.76
campesinado,2.82
campesino,68.61
campomanes,29.14
canalejas,10.34
cananeo,7.52
canaán,27.26
canela,18.8
canovista,2.82
cantones,8.46
cantábrica,13.16
cantábrico,12.22
canvi,4.7
capadocia,15.98
capeto,11.28
capitación,6.58
capitalidad,17.86
capitalismo,10.34
capitalista,8.46
capitalizado,2.82
capitanía,32.89
capitolina,5.64
capitular,24.44
capmany,8.46
carabela,22.56
caracalla,16.92
caracterizado,120.3
caracterizar él,9.4
caral,4.7
carbonato,23.5
carbón,12.22
carcasona,11.28
cardano,5.64
cardial,2.82
carestía,9.4
carib,2.82
caribes,8.46
caristo,2.82
cariz,8.46
carlista,18.8
carlomagno,94.92
carlomán,4.7
carnot,6.58
carolingia,21.62
carolingio,3.76
carraca,5.64
carro,134.4
cartaginense,4.7
cartaginés,18.8
cartelismo,3.76
carthago,13.16
cartografiar,10.34
cartografía,35.71
cartógrafo,24.44
casiodoro,5.64
casta,40.41
castellana,2.82
castidad,14.1
castizo,5.64
castración,7.52
catacumba,9.4
catalana,4.7
catalanas,10.34
catalanista,11.28
catalán,296.99
cataláunicos,6.58
cataplasma,2.82
catapulta,8.46
catarismo,5.64
catarsis,4.7
catastrofismo,8.46
catastrofista,2.82
catastrófico,20.68
catecismo,8.46
catolicismo,84.59
catástrofe,41.35
catódico,9.4
católico,177.63
causis,4.7
cauterización,5.64
caída,343.98
cebada,41.35
cebado,31.95
cebar,4.7
ceca,6.58
ceda,11.28
ceilán,16.92
celibato,7.52
celso,22.56
celta,76.13
celtas,4.7
celtíbero,9.4
cenetista,3.76
cenit,8.46
censitario,7.52
censor,9.4
censura,98.68
centauro,2.82
centeno,19.74
centralismo,11.28
centralista,13.16
centralización,20.68
centralizado,73.31
centralizador,4.7
centralizar,23.5
centrifugadora,4.7
centroasiático,7.52
centroeuropa,3.76
centuria,53.57
centuries,9.4
cenómano,2.82
cepa,48.87
cera,39.47
cercamiento,3.76
cercano,11.28
cercenar,4.7
cerdaña,15.98
cerdeña,57.33
cerdo,4.7
cerdá,10.34
cereal,143.8
ceremonioso,9.4
cerevisiae,7.52
cerveza,244.36
cerámica,182.33
cesarea,24.44
cesaropapismo,4.7
cesio,7.52
cesárea,6.58
ceñido,25.38
ceñir él,3.76
chagatai,7.52
chakri,9.4
champa,6.58
champaña,11.28
chandragupta,9.4
chantaje,8.46
chapelier,2.82
charaka,4.7
charcot,8.46
charlestón,2.82
chartier,8.46
chaucer,7.52
chauliac,3.76
chenla,2.82
chernenko,4.7
childe,8.46
china,9.4
chino,468.98
chintila,2.82
chirurgiae,3.76
chispa,19.74
chocolate,269.73
chola,20.68
chomón,3.76
christianismi,3.76
christianity,7.52
chulalongkorn,5.64
churchill,47.93
cibernética,5.64
ciencia,812.96
científico,250
cilantro,4.7
cimbria,2.82
cimbrio,6.58
cimbro,4.7
cimentado,3.76
cinematógrafo,13.16
cinquecento,4.7
cintura,32.89
cipayo,3.76
circunnavegación,6.58
circunnavegar,6.58
cirene,10.34
cirugía,125.94
cirujano,109.96
cisalpina,9.4
cisjordania,29.14
cisma,21.62
cisterciens,5.64
citar él,13.16
citerior,5.64
citio,4.7
ciurana,2.82
civilización,10.34
civilizado,12.22
clandestinidad,25.38
clarificar,6.58
clarós,2.82
clasicismo,20.68
clerical,14.1
clerk,10.34
clero,146.61
cleómenes,4.7
clientela,12.22
clientelar,7.52
clientelismo,8.46
clodoveo,15.98
clorofila,9.4
clovis,7.52
cluniacense,2.82
cluny,10.34
clérigo,79.89
clínico,3.76
cnido,6.58
coacción,8.46
coadyuvó,5.64
cobrar,131.58
coch,4.7
cochinchina,6.58
cochinos,6.58
cocina,356.2
cocinado,6.58
cocinero,59.21
coexistencia,10.34
coexistir,25.38
cogul,6.58
cohesionado,6.58
cohesionar,3.76
coira,13.16
colaboracionista,10.34
colapso,96.8
colbert,18.8
colectivismo,9.4
colectivista,6.58
colectivización,17.86
colectivizado,2.82
colectivizar,5.64
coloid,3.76
colonato,6.58
colonia,427.63
colonial,263.15
colonialismo,36.65
colonización,136.28
colonizada,3.76
colonizado,9.4
colonizador,31.95
colonizar,56.39
colono,185.15
colorant,8.46
columbano,3.76
columela,5.64
comadrona,8.46
combatientes,15.04
combatir él,10.34
comecon,5.64
comediants,2.82
comensal,11.28
comercializar él,7.52
comerciant,4.7
comerciante,187.97
comerciar,55.45
comercio,718.98
comino,7.52
compagnie,11.28
companys,13.16
compartimentado,3.76
compendio,2.82
complutum,8.46
comportar,71.43
comprehensive,8.46
computador,72.37
comstock,6.58
comte,20.68
comuneros,5.64
comunismo,109.96
comunista,208.64
conato,4.7
concepción,148.49
concerniente,9.4
concerning,7.52
concilio,54.51
concilios,4.7
concise,6.58
concordato,24.44
concubina,17.86
condal,31.95
condimento,20.68
condonar,4.7
conductismo,10.34
condé,14.1
condón,6.58
confección,29.14
confederación,173.87
confederation,4.7
confesional,10.34
confiscación,20.68
conflagración,4.7
conflictividad,16.92
conflicto,668.23
confrontada,2.82
confucianismo,23.5
confuciano,8.46
confucio,13.16
confín,10.34
conjuración,2.82
conllevar,72.37
conmocionar,6.58
connivencia,5.64
conquista,447.36
conquistado,74.25
conquistar,371.24
conquisto,11.28
consensuado,13.16
consensual,6.58
consequences,5.64
considerando él,3.76
consignado,5.64
consiguiente,40.41
consolidación,79.89
consolidar,190.79
consonancia,17.86
conspiración,7.52
constancio,62.03
constante,14.1
constantino,234.02
constantinopla,195.49
constitucionalismo,6.58
constitución,184.21
constitutio,2.82
constreñir,2.82
consumido,23.5
consumismo,8.46
consumo,302.63
contabilidad,67.67
contable,2.82
contagiar,8.46
contagiós,5.64
contemporaneidad,3.76
contencioso,4.7
contentar él,3.76
continent,5.64
continente,326.12
continuador,11.28
contrabandear,3.76
contracultural,6.58
contrapartida,15.04
contrapoder,4.7
contraponer,11.28
contrarreforma,4.7
contrarreformista,3.76
contrarrestar él,5.64
contratación,7.52
controlado,173.87
convencionalmente,2.82
convergència,5.64
converso,35.71
convertibilidad,6.58
convicto,11.28
convulso,15.98
cooperativa,51.69
cooperativismo,10.34
cooperativista,6.58
coordinar él,6.58
copiada,3.76
copista,7.52
copto,9.4
copérnico,14.1
coquinario,8.46
cordial,10.34
cordialidad,4.7
cordis,4.7
corduba,3.76
cordus,3.76
coriandro,6.58
corinto,33.83
corona,257.52
corporativista,6.58
corporis,5.64
corpus,16.92
corpuscular,9.4
correligionario,8.46
correns,3.76
cortesana,5.64
cortesán,10.34
corvea,2.82
corvino,13.16
cosecha,84.59
cosida,8.46
cosmas,5.64
cosmo,14.1
cosmogonía,5.64
cosmológico,7.52
cosmopolita,16.92
costumbre,243.42
costumbrismo,10.34
costura,42.29
coty,6.58
courbet,7.52
cournot,3.76
cousteau,5.64
cowles,4.7
coyuntura,32.89
coyuntural,5.64
crac,2.82
creciente,20.68
crecimiento,510.33
credo,16.92
cresques,5.64
creta,57.33
cretense,5.64
crick,25.38
crimea,143.8
criminalización,9.4
criminalizar,13.16
criptoanálisis,14.1
criptografía,31.01
criptojudío,2.82
crisis,647.55
crisol,6.58
crispación,2.82
cristalización,8.46
cristalizar,16.92
cristalografía,13.16
cristiandad,13.16
cristianismo,391.91
cristianización,33.83
cristianizar,9.4
cristiano,255.64
cristianos,117.48
croata,14.1
croatas,12.22
cromatografía,32.89
cromwell,30.07
cronología,51.69
crookes,8.46
crotona,10.34
cruento,11.28
cruzada,42.29
cruzadas,23.5
cruzado,16.92
crécy,3.76
ctesifonte,10.34
cuantitativo,43.23
cuantización,5.64
cuaternaria,2.82
cuba,4.7
cubagua,5.64
cubano,27.26
cubismo,4.7
cuchara,13.16
cuestionado,13.16
cugnot,9.4
cuisine,27.26
cuius,7.52
cuixart,3.76
culinario,115.6
culmen,4.7
culminación,31.01
cultivable,16.92
cultivador,7.52
cultivar él,11.28
cultivo,406.01
cultura,1261.26
culturalista,2.82
culturelle,10.34
cumano,5.64
cumaná,12.22
cuneiform,11.28
cuneiforme,21.62
curación,45.11
curandero,7.52
curie,19.74
curl,4.7
cusa,5.64
cuvier,29.14
cuxhaven,3.76
cuzqueño,8.46
cuáquero,13.16
cuño,6.58
cámbrico,11.28
cántabro,29.14
cátaro,8.46
cáustico,5.64
cáñamo,13.16
cédula,30.07
céltico,10.34
cénit,5.64
céntimo,15.04
césar,15.98
códiz,18.8
cóncava,4.7
dachau,13.16
dacia,20.68
dadaísmo,4.7
daguerre,4.7
daguerrotipo,10.34
daimyo,10.34
dalmacia,47.93
dalton,33.83
danelaw,2.82
daria,16.92
darwin,58.27
datación,42.29
datada,9.4
datado,73.31
davy,14.1
debatido,11.28
debilidad,88.34
debilitado,31.01
debilitamiento,17.86
debilitar,79.89
decadencia,171.99
decadente,13.16
decair,40.41
decisivo,147.55
declive,125
decreceír,5.64
decumanus,2.82
decurionum,3.76
decurión,7.52
decán,13.16
deductivo,5.64
deflación,10.34
deformar,14.1
deificar,4.7
dejima,6.58
delacroix,9.4
delinear,9.4
demagógico,2.82
democratización,16.92
democratizar,5.64
democrático,172.93
demoledor,5.64
demótico,3.76
denario,7.52
denigrant,3.76
deponer,59.21
deportación,30.07
deportar,36.65
depositario,5.64
depravado,4.7
depreciación,7.52
depresión,42.29
depurado,9.4
derechas,3.76
derechista,15.04
derogación,17.86
derogar,31.95
derretir él,3.76
derrocado,10.34
derrocamiento,32.89
derrocar,115.6
derroche,4.7
derrumbamiento,7.52
desaceleración,8.46
desafiado,4.7
desajust,5.64
desalentar,7.52
desamortización,19.74
desarrollar él,60.15
desarrollismo,11.28
desarrollista,4.7
desarticulación,6.58
desarticular,8.46
desautorizar,5.64
descartes,26.32
descifrado,3.76
desciframiento,12.22
descifrar,24.44
descollar,10.34
descolonización,17.86
descontento,15.98
descoordinación,2.82
describiar,4.7
descriptive,6.58
descrédito,5.64
descubridor,28.2
descubrimiento,441.72
descuellar,4.7
desempleado,9.4
desempleo,85.53
desencadenado,6.58
desencantado,5.64
desencuentro,6.58
desenterrado,5.64
desequilibrio,40.41
desertización,3.76
desestabilización,9.4
desestabilizar,13.16
desestalinización,3.76
desestructurado,2.82
desindustrialización,3.76
deslealtad,4.7
desligado,3.76
desmaterialización,3.76
desmenuzar,4.7
desmoralización,3.76
desmoronar,9.4
desmoronar él,5.64
desocupación,5.64
desorbitado,3.76
desorganización,6.58
despenalización,20.68
despenalizar,10.34
desplome,9.4
despoblación,10.34
despoblar él,3.76
desposeído,4.7
despreocupación,3.76
desprestigiado,5.64
desprestigio,6.58
despuntar,20.68
despunte,2.82
destacadísimo,2.82
destilación,26.32
destilar,10.34
destronar,11.28
desunión,6.58
detallismo,3.76
detentar,9.4
determinismo,11.28
detonante,11.28
detrimento,29.14
devaluación,29.14
devaluar,5.64
devastación,12.22
devastada,5.64
devastador,37.59
devastar,37.59
dhimmi,3.76
dhimmis,2.82
diadema,19.74
diagnóstico,21.62
diagonal,15.04
diarquía,2.82
diaspora,4.7
dicción,6.58
dictámen,7.52
dieciochesca,2.82
diemen,7.52
dieta,28.2
dietaria,2.82
dietética,12.22
diezmar,11.28
diezmo,17.86
diferenciación,37.59
difracción,18.8
difundir él,9.4
difusionista,2.82
dilthey,6.58
diluido,13.16
diluvio,25.38
dinamismo,19.74
dinastía,156.01
dinástico,65.79
diocleciano,76.13
diocles,6.58
dior,10.34
diorita,2.82
dioscórides,28.2
dirac,10.34
dirigencia,27.26
dirigente,38.53
dirigibl,4.7
disciplina,292.29
discriminatorio,14.1
disección,44.17
diseminar,7.52
disensión,13.16
disgregación,4.7
disgregar,7.52
disidente,26.32
dislocación,6.58
disminuyerir,2.82
dispar,16.92
dispensar,8.46
dispensario,5.64
disraeli,4.7
disturbio,74.25
diversificación,15.98
diversificar,25.38
diádoco,10.34
diádocos,2.82
dmytró,2.82
dodecaneso,4.7
doesburg,4.7
dogma,24.44
dolencia,15.04
domesticación,40.41
domesticado,14.1
domesticar,45.11
dominación,76.13
dominado,5.64
dominante,142.86
dominar,250
dominio,563.9
donación,11.28
donatismo,2.82
dondequeír,3.76
dorio,7.52
dracma,3.76
draga,4.7
drosophila,8.46
drástico,29.14
drôle,3.76
država,2.82
dualista,5.64
duby,3.76
ducado,148.49
dufy,2.82
duplicar,45.11
durazzo,5.64
durkheim,15.98
durruti,15.04
durísimo,5.64
dálmata,8.46
dátil,9.4
décadence,3.76
découverte,4.7
dólmén,6.58
earlier,2.82
earliest,7.52
ebanistería,7.52
ebenezer,5.64
ebers,7.52
ebla,13.16
eclecticismo,10.34
eclesiástico,9.4
ecologismo,6.58
ecología,39.47
econometría,3.76
economic,36.65
economía,857.13
económico,1654.12
ecuménico,14.1
edad,53.57
edades,9.4
edes,2.82
edesa,9.4
edicto,43.23
edison,32.89
edom,3.76
efervescencia,6.58
efta,2.82
egea,3.76
egeo,33.83
egidio,12.22
egina,7.52
egipcia,10.34
egipcio,139.1
egipto,776.31
ehrlich,8.46
eigene,3.76
eighteenth,4.7
einsiedeln,5.64
eisenstein,7.52
eisner,10.34
eius,3.76
ejemplificado,8.46
ejercido,25.38
elaboración,188.91
elaborar,214.28
elam,11.28
elamita,5.64
elas,3.76
electrificación,15.04
electrodinámica,4.7
electrolítico,8.46
electromagnetismo,14.1
electromagnética,25.38
electromecánico,8.46
electrólisis,15.98
elegancia,21.62
elgar,5.64
elite,20.68
elitista,12.22
emancipación,36.65
embriología,8.46
embutido,5.64
emergida,5.64
emigración,77.07
emigrado,8.46
emir,34.77
emirato,13.16
emparentar,8.46
empeoramiento,7.52
emperador,929.5
empeñar,10.34
empirismo,13.16
empirista,4.7
emplasto,3.76
empobreceír,2.82
empobrecimiento,9.4
emporio,7.52
emporion,4.7
empujada,3.76
empujado,6.58
empédocles,10.34
empírico,85.53
encaminado,19.74
encarnizado,11.28
encauzar,7.52
enciclopedista,3.76
encumbrado,3.76
encumbramiento,2.82
encíclica,27.26
endemoniado,3.76
endeudamiento,12.22
endurecer,15.04
endógeno,6.58
enema,6.58
enemiga,3.76
enemistado,4.7
eneolítico,2.82
enfermo,130.64
enfrentado,37.59
engrosar,7.52
enki,7.52
enlightenment,5.64
enmendar,11.28
enmienda,20.68
enric,20.68
enriquecer él,10.34
enriquecimiento,18.8
enriques,4.7
ensidesa,4.7
entendido,39.47
entente,4.7
entrado,25.38
entredicho,7.52
entreguerra,30.07
enunceír,4.7
envalentonado,2.82
environment,15.98
environmental,55.45
epidauro,9.4
epidemia,118.42
epidémica,3.76
epigrafía,6.58
epilepsia,18.8
epipaleolítico,3.76
epopeyas,2.82
equiparación,4.7
equiparar,15.98
erastés,2.82
erasístrato,10.34
eratóstenes,13.16
erectus,26.32
eremita,6.58
eretz,6.58
erico,13.16
erradicación,15.04
erudito,94.92
erómeno,5.64
esbozado,4.7
esbozar,17.86
escandalizar,5.64
escandinavia,28.2
escandinavo,6.58
escisión,36.65
escita,10.34
escitas,9.4
esclava,4.7
esclavismo,9.4
esclavista,7.52
esclavitud,156.01
esclavización,4.7
esclavizado,3.76
esclavizar,21.62
esclavo,305.45
escocés,31.95
escoffier,6.58
escolástica,11.28
escribas,11.28
escrófula,7.52
esculapio,5.64
esenio,3.76
esfericidad,3.76
esferificación,2.82
eslava,27.26
eslavo,56.39
eslavonia,18.8
eslovenos,9.4
espartaquista,2.82
espartero,22.56
españas,7.52
española,5.64
especia,107.14
especiado,8.46
espectroscopia,12.22
espectroscopía,5.64
especulación,51.69
especulativo,17.86
esplendor,74.25
espíritus,51.69
esquemático,15.04
esquilache,7.52
esquirol,4.7
estabilización,6.58
estabilizar,45.11
estalinista,11.28
estallar,161.65
estamental,10.34
estamento,36.65
estampado,14.1
estancamiento,29.14
estatuaria,4.7
estaño,33.83
estepa,33.83
esterilización,9.4
esteticismo,3.76
estetoscopio,2.82
estilicón,34.77
estimulado,6.58
estimular,75.19
estorbo,3.76
estrabón,35.71
estratificación,13.16
estratigrafía,10.34
estratigráfico,11.28
estructuralismo,11.28
estudioso,88.34
etimologías,4.7
etnografía,10.34
etruria,7.52
etrusca,6.58
etrusco,44.17
eudes,11.28
eudocia,5.64
eudoxo,4.7
euler,19.74
eurasia,25.38
euratom,3.76
eurico,7.52
euroasiática,2.82
eurocentrismo,2.82
europa,1548.85
europeización,2.82
europeo,149.43
eurozona,9.4
eutropio,7.52
evangelizar,12.22
evangélico,5.64
evidencia,334.58
evolucionar,156.95
evolucionismo,6.58
evolucionista,9.4
evolución,301.69
evolutivo,72.37
exacerbó,3.76
exaltado,10.34
excedent,27.26
excedente,9.4
excerpt,15.98
excluyente,7.52
excomulgar,11.28
excomunión,14.1
exhausta,2.82
exhausto,8.46
existencialista,6.58
exorbitant,3.76
expandar,34.77
expandeir,20.68
expandeir él,7.52
expandeír,78.95
expandir él,22.56
expansionismo,6.58
expansionista,18.8
expansión,436.09
expectoración,2.82
expedito,4.7
expensas,17.86
experimentación,41.35
experimento,225.56
experimentos,3.76
explotador,4.7
expoliar,3.76
exponente,75.19
exportación,165.41
exportador,16.92
exportar,74.25
expresionismo,7.52
expresividad,11.28
expropiación,22.56
expulsado,2.82
expulsar,233.08
expulsión,130.64
extrapolación,4.7
extraterritorial,4.7
extremado,5.64
extremista,14.1
factoría,42.29
falanges,2.82
falansterio,5.64
falret,2.82
fanelli,14.1
fano,6.58
faraday,10.34
faraón,103.38
faraónico,12.22
farmacia,39.47
farmacología,19.74
farmacológico,18.8
farmacopea,20.68
farmacoterapia,2.82
farmacéutico,24.44
farmacólogo,7.52
fascismo,49.81
fascista,72.37
fastuosidad,2.82
fatimí,7.52
favorecer,186.09
favorecido,42.29
febvre,11.28
fechaber,9.4
fechar,17.86
federalismo,19.74
federalista,15.04
federativa,13.16
feijoo,7.52
femineidad,4.7
fenicia,7.52
fenicio,29.14
fenicios,3.76
fenomenológica,3.76
fermentación,80.83
fermentada,9.4
fermentado,26.32
fermentar,18.8
fermento,3.76
fernand,20.68
fernel,2.82
feroe,31.01
ferran,14.1
fertilizant,18.8
fessenden,12.22
feudal,7.52
feudalismo,4.7
feudalización,3.76
feynman,16.92
ficción,133.46
fide,97.74
fiebre,72.37
figurativa,6.58
figurilla,12.22
filiberto,10.34
filipo,29.14
filistea,3.76
filisteo,9.4
filisteos,5.64
filón,10.34
filósofo,2.82
financiar él,5.64
financiero,10.34
fiscalidad,4.7
fisiología,45.11
fisiológico,24.44
fisiólogo,22.56
fisonomía,12.22
flaca,4.7
flebotomía,2.82
flema,9.4
fleury,8.46
flexibilización,5.64
flexibilizar,5.64
florecer,97.74
floreciente,31.95
florecimiento,38.53
florentina,7.52
florín,9.4
flos,4.7
foco,84.59
foederati,5.64
foedus,3.76
fomentado,9.4
fonda,6.58
fonógrafo,7.52
forjar,48.87
forlanini,5.64
formular,62.03
fortificada,15.04
fortificar,19.74
fortísimo,7.52
fosilizado,7.52
fossilium,4.7
fotomontaje,4.7
fotosíntesis,32.89
foucault,14.1
fouquet,5.64
fracastoro,3.76
fracturar,10.34
fragancia,14.1
fragmentación,32.89
fragmentado,16.92
fragmentar,17.86
francesc,47.93
franco,100.56
francos,43.23
fratricida,2.82
fratricido,3.76
fraudulento,17.86
fraumünster,6.58
frenar,53.57
frenazo,2.82
frenología,6.58
friedman,20.68
frisón,6.58
fronda,4.7
frugal,7.52
fría,60.15
fuchs,11.28
fujian,14.1
fulda,8.46
funcionalismo,11.28
funcionalista,10.34
funcionariado,3.76
fundamentada,3.76
fundamentado,15.98
fundamentalismo,10.34
fundamentalista,10.34
fundar él,11.28
furada,4.7
futurismo,4.7
futurología,2.82
fértil,20.68
fíbula,9.4
físico,84.59
fósil,135.34
gaceta,17.86
gacha,11.28
gais,5.64
galaico,6.58
galeno,57.33
galerio,20.68
galia,162.59
galias,21.62
galilea,31.95
galilei,13.16
galitzia,17.86
gallaecia,15.04
gallega,3.76
galo,21.62
galton,11.28
galvani,8.46
gamal,8.46
gandhara,8.46
ganges,15.04
gaozu,2.82
garbanzo,14.1
garum,5.64
gastronomía,101.5
gastrónomo,10.34
gasánida,6.58
gaulle,41.35
gaullista,2.82
gauss,12.22
gautama,6.58
gautier,9.4
geber,3.76
gemeinschaft,2.82
generalis,3.76
generalización,30.07
generalizado,107.14
generalizar,64.85
generalizar él,7.52
generativo,9.4
gengis,19.74
genoma,9.4
genovés,12.22
genserico,13.16
gentil,6.58
genética,48.87
geocentrismo,2.82
geocéntrico,6.58
geoestratégico,5.64
geoffroy,8.46
geografía,258.46
geographie,6.58
geográfico,4.7
geología,85.53
geológico,91.16
geomorfología,5.64
geopolítico,17.86
georgios,9.4
georgius,6.58
gerlach,5.64
germania,28.2
germanización,3.76
germano,64.85
germen,29.14
germánica,10.34
germánico,91.16
gesaku,6.58
gesner,8.46
gessner,4.7
gestionar él,3.76
gestual,5.64
gestualidad,2.82
geógrafo,59.21
geólogo,47.93
gibbon,19.74
gilgamesh,28.2
gimbernat,4.7
glaciación,3.76
glaris,21.62
globalización,57.33
globalizar,3.76
gloriosa,12.22
glásnost,4.7
gobernado,80.83
gobernante,21.62
gobernar,410.71
gobernar él,4.7
godin,4.7
godo,52.63
godwin,9.4
goguryeo,28.2
golpista,13.16
golán,10.34
gorbachov,40.41
goryeo,10.34
gotardo,13.16
gothorum,2.82
gozzoli,4.7
graciano,29.14
gradual,51.69
graetz,5.64
grafismo,6.58
gramático,8.46
granjear,4.7
grano,128.76
gravar,13.16
gravetiense,2.82
gravitación,10.34
grecia,505.63
grecobactriano,2.82
grecolatino,4.7
grecorromana,2.82
grecorromano,28.2
grecorromán,18.8
greece,13.16
gremio,43.23
grew,4.7
griega,9.4
griego,395.67
grisones,28.2
groenlandia,76.13
grunwald,3.76
gryphius,2.82
gual,7.52
guang,4.7
guano,9.4
guaraní,12.22
guaraníes,8.46
gudea,3.76
guerra,2719.89
guerras,57.33
guerrillero,48.87
guimerà,3.76
guipuzcoana,4.7
guisado,5.64
guisant,19.74
guiza,11.28
gundebaldo,9.4
gundemaro,2.82
gupta,16.92
gupto,6.58
gusto,132.52
guyena,4.7
génesis,16.92
géza,9.4
gótico,24.44
güelfo,5.64
haakon,15.98
habilis,6.58
habilitante,4.7
habitarir,3.76
habsburgo,147.55
haeckel,7.52
hagiográfico,4.7
haikai,9.4
haiku,85.53
haitiana,2.82
hajj,6.58
hales,6.58
halevi,6.58
halicarnaso,6.58
hallado,53.57
hallazgo,130.64
hallstatt,7.52
hambruna,5.64
hamburguesa,80.83
hammurabi,27.26
hanseática,2.82
hanseático,5.64
haram,7.52
harapo,3.76
harappa,5.64
harina,68.61
harun,8.46
harún,8.46
hasdai,5.64
hasekura,3.76
hatti,6.58
hayyān,4.7
hebrón,12.22
heemskerck,2.82
heftalita,10.34
hegemonía,83.65
hegemónico,18.8
heian,17.86
heidelbergensis,5.64
heisenberg,7.52
helenismo,17.86
helenización,10.34
helenizado,9.4
helenizar,3.76
heleno,7.52
helenística,2.82
helenístico,91.16
heliocéntrico,6.58
heliogábalo,6.58
hellenistic,4.7
helmont,7.52
helvecio,15.04
helvético,11.28
helénica,9.4
helénico,23.5
heraclio,14.1
herborista,5.64
herculano,9.4
hereditario,67.67
herej,20.68
herejía,31.01
herencia,126.88
hermanastro,16.92
hernia,13.16
herodes,25.38
herschel,13.16
hershey,9.4
hertz,21.62
hervidero,2.82
hervido,7.52
hervir,10.34
herzl,4.7
herético,9.4
heródoto,46.99
herófilo,10.34
herón,14.1
heterodoxo,9.4
heterosexual,5.64
hibridación,15.98
hicso,26.32
hidacio,3.76
hidaspes,2.82
hideyoshi,24.44
hidrato,8.46
hidromiel,3.76
hieronymus,6.58
hierro,260.34
hierático,5.64
hilado,13.16
hiladora,6.58
hildegarda,6.58
hindú,61.09
hinton,11.28
hiparco,9.4
hiperinflación,12.22
hipertensión,35.71
hipocrático,7.52
hipócrates,67.67
hircano,6.58
hiroshige,4.7
hirschfeld,14.1
hispania,118.42
hispanoamericana,8.46
hispanorromán,7.52
hispánica,35.71
histeria,9.4
histoire,65.79
historia,1241.53
historiador,468.98
historiae,8.46
historians,5.64
historical,2.82
historicismo,8.46
historie,7.52
histories,16.92
historiografía,18.8
historiography,7.52
historiográfica,9.4
historiográfico,41.35
history,458.64
història,8.46
história,10.34
hitita,7.52
hitler,202.07
hiyaz,6.58
hoare,6.58
hobbes,15.04
hobsbawm,8.46
hohenstaufen,17.86
hokku,5.64
holandesa,5.64
holandés,59.21
holbein,14.1
holgado,7.52
hombría,3.76
homo,107.14
homoerótico,10.34
homofobia,21.62
homofóbico,11.28
homosexual,15.04
homosexuales,3.76
homosexualidad,8.46
homosexualismo,2.82
homosexuality,13.16
homérico,8.46
homínido,21.62
homófobo,4.7
honorio,44.17
hooke,17.86
horda,16.92
hornada,3.76
horta,13.16
horticultura,5.64
horus,17.86
hostilidad,63.91
hostilio,4.7
huangdi,3.76
huarte,7.52
huelga,211.46
huelguista,10.34
hugonot,36.65
huido,7.52
huitzilopochtli,5.64
huizinga,5.64
humani,4.7
humanismo,7.52
humanista,30.07
humphry,4.7
hunayn,3.76
huno,2.82
hunos,24.44
hurrita,3.76
hurritas,2.82
husayn,7.52
husita,7.52
husitas,3.76
husito,2.82
hutton,14.1
huygens,9.4
hébert,7.52
hélade,17.86
hérulo,10.34
húngaro,45.11
ibero,4.7
ibérico,204.88
iconoclasta,3.76
ictíneo,6.58
idea,901.31
ideado,22.56
idealización,5.64
idealizado,13.16
ideario,12.22
ideas,27.26
identité,4.7
ideográfico,2.82
ideológico,96.8
ideólogo,12.22
idumea,3.76
ieyasu,17.86
ignorado,12.22
igualitario,31.01
ihara,2.82
ikku,2.82
ilegalizar,10.34
iliria,17.86
ilirias,3.76
ilirio,5.64
iluminismo,2.82
ilustración,80.83
ilustrada,15.98
imaginario,16.92
imparable,15.04
impelido,3.76
impenetrable,6.58
imperante,15.98
imperar,10.34
imperial,378.76
imperialismo,41.35
imperialista,11.28
imperio,686.08
imperium,15.04
implantación,49.81
implantar,42.29
implantar él,4.7
implemento,6.58
imponer,298.87
impopular,20.68
importación,120.3
imposición,37.59
impositivo,10.34
impotencia,8.46
impreciso,17.86
impregnar,15.98
imprenta,75.19
impresionismo,5.64
impresionista,8.46
improductivo,6.58
impuesto,299.81
impulso,138.16
inalámbrico,45.11
inca,26.32
incentivar,20.68
incienso,14.1
incipiente,39.47
incisión,14.1
incluían,3.76
incompletitud,3.76
inconformista,6.58
incontestable,3.76
incrementar él,10.34
incrustación,14.1
incuestionable,8.46
incursión,140.98
independencia,562.96
independentismo,7.52
independentista,56.39
independizado,6.58
independizar,50.75
independizar él,10.34
indicio,49.81
indiget,3.76
indio,213.34
indistinguible,4.7
individualismo,16.92
individualista,29.14
indo,61.09
indoario,3.76
indochina,38.53
indoeuropea,12.22
indoeuropeo,28.2
indogriego,3.76
indumentaria,42.29
industria,645.67
industrial,28.2
industrialización,111.84
industrializado,35.71
industrializador,4.7
industrializar,9.4
industrializar él,2.82
ineficacia,8.46
inestabilidad,84.59
inflación,117.48
inflamar,5.64
inflexión,33.83
infligeír,8.46
influenceír,10.34
influencia,919.16
influido,65.79
influjo,30.07
infrahumano,3.76
infructuoso,15.98
ingente,11.28
ingesta,21.62
ingrediente,96.8
ingria,4.7
inhumación,6.58
inmigración,101.5
inmoralidad,10.34
inmovilismo,3.76
inmunodeficiencia,8.46
innombrable,2.82
innovación,157.89
inoculado,2.82
inocular,8.46
inoperante,3.76
inorgánica,4.7
inquisición,66.73
inquisidor,15.04
inquisitorial,14.1
insolvente,5.64
instauración,38.53
instaurar,82.71
instaurar él,5.64
instigación,7.52
instigado,7.52
instintivo,6.58
institucionalización,18.8
institucionalizado,6.58
institucionalizar,10.34
instituir,54.51
insurgencia,31.95
insurreccional,12.22
insurrección,56.39
insurrecto,10.34
intelectual,88.34
intelectualidad,7.52
intellectual,5.64
intensificación,14.1
intentona,6.58
interdisciplinariedad,2.82
internamiento,10.34
interpretatio,2.82
interregno,3.76
interrelación,13.16
intervencionismo,10.34
intestino,6.58
intimista,6.58
intransigencia,5.64
intransigente,12.22
introducir,547.93
introductor,13.16
introspección,12.22
invadido,12.22
invadir,321.42
invadir él,2.82
invalidar,9.4
invasión,509.39
invasor,82.71
invención,190.79
inventado,45.11
inventar,163.53
invention,7.52
invento,86.47
inventor,93.98
investir,24.44
invictus,8.46
involucramiento,4.7
ioannis,9.4
iranio,9.4
irrigación,20.68
irrupción,25.38
isabelino,9.4
ishaq,7.52
islam,99.62
islamismo,15.04
islamización,6.58
islamizado,2.82
islámico,203.95
israelita,7.52
israelí,15.98
istria,10.34
itálica,5.64
itálico,13.16
iudiciorum,2.82
izquierdista,28.2
iósif,12.22
i̇nönü,2.82
jabir,4.7
jacobus,6.58
jacquard,4.7
jaffa,16.92
jagellón,9.4
jainismo,11.28
jainista,5.64
jaldún,12.22
jalonar,3.76
jamón,17.86
jansenista,6.58
janszoon,3.76
jarabe,13.16
jarabes,4.7
jaspe,4.7
jaspers,6.58
jemer,6.58
jemeres,13.16
jenner,14.1
jenofonte,11.28
jerarquizada,2.82
jerarquizado,8.46
jericó,15.98
jeroglífico,32.89
jeroni,4.7
jerusalén,218.04
jesuítica,7.52
jewish,28.2
jews,21.62
jing,15.04
jippensha,2.82
jiva,15.04
joglars,4.7
jonia,6.58
jordán,28.2
jornal,4.7
jornalero,12.22
josiah,7.52
jovellanos,13.16
joviano,7.52
jrushchov,31.01
judaizant,2.82
judaísmo,17.86
judea,75.19
judeoconverso,4.7
judería,7.52
judá,30.07
judía,16.92
judío,632.51
jufu,3.76
juliano,63.91
junts,9.4
juramento,12.22
justiniano,58.27
justus,8.46
juto,4.7
jázaro,2.82
jöns,5.64
júbilo,6.58
jābir,4.7
jōmon,21.62
kabul,78.01
kadesh,4.7
kalhana,2.82
kalmar,14.1
kamakura,14.1
kanato,33.83
kary,4.7
katyn,3.76
kazajo,9.4
kemal,10.34
keops,7.52
keynes,57.33
keynesiana,7.52
keynesianismo,7.52
kinda,7.52
kirchhoff,15.04
kish,12.22
kitab,12.22
kitāb,5.64
knossos,2.82
kohlhammer,3.76
kojiki,3.76
komintern,33.83
konstantinos,6.58
kraepelin,8.46
krebs,8.46
kresy,3.76
kropotkin,15.98
kublai,10.34
kulin,8.46
kulturkampf,7.52
kuomintang,15.04
kush,10.34
kushan,5.64
kyūshū,11.28
laborista,11.28
laca,7.52
lacio,15.04
lacroix,6.58
lactancio,5.64
ladislao,26.32
lafargue,5.64
lagash,18.8
lagrange,16.92
laicista,3.76
laico,70.49
lamarck,15.98
lana,93.98
landammann,2.82
lanfranco,4.7
langley,10.34
langmuir,3.76
languedoc,16.92
lanham,4.7
lapita,2.82
laplace,30.07
larga,8.46
larra,8.46
larrazábal,5.64
larsa,4.7
lascaux,4.7
lasker,7.52
lastrado,5.64
latente,19.74
latifundio,15.98
latino,20.68
lavoisier,31.01
laxant,2.82
layard,4.7
layetano,2.82
lazo,91.16
lechfeld,5.64
lechuga,8.46
leeuwenhoek,10.34
legalizar,41.35
legendre,5.64
legislar,9.4
legisló,2.82
legitimar,26.32
legitimidad,37.59
legumbr,39.47
leibniz,23.5
lejanía,11.28
lemaur,3.76
lemán,10.34
lenteja,16.92
leonhard,9.4
leonhart,3.76
leonid,24.44
leonino,2.82
leovigildo,8.46
lepanto,9.4
leponcio,2.82
lepra,4.7
leprosería,2.82
lerdo,13.16
lerroux,8.46
lesbiana,28.2
lesbianismo,21.62
lesbiano,56.39
lesbos,7.52
letrán,15.98
leucipo,3.76
levadura,61.09
levantamiento,138.16
levante,105.26
levantino,16.92
leyte,10.34
lgbt,24.44
libación,4.7
liber,24.44
liberal,259.4
liberalidad,3.76
liberalismo,8.46
liberalización,46.99
liberalizador,4.7
liberalizar,8.46
libertaria,18.8
libertario,72.37
liberto,9.4
librecambismo,3.76
librecambista,6.58
licchavi,4.7
licinio,12.22
liderado,209.58
liebig,9.4
ligadura,9.4
ligur,5.64
limbourg,3.76
limes,23.5
lingüística,12.22
link,5.64
lino,46.99
lipany,2.82
liquidado,3.76
lister,6.58
livonia,22.56
liébana,13.16
llamaríar,2.82
llibre,14.1
llimona,6.58
llull,12.22
lluís,37.59
lobotomía,5.64
localismo,4.7
locke,34.77
lockyer,3.76
locura,52.63
lodge,16.92
logaritmo,67.67
logarítmico,8.46
lombardo,36.65
lombroso,3.76
lorenzale,2.82
lotaringia,11.28
lotario,15.98
lovejoy,7.52
lucerna,21.62
lucharir,3.76
lucrativa,7.52
lucrativo,18.8
lucrecio,7.52
lucus,9.4
lugal,7.52
lugdunum,4.7
lumière,21.62
luperca,3.76
luria,9.4
lusitania,23.5
luteranismo,8.46
luterano,13.16
luxeuil,2.82
luzzi,2.82
lyell,18.8
lácteo,7.52
lésbica,7.52
lésbico,24.44
lícito,6.58
lítico,15.98
lúculo,4.7
maastricht,13.16
macabeos,7.52
macedonia,142.86
macedonio,18.8
macedónica,3.76
macedónico,6.58
maceración,4.7
machacada,2.82
machiavelli,3.76
macià,13.16
macroeconomía,16.92
macroeconómico,23.5
madrás,9.4
magdaleniense,7.52
magendie,3.76
magiar,5.64
maginot,4.7
magister,2.82
magistratura,13.16
magnetismo,20.68
magno,126.88
magnánimo,8.46
mahabharata,4.7
mahoma,42.29
mahometano,2.82
mahonesa,2.82
maimonides,2.82
maimónides,11.28
majabhárata,5.64
majencio,13.16
malaca,16.92
malaria,20.68
malatesta,9.4
malaya,16.92
malayo,22.56
mallorquín,15.98
malpighi,6.58
malthus,15.04
mameluco,10.34
mamelucos,2.82
mamut,6.58
mancebo,3.76
manchukuo,11.28
manchuria,37.59
manchú,14.1
manchúes,7.52
mandato,17.86
manetón,7.52
manierismo,8.46
manifestación,234.96
manifestado,11.28
manifestar él,20.68
manifiesto,12.22
maniqueísmo,6.58
manjar,8.46
manteca,18.8
mantel,5.64
manufactura,44.17
manufacturado,14.1
manufacturero,17.86
manzikert,5.64
manzoni,5.64
manía,9.4
maorí,4.7
maoísta,11.28
mapamundi,5.64
maquiavelo,10.34
maragall,10.34
marasmo,2.82
marey,4.7
marfil,28.2
margall,9.4
marginación,12.22
maricón,5.64
marignano,2.82
marquesas,8.46
marrano,5.64
marrou,7.52
marseille,13.16
marsilio,6.58
martigny,7.52
martorell,17.86
marx,81.77
marxismo,34.77
marxista,13.16
marítimo,219.92
masada,5.64
maslama,3.76
massalia,6.58
masturbación,47.93
matej,5.64
materia,14.1
materialismo,20.68
matsuo,9.4
maurya,22.56
mawangdui,2.82
maximiano,15.04
maximino,17.86
maximus,20.68
maya,32.89
mayoriano,15.98
maza,28.2
mazarino,9.4
mazzini,7.52
mačva,3.76
mcneill,14.1
meca,25.38
mecanicista,8.46
mecanización,11.28
mecanizar,8.46
media,315.79
medica,7.52
medicamento,117.48
medicina,502.81
medicinae,3.76
medicinal,3.76
medico,6.58
medieval,373.12
medievalismo,2.82
medievo,5.64
medioevo,6.58
mediterráneo,10.34
medo,12.22
megalitismo,2.82
megalito,9.4
megalítica,5.64
megalítico,16.92
megiddo,3.76
mehmet,18.8
mehrgarh,4.7
meiji,24.44
mejergar,2.82
mela,7.52
melancolía,75.19
melanesia,10.34
melanesio,9.4
memorandum,5.64
mena,12.22
menandro,7.52
mendel,30.07
mendelián,8.46
mendeléyev,9.4
mendicant,8.46
mendicidad,5.64
menes,6.58
menfis,15.98
menger,7.52
menhir,7.52
meninges,7.52
mentalidad,38.53
mercader,74.25
mercaderes,4.7
mercadería,16.92
mercant,28.2
mercante,7.52
mercantil,42.29
mercantilismo,23.5
mercantilista,9.4
mercator,10.34
mercenario,73.31
mercurio,43.23
merneptah,2.82
meroe,3.76
merovingia,2.82
merovingio,5.64
merín,2.82
meseta,22.56
mesia,6.58
mesoamérica,48.87
mesolítico,4.7
mesopotamia,222.74
mesopotámica,8.46
mesopotámico,5.64
mestizaje,18.8
metales,15.04
metalurgia,58.27
metalúrgico,24.44
metaxas,14.1
metodio,7.52
metodista,10.34
metodológico,28.2
metrópoli,46.05
metódico,12.22
mexica,15.04
mezclar él,16.92
microbiana,4.7
microbiología,10.34
microbián,7.52
microeconomía,10.34
micrographia,4.7
microlito,3.76
micromundo,3.76
micronesio,3.76
microscopio,38.53
microscopía,8.46
microscópico,20.68
micénico,13.16
miga,11.28
migración,112.78
mijail,4.7
mijaíl,50.75
mijo,18.8
milenio,101.5
mileto,15.98
militarismo,7.52
militum,15.98
millet,10.34
millikan,3.76
milvio,5.64
minamoto,23.5
minar,16.92
mineralibus,3.76
mineralogía,31.01
minería,93.04
ming,58.27
minimalismo,6.58
minoico,21.62
minoritario,47.93
minoría,125
mirra,6.58
miríada,4.7
mishná,8.46
mitani,9.4
mitificado,3.76
mitigado,3.76
mitraísmo,4.7
moche,3.76
moda,342.1
modelización,5.64
moderado,8.46
moderna,51.69
modernizador,3.76
modernizar él,8.46
moderno,893.79
modigliani,7.52
moesia,4.7
mogol,11.28
mohammad,31.01
mohács,4.7
molecular,117.48
molecules,2.82
moler,18.8
molida,3.76
molido,15.98
molienda,12.22
monacato,2.82
monarca,211.46
monardes,3.76
monarquía,58.27
monetario,129.7
monetarista,10.34
mongol,48.87
mongola,31.95
monje,181.39
monocultivo,7.52
monofisismo,10.34
monopolio,109.96
monopolista,4.7
monopolización,2.82
monopolizado,3.76
monopolizar,17.86
monopolístico,5.64
monoteísmo,11.28
monoteísta,2.82
montesquieu,15.98
montfaucon,3.76
montjuic,37.59
monturiol,7.52
monárquico,17.86
monástica,20.68
monástico,36.65
moratín,5.64
moravia,38.53
morera,7.52
morgarten,2.82
mortandad,7.52
mosaic,6.58
mostaza,16.92
mosto,12.22
motriz,27.26
movido,20.68
movilización,58.27
mozárabe,15.98
mozárabes,3.76
mudéjar,6.58
muhammed,5.64
mulato,6.58
mulhouse,6.58
mullis,4.7
multicapa,3.76
multipartidista,8.46
multiplicar,56.39
multiétnico,7.52
munthe,2.82
muqaddima,4.7
murciano,27.26
muret,7.52
muromachi,8.46
mussolini,74.25
musteriense,9.4
musulmán,156.01
muybridge,8.46
muza,9.4
mysore,7.52
máquina,454.88
médici,34.77
médicis,6.58
médico,468.98
métrica,14.1
mímesis,4.7
mímico,12.22
nabateo,4.7
nabo,8.46
nabonido,3.76
nabopolasar,3.76
nabta,3.76
nabucodonosor,14.1
naciente,46.05
nacionalcatolicismo,4.7
nacionalismo,101.5
nacionalista,76.13
nacionalización,41.35
nacionalizar,27.26
nacionalsocialista,7.52
nación,366.54
nadir,7.52
nafis,6.58
nagasaki,27.26
nanban,4.7
nanotecnología,44.17
napier,14.1
napoleón,170.11
napoleónica,4.7
napoleónicas,8.46
napoleónico,24.44
napolitán,10.34
napoléon,7.52
naqada,7.52
nara,18.8
narbona,29.14
narbonense,14.1
narmer,8.46
nasser,31.95
natalidad,22.56
nationalism,4.7
natufiense,6.58
natura,4.7
naturae,6.58
naturalis,19.74
naturalismo,25.38
naturalista,77.07
naturismo,7.52
naum,3.76
navarra,3.76
navegant,3.76
navegante,16.92
nazi,109.02
nazismo,31.01
neandertal,3.76
neandertales,5.64
neanderthal,8.46
neanderthalensis,6.58
nebra,5.64
nebrija,8.46
neerlandesa,19.74
nefar,4.7
negociant,6.58
nemanja,5.64
neoasirio,4.7
neobabilónico,3.76
neoclasicismo,15.04
neoclásico,5.64
neoconfucianismo,9.4
neoescolástica,2.82
neoliberal,15.04
neolitización,2.82
neologismo,9.4
neolítica,8.46
neolítico,16.92
neopatria,4.7
neoplatónico,8.46
nepote,10.34
nernst,3.76
nestorianismo,4.7
nestoriano,7.52
nestorianos,2.82
nestorio,3.76
neurocirugía,5.64
neurología,11.28
neuropsicología,8.46
neurosis,11.28
neurálgico,8.46
neutral,87.41
neutralidad,63.91
nevski,7.52
newcomen,10.34
nezavisna,2.82
nicea,29.14
niceno,3.76
nicolaus,8.46
nicomedia,11.28
nicotiana,4.7
nicéphore,3.76
nidaros,5.64
nihonshoki,4.7
nilo,95.86
nimega,7.52
nimrud,3.76
nineteenth,6.58
ninoslav,5.64
nippur,6.58
nipón,15.98
nitroglicerina,3.76
niépce,4.7
nobiliaria,9.4
noble,188.91
nobleza,234.96
nobunaga,16.92
nolde,2.82
nomadismo,4.7
nomarca,7.52
nomo,16.92
normanda,7.52
normando,17.86
normar,20.68
norteafricano,12.22
nouvel,6.58
nowa,6.58
nubia,27.26
nucleico,10.34
numa,10.34
nutritiva,3.76
nutritivo,11.28
nuwas,2.82
nyon,6.58
nystad,2.82
nínive,17.86
nómada,5.64
nómado,21.62
obeid,4.7
obispado,59.21
objetividad,14.1
obligatoria,4.7
obrera,33.83
obreras,8.46
obrerista,3.76
obrero,187.03
observacional,5.64
observación,203.95
obsidiana,8.46
occidental,8.46
occidentalización,6.58
occidentalizar,2.82
occidente,373.12
occitania,31.01
occitán,15.98
ocioso,9.4
ocre,8.46
oculis,2.82
odoacro,52.63
odontología,11.28
ofensa,14.1
oftalmología,6.58
oghuz,5.64
ogodei,2.82
ohrid,8.46
oleada,58.27
oleoducto,11.28
oligarca,10.34
oligarquía,49.81
oligoelemento,3.76
oligárquico,10.34
oliva,80.83
olivo,47.93
olla,27.26
olmeca,7.52
olmecas,6.58
omeya,10.34
omeyas,9.4
ominosa,2.82
ominós,2.82
omnipresente,14.1
omnímodo,4.7
onagro,2.82
ondulatorio,8.46
oneroso,5.64
onírico,11.28
opep,5.64
opio,7.52
opositora,7.52
oppidum,4.7
opresión,30.07
oprimir,9.4
optimismo,13.16
opulencia,5.64
orcadas,12.22
oretano,2.82
orfebrería,15.98
orfismo,3.76
organizar él,26.32
oribasio,5.64
oriente,488.72
origines,4.7
ortelius,4.7
ortodoxia,33.83
ostentación,10.34
ostra,6.58
ostrogodo,35.71
otomana,2.82
otomano,41.35
otoniano,2.82
otorgándoles,2.82
otoños,7.52
otón,68.61
oxus,7.52
pacificación,19.74
pacificar,20.68
pacioli,17.86
pactar,31.95
pactismo,3.76
pacto,113.72
pactos,8.46
pacífico,92.1
pagana,8.46
paganismo,29.14
pagano,57.33
pagán,12.22
pajarero,2.82
pakistaní,3.76
palaciegas,2.82
palatino,11.28
pale,10.34
paleoantropología,4.7
paleocristián,5.64
paleolítico,13.16
paleontología,42.29
palestina,312.97
paliar,15.04
pallás,5.64
palpación,3.76
panadería,23.5
pangea,11.28
panonia,27.26
panyab,5.64
papado,71.43
papal,78.95
papas,30.07
papin,24.44
papiro,55.45
papú,2.82
paracelso,20.68
paradigma,55.45
parafina,15.04
paralización,14.1
pareto,6.58
paria,4.7
parlamentarismo,7.52
parmentier,5.64
paroxismo,2.82
partia,7.52
partición,5.64
partidario,109.96
parto,6.58
paré,5.64
pastelería,2.82
pasteur,44.17
pataliputra,4.7
patata,71.43
patentar,39.47
patente,113.72
paternalismo,3.76
patesi,2.82
pathé,8.46
patriciado,3.76
patricio,22.56
patroclo,12.22
patronal,8.46
paulatín,12.22
pauling,11.28
pavelić,4.7
pavo,24.44
payerne,3.76
payés,3.76
pañero,2.82
pcus,17.86
pecaminoso,3.76
pecaminós,2.82
pederasta,9.4
pederastia,23.5
pedralbes,5.64
pedros,7.52
pehr,5.64
peinado,25.38
peiró,10.34
pelayos,3.76
pelletier,4.7
peluca,13.16
penar,4.7
peninsular,83.65
pensador,53.57
penuria,14.1
península,422.93
perdurable,7.52
perdurar,62.03
pere,58.27
perecedero,9.4
perestroika,5.64
perfeccionado,9.4
perfeccionar,47.93
perfección,40.41
perforar,22.56
perfumado,5.64
perfume,60.15
perfumería,25.38
pericles,12.22
periodización,25.38
periodo,26.32
periods,2.82
peripatético,6.58
perpetuar,17.86
persa,50.75
persecución,178.57
persia,106.2
personalista,4.7
pertegaz,3.76
perversión,6.58
pervivencia,20.68
perviveír,9.4
pervivir,9.4
período,63.91
pescado,146.61
peseta,13.16
peste,25.38
petraea,5.64
petrificado,9.4
petrolífero,25.38
petronio,8.46
petró,4.7
petróleo,269.73
phraya,5.64
physique,5.64
piadoso,10.34
piazzi,3.76
picto,7.52
pictográfico,3.76
pigafetta,3.76
pigmeo,5.64
pillaje,9.4
pimienta,24.44
pinel,10.34
pipino,20.68
pirenaico,14.1
pirenne,7.52
pirámid,21.62
pistolerismo,4.7
pitagórico,7.52
piteas,6.58
pitágoras,14.1
pizza,57.33
placidia,6.58
plantación,87.41
plantagenet,10.34
plasmado,17.86
platina,4.7
platt,11.28
platón,57.33
plauto,8.46
plebeyo,8.46
plebiscito,30.07
plenitud,15.98
plinio,48.87
plusvalía,6.58
plutonio,19.74
poblamiento,34.77
poblar,47.93
pobre,63.91
poderosísimo,2.82
poderío,38.53
podiebrad,5.64
pogrom,4.7
pogromo,20.68
polarizar,9.4
poli,7.52
polibio,15.04
polinesio,14.1
poliomieliti,4.7
poliomielitis,6.58
polis,29.14
politburó,18.8
politeísta,3.76
polity,3.76
polonio,5.64
polícroma,2.82
política,932.32
pomada,5.64
pompeya,21.62
pompeyo,33.83
pomponio,7.52
pontifex,3.76
pontificado,6.58
pontificios,39.47
pontífice,21.62
ponç,5.64
popham,3.76
popov,9.4
popularización,19.74
popularizar,82.71
poros,5.64
poroshenko,8.46
portes,5.64
portulano,5.64
portus,8.46
poseedoro,5.64
posguerra,84.59
posibilista,4.7
posibilitar,45.11
posidonio,7.52
positivismo,15.98
positivista,18.8
posmodernismo,5.64
posmoderno,11.28
posta,24.44
postguerra,8.46
postimpresionismo,3.76
postindustrial,3.76
postmodernidad,2.82
postmodernismo,2.82
postmoderno,9.4
postulado,25.38
potasa,6.58
potencia,426.69
potenciado,10.34
potencias,22.56
pott,4.7
potásico,5.64
practicado,40.41
practicidad,7.52
pragmático,15.98
pravda,9.4
preautonómico,3.76
precariedad,7.52
precario,37.59
precedente,86.47
precerámico,6.58
precientífico,4.7
precio,426.69
precioso,67.67
precolombina,12.22
precolombín,31.01
precolonial,6.58
preconizar,12.22
precursor,79.89
predilección,17.86
predinástico,5.64
predominaba,4.7
predominio,52.63
preeminencia,25.38
preexistent,14.1
prehistoria,26.32
prehistórica,18.8
prehistórico,65.79
preindoeuropeo,3.76
preindustrial,12.22
prematura,7.52
premoderno,6.58
prenda,156.95
preponderancia,20.68
preponderante,12.22
prerrevolucionario,4.7
prerrogativa,2.82
prerromán,9.4
prerrománico,2.82
presbiteriano,9.4
presidencialista,5.64
presionado,15.98
presocrático,5.64
prestamista,15.98
prestigio,104.32
pretencioso,3.76
pretensión,63.91
pretexto,32.89
pretorio,17.86
priestley,12.22
prim,16.92
primacía,22.56
primar,13.16
primaveras,7.52
primigenia,3.76
primigenio,3.76
primitivismo,6.58
primitivo,179.51
principado,6.58
principl,3.76
priscilianismo,2.82
prisco,10.34
prisma,23.5
privatización,41.35
privatizado,7.52
privilegiado,3.76
privilegiar,13.16
privilegio,133.46
procesado,12.22
proclamación,47.93
proclamar,253.76
proclive,8.46
productividad,51.69
productor,46.99
proestadounidense,2.82
proeza,7.52
profundización,7.52
profusión,15.04
progresista,12.22
progreso,165.41
prohibición,120.3
prohibir,239.66
prolegómenos,2.82
proletariado,33.83
proletario,10.34
proliferación,42.29
proliferar,40.41
promulgar,130.64
pronunciamiento,22.56
prooccidental,6.58
propaganda,94.92
propagandístico,18.8
propagar,61.09
propiciado,12.22
propiciar,105.26
proporcionarir,2.82
propugnar,21.62
proscribeír,3.76
proscribir,4.7
proscripción,10.34
proselitismo,10.34
prosoviética,2.82
prosoviético,10.34
prosperar,55.45
prosperidad,102.44
prostitución,65.79
prostituto,3.76
prostíbulo,7.52
proteccionismo,21.62
proteccionista,20.68
protectorado,49.81
protegiar,13.16
protesta,5.64
protestante,177.63
protestantismo,38.53
protohistoria,4.7
protohistórica,2.82
proudhon,32.89
proust,10.34
provecho,35.71
provence,7.52
provenza,88.34
provenzal,6.58
providencia,6.58
providencial,4.7
providencialista,2.82
prusiano,15.04
prácrito,3.76
práxedes,7.52
próspero,36.65
psicoanalítica,2.82
psicoanálisis,20.68
psicología,156.01
psicopatología,28.2
psicosis,9.4
psiquiatría,47.93
psuc,9.4
ptolemaica,6.58
ptolemaico,20.68
ptolomeo,85.53
ptolomeos,5.64
pugna,14.1
pugnar,5.64
puigdemont,14.1
pujante,19.74
pujanza,13.16
punible,6.58
punitivo,6.58
puntero,8.46
purga,33.83
purgar,8.46
purificar,12.22
puritano,5.64
puré,7.52
pérdicas,6.58
pérgamo,24.44
pérouse,3.76
pérsico,24.44
pétain,6.58
píldora,15.04
pólvora,50.75
póntico,4.7
púnica,8.46
púnico,25.38
qadesh,3.76
qasim,14.1
qian,7.52
qing,24.44
quadrata,2.82
quadrivium,3.76
quattrocento,8.46
queensland,119.36
queroseno,11.28
quesnay,6.58
quilombo,3.76
quimioterapéutico,3.76
quina,8.46
quinina,6.58
quinquenal,9.4
quirinal,5.64
quirúrgico,99.62
química,152.25
químico,136.28
rabbi,4.7
racional,77.07
racionalismo,17.86
racionalista,3.76
racionalización,10.34
racionalizar,7.52
racionamiento,18.8
radhanita,2.82
radiactividad,8.46
radical,201.13
radicalizar,11.28
radioactividad,8.46
radiotelegráfico,2.82
radoslav,3.76
ragusa,15.04
railways,10.34
rajatarangini,2.82
rajoy,23.5
rajput,3.76
ramblas,3.76
ramsés,34.77
raquitismo,3.76
rashidun,6.58
raurica,7.52
raval,14.1
razonamiento,34.77
razzia,3.76
raíl,9.4
reaccionario,12.22
readmitir,5.64
reagrupar,14.1
realeza,25.38
rebanada,12.22
rebelar,56.39
rebelión,250
recaredo,8.46
recargado,9.4
recelo,16.92
recesión,65.79
receta,133.46
recetario,30.07
recia,12.22
recipient,25.38
recluir él,2.82
reclus,14.1
reconducir,6.58
reconfirmar,3.76
reconquista,32.89
reconquistada,2.82
reconquistado,4.7
reconsidered,5.64
reconstitución,6.58
reconstituir,10.34
reconversión,14.1
recrudecer,8.46
recrudecimiento,5.64
redada,28.2
redescubierto,3.76
redescubreír,5.64
redescubrimiento,14.1
reduccionismo,4.7
reductor,8.46
redundar,7.52
reemprendeír,2.82
reestableceír,3.76
referéndum,105.26
refinado,39.47
refinamiento,17.86
refinar,14.1
refinar él,2.82
reforma,558.26
reformador,5.64
reformista,12.22
reforzamiento,8.46
refrendado,12.22
regalismo,4.7
regalista,3.76
regencia,35.71
regeneracionismo,4.7
regeneracionista,3.76
regenta,3.76
regente,65.79
regionalismo,9.4
regionalista,13.16
regnum,7.52
regularis,7.52
regímén,36.65
reichsfreiheit,2.82
reichstag,22.56
reinado,463.34
reinante,23.5
reinar,73.31
reino,1135.33
reinos,34.77
reinstaurar,6.58
reintegrar,14.1
reintroducir,16.92
reivindicación,79.89
reivindicativo,9.4
relajamiento,2.82
relation,6.58
relativizar,3.76
relegada,3.76
relegado,20.68
relevancia,109.02
religio,3.76
religiosidad,14.1
religioso,865.59
religión,490.6
remarcar,36.65
remedio,38.53
remensa,10.34
remesa,10.34
remisión,8.46
remojado,3.76
remolacha,13.16
remontar él,10.34
renacimiento,72.37
renaixença,10.34
renga,4.7
renovador,9.4
renovadora,5.64
reordenación,5.64
reorientación,10.34
reorientar,6.58
repartición,10.34
repartir él,10.34
repetición,3.76
repoblación,29.14
repoblador,4.7
repostero,6.58
repostería,21.62
represalia,58.27
represaliar,2.82
represivo,27.26
represión,181.39
reprimeir,3.76
reprimeír,12.22
reprimida,4.7
reprimido,26.32
reprimir,49.81
reproducibl,3.76
republicanismo,10.34
republicano,62.03
repugnancia,3.76
repulsa,3.76
repunte,5.64
república,254.7
repúblicas,23.5
requeer,5.64
rerum,13.16
reservista,6.58
resinteír,8.46
restablecer,100.56
restablecer él,5.64
restablecimiento,24.44
restitutio,3.76
restrictivo,16.92
resumido,10.34
resurgimiento,37.59
resurgir,4.7
reticencia,13.16
retribución,11.28
reunificación,25.38
reunificar,15.98
reus,47.93
revalorización,9.4
revalorizar,8.46
revanchista,2.82
revertido,3.76
revisionista,3.76
revitalización,17.86
revitalizar él,2.82
revival,5.64
revocar él,2.82
revolucionar,33.83
revolucionario,225.56
revolución,441.72
revuelta,17.86
rhapta,2.82
rhazes,9.4
richelieu,24.44
ricimero,16.92
rico,30.07
ridiculizar,12.22
rigveda,3.76
ripoll,16.92
riqueza,214.28
ritter,17.86
ritual,59.21
ritualizado,2.82
rival,53.57
rivalizar,19.74
rococó,8.46
rodas,31.95
roget,4.7
rohe,6.58
roma,1049.8
romaine,5.64
romana,42.29
romaniot,5.64
romanización,34.77
romanizada,2.82
romanizado,15.04
romano,356.2
romanos,18.8
romanticismo,28.2
romanum,6.58
romanz,15.98
románico,15.04
roosevelt,69.55
rosalind,9.4
rosellón,21.62
rothbard,5.64
rousseau,28.2
rsfs,15.04
rsfsr,6.58
rubidio,4.7
rublo,11.28
rudimentaria,7.52
rudimentario,18.8
rumelia,10.34
runge,5.64
rupestr,24.44
ruralización,11.28
rusificación,10.34
russia,17.86
rusófilo,2.82
rutenia,17.86
rávena,40.41
régimen,505.63
rético,4.7
ródano,41.35
rómulo,58.27
röntgen,5.64
rüdiger,5.64
sabino,6.58
saboya,73.31
saccharomyces,15.04
sacro,128.76
sadat,16.92
sadi,5.64
saduceo,3.76
safavid,6.58
safed,13.16
safo,7.52
safávido,6.58
sagasta,17.86
sahlins,4.7
saikaku,3.76
sajonia,109.02
sajón,45.11
sakas,5.64
sake,14.1
saladino,15.04
salario,134.4
salazón,36.65
salina,15.04
salitre,11.28
salmanasar,6.58
salmuera,13.16
salsa,88.34
samarcanda,32.89
samaria,15.04
samaritana,3.76
samaritano,6.58
samhita,8.46
samurái,47.93
sanador,5.64
sanatorio,13.16
sanedrín,5.64
sanger,11.28
sangriento,55.45
sangría,14.1
sanguijuela,6.58
santorini,5.64
santorio,7.52
sapiens,46.99
saquear,103.38
saqueo,55.45
sarampión,4.7
sargon,3.76
sargón,32.89
sarraceno,11.28
sarriá,10.34
sastre,14.1
sasánida,7.52
sasánidas,4.7
sasánidir,3.76
sasánido,35.71
satiricón,3.76
satrapía,7.52
satsuma,15.04
sauce,22.56
saudí,23.5
saúd,4.7
schaffhausen,11.28
scheele,8.46
schleiden,3.76
schrödinger,14.1
schuman,9.4
schumpeter,13.16
schwabe,4.7
schwann,4.7
schweitzer,6.58
schweiz,7.52
schwinger,5.64
schwyz,28.2
sectario,9.4
secuenciación,15.98
secuenciar,6.58
secular,72.37
secularización,19.74
secularizar,8.46
seda,28.2
sedentaria,7.52
sedentario,5.64
sedentarismo,9.4
sedentarización,4.7
sedería,4.7
sefarad,4.7
sefardita,4.7
sefardí,23.5
segadores,4.7
segismundo,70.49
seleucia,4.7
seleuco,14.1
selfactina,3.76
selyúcida,9.4
selyúcido,4.7
seléucida,15.98
seléucido,13.16
semen,9.4
semiautónomo,6.58
semiindependiente,4.7
seminómada,6.58
semiología,3.76
semita,4.7
semmelweis,4.7
semple,5.64
semítico,15.04
senaquerib,11.28
senatorial,30.07
sensacionalista,12.22
sentar,109.02
senón,2.82
sephardic,3.76
septimania,7.52
septimio,14.1
serapis,3.76
serbios,10.34
serdica,6.58
sergéi,5.64
sermón,32.89
sertoriana,3.76
sertorianas,2.82
servet,12.22
servidumbre,40.41
servil,8.46
servio,7.52
seteciento,5.64
seti,8.46
settlement,6.58
seuil,14.1
seurat,4.7
severo,37.59
sexenio,32.89
sextiae,3.76
sexualidad,78.01
sexólogo,3.76
señoría,12.22
shang,25.38
shapur,5.64
shean,2.82
shen,18.8
sheng,6.58
shennong,3.76
shimabara,3.76
shimonoseki,6.58
shizhen,2.82
shoah,3.76
shogunato,68.61
shōgun,21.62
shōmu,3.76
siagrio,5.64
sialk,2.82
siam,15.04
sicilia,131.58
sida,29.14
siderurgia,11.28
siderúrgico,54.51
sidón,11.28
siervo,34.77
sieyès,6.58
signac,3.76
silesia,253.76
silesius,2.82
silingo,3.76
silla,37.59
silliman,2.82
sima,15.98
simbel,5.64
simplificación,15.98
simposio,13.16
sina,7.52
sinagoga,58.27
sinaí,35.71
sincretismo,15.98
sincrético,6.58
sindicalismo,29.14
sindicalista,10.34
sindicato,185.15
sintetizar él,3.76
sintomatología,5.64
sintoísta,6.58
sinuhé,3.76
sionismo,13.16
siria,211.46
sirinelli,4.7
sirmium,6.58
sisebuto,3.76
sistematización,8.46
sistematizar,11.28
sistematizar él,2.82
sistemático,106.2
siteír,11.28
soberano,47.93
soberanía,136.28
soberbio,9.4
sobreproducción,3.76
sobrevenir,10.34
socialdemocracia,7.52
socialdemócrata,15.98
socialismo,77.07
socialista,158.83
sociedad,959.58
sociología,66.73
sociológico,29.14
sociopolítica,5.64
sociopolítico,14.1
sodomita,8.46
sodomía,13.16
sofista,5.64
sofisticación,15.04
sofisticado,51.69
sofocar,62.03
soissons,13.16
solapado,3.76
soleura,14.1
soli,12.22
solidarność,3.76
solidus,3.76
solutrense,4.7
sometido,98.68
sometimiento,14.1
sorano,4.7
sostenimiento,9.4
soult,15.04
soviet,21.62
soviética,481.2
soviéticas,15.98
soviético,501.87
soví,3.76
spania,3.76
spartaria,6.58
spiritus,8.46
srivijaya,12.22
stahl,10.34
stalin,107.14
stamford,38.53
steel,62.03
stiglitz,5.64
stijl,4.7
stirpium,8.46
stjepan,7.52
stonehenge,14.1
stonewall,15.04
suabia,22.56
subcontinente,77.07
subcultura,15.98
subdisciplina,8.46
subestimar,11.28
subjetividad,10.34
subleir,4.7
sublevación,4.7
sublevado,24.44
sublevar,28.2
sublime,11.28
subordinación,17.86
subsahariana,7.52
subsector,5.64
subsecuente,12.22
subsiguiente,20.68
subsistencia,39.47
substancia,14.1
substancial,6.58
subvencionar,9.4
suceder él,14.1
sucesivo,167.29
sucesor,279.13
sucesoria,4.7
sucesorio,19.74
sudeste,118.42
suetonio,11.28
suevo,10.34
suez,33.83
suintila,2.82
sukhothai,5.64
sulayman,5.64
sultanato,35.71
sumario,7.52
sumer,7.52
sumergiar,2.82
sumeria,13.16
sumerio,47.93
sumido,14.1
sunyer,8.46
supeditado,6.58
superpoblación,4.7
superpotencia,21.62
supersticioso,6.58
superstición,17.86
superávit,8.46
suplantar,14.1
supremacía,47.93
suramericano,8.46
surgido,88.34
surgimiento,178.57
surgir,917.28
surrealismo,15.04
surtidor,8.46
suscitado,9.4
sushi,25.38
sushruta,6.58
susruta,5.64
svante,3.76
switzerland,6.58
sydenham,4.7
sylvius,2.82
szasz,3.76
sánscrito,13.16
sármata,5.64
sátrapa,4.7
séforis,2.82
sículo,8.46
sífilis,16.92
sílex,18.8
síntesis,108.08
sóter,3.76
súbdito,44.17
tabaco,81.77
tabacum,4.7
tablilla,29.14
tabú,11.28
taifa,10.34
taifas,6.58
taihang,5.64
taillevent,5.64
taira,14.1
talibán,10.34
talmud,24.44
tamerlán,19.74
tamil,17.86
tammuz,2.82
tang,76.13
tanganica,15.04
taoísmo,15.98
tapiz,3.76
tapón,2.82
tardía,9.4
tarquinio,25.38
tarraco,8.46
tarraconense,15.04
tarsis,2.82
tartaglia,3.76
tartessos,9.4
tartárico,5.64
taskent,22.56
tasman,7.52
tatlin,2.82
taula,5.64
tavern,5.64
tazón,19.74
taíno,6.58
tebas,41.35
tecnológico,154.13
tecnócrata,5.64
tectónica,15.98
telar,31.95
telegrafía,32.89
telegráfica,4.7
telegráfico,12.22
teleología,4.7
teleológico,4.7
telescopio,11.28
teletipo,3.76
telégrafo,37.59
temerario,10.34
temple,13.16
tendencia,277.25
tendente,7.52
tenedor,10.34
tenochtitlán,13.16
tentativa,28.2
teocentrismo,2.82
teocentristar,2.82
teocracia,6.58
teocrático,6.58
teocéntrico,3.76
teodomiro,7.52
teodorico,46.05
teodosio,103.38
teofrasto,28.2
teológica,12.22
teoría,1029.12
teotihuacán,14.1
tepe,12.22
terencio,7.52
termodinámica,25.38
terrateniente,11.28
territorio,1632.5
tesalónica,28.2
tesino,16.92
tetrarca,3.76
tetrarquía,10.34
teutón,10.34
teutónica,10.34
teutónicos,4.7
text,38.53
textil,28.2
teñir,11.28
teórico,19.74
theatrum,3.76
thema,8.46
theobroma,5.64
thonburi,5.64
tiahuanaco,7.52
tiberíades,14.1
tibetano,15.04
tibetán,11.28
tibidabo,7.52
tigranes,6.58
tigris,28.2
tilt,4.7
timeline,11.28
timur,9.4
tinción,10.34
tintura,7.52
tipología,47.93
tiranicidio,3.76
tirel,3.76
tisana,2.82
tiselius,2.82
tissot,7.52
tlatelolco,10.34
tlaxcaltecas,4.7
tobler,5.64
tocado,9.4
tocario,5.64
tocino,8.46
tocqueville,5.64
toga,12.22
tokugawa,35.71
toledano,3.76
tolerancia,80.83
tolerante,20.68
tolerar,33.83
tolosa,59.21
toltecas,2.82
tomonaga,3.76
tordesillas,21.62
torricelli,4.7
tosa,6.58
totalitario,19.74
toynbee,10.34
toyotomi,12.22
traba,8.46
tracia,41.35
tracio,10.34
traité,7.52
trajano,24.44
tralles,2.82
transatlántico,15.98
transcaucasia,6.58
transformador,7.52
transformando él,3.76
transgénico,10.34
transjordania,18.8
transmisibl,5.64
transmisible,3.76
transmutación,5.64
transoceánico,4.7
transoxiana,20.68
transportar él,10.34
transportation,14.1
trascendencia,28.2
trascendental,29.14
trascendente,19.74
trastocar,6.58
trastámara,17.86
tratadista,4.7
tratado,409.77
travestis,7.52
travestismo,5.64
treinta,44.17
trends,8.46
trepanación,32.89
trepanado,6.58
trevithick,10.34
tribal,70.49
tribu,387.21
tributación,5.64
tridente,9.4
trigo,129.7
trigonometría,4.7
tripartito,5.64
triplicar,15.04
triunvirato,9.4
trois,3.76
trono,324.24
truequ,4.7
trueque,14.1
trágica,13.16
trépano,5.64
tschermak,4.7
tsunenaga,3.76
tuberculosis,94.92
tucídides,12.22
tudmir,5.64
tuoba,2.82
tupinambás,5.64
turbante,13.16
turbinia,2.82
turco,135.34
turgovia,12.22
turing,31.95
turquestán,25.38
tutankamon,3.76
tutankamón,7.52
tutmosis,7.52
tvrtko,23.5
twentieth,11.28
tácito,15.98
tártara,3.76
tártaro,17.86
tène,14.1
tíber,15.04
tíbet,83.65
títere,23.5
túnica,55.45
túpac,2.82
túrquico,18.8
ubicuidad,3.76
ucraniana,15.04
ugarit,7.52
ukraine,8.46
ulisse,3.76
ultramarina,3.76
ungido,5.64
ungüento,13.16
unificación,88.34
unificado,56.39
unificadoro,6.58
unificar,111.84
unificar él,4.7
uniformismo,6.58
uniprovincial,8.46
universalización,4.7
untar,6.58
unterwalden,16.92
urbanidad,4.7
urbanismo,33.83
urbino,12.22
urbs,2.82
urdido,3.76
urdimbre,5.64
urea,8.46
uroš,7.52
urss,182.33
uruk,36.65
usanza,7.52
usora,11.28
ustaša,3.76
ustaše,3.76
usura,9.4
usurpador,23.5
utensilio,62.03
utopía,15.98
utópico,25.38
uzbeco,2.82
uzbekistán,70.49
uzbeko,5.64
vacceo,3.76
vacunación,22.56
vacuno,11.28
vainilla,13.16
vaivén,9.4
vajilla,15.98
valaco,9.4
valais,54.51
valdeón,5.64
valente,23.5
valentiniano,56.39
valentí,7.52
valeriano,14.1
valois,22.56
valtelina,4.7
vapor,22.56
vaquero,6.58
varego,4.7
vasa,10.34
vasalla,3.76
vasallaje,17.86
vasallo,3.76
vascón,16.92
vasto,63.91
vaud,22.56
veda,4.7
vedas,9.4
vegecio,3.76
vegetables,3.76
vegetal,37.59
vegetarianismo,35.71
vegetarián,12.22
vejación,4.7
vejiga,14.1
velero,15.98
venaissin,3.76
vencedora,5.64
vendaje,6.58
veneno,60.15
venido,19.74
venturi,6.58
venérea,6.58
venéreo,3.76
verdura,59.21
verdún,19.74
verhaeren,2.82
vernácula,15.98
verrier,3.76
verrocchio,3.76
vertebrar,5.64
vesalio,26.32
vespasiano,12.22
vespucio,10.34
vestido,123.12
vetón,3.76
veyne,8.46
viandier,5.64
viario,15.98
vichy,36.65
victorioso,3.76
vidaurreta,5.64
vikinga,13.16
vikingo,39.47
vilanova,17.86
villaamil,4.7
villae,3.76
vinagre,24.44
vinci,40.41
vino,306.39
vinča,3.76
virchow,8.46
virgili,5.64
viriato,6.58
virología,4.7
virreinato,36.65
viruela,73.31
virulencia,6.58
virulento,12.22
virus,208.64
visado,4.7
visigoda,6.58
visigodo,86.47
visigodos,5.64
visigótico,13.16
visir,16.92
vitalidad,20.68
vitalismo,11.28
viticultura,7.52
vitriolo,4.7
vitruvio,13.16
vivisección,6.58
vizcarrondo,2.82
việt,6.58
vladislav,7.52
vojvodina,8.46
volinia,11.28
vries,14.1
vulcanismo,6.58
vándalo,48.87
védico,34.77
víktor,10.34
waldseemüller,4.7
waldstätten,10.34
walras,8.46
watt,19.74
watteau,4.7
wegener,6.58
weismann,5.64
wernicke,4.7
westfalia,21.62
wheatstone,3.76
wifredo,13.16
willendorf,2.82
winckelmann,6.58
windisch,2.82
witiza,6.58
wundt,18.8
wöhler,8.46
xaver,5.64
xianbei,4.7
xilografía,10.34
xinjiang,13.16
xiongnu,7.52
yalta,15.98
yamato,15.98
yamna,3.76
yanukóvich,11.28
yate,5.64
yayoi,7.52
yecla,6.58
yehudah,2.82
yeltsin,41.35
yerno,12.22
yoshihiko,2.82
yuan,46.05
yuca,8.46
yuezhi,3.76
yugo,15.04
zagros,12.22
zahir,28.2
zanzíbar,19.74
zarato,8.46
zarista,17.86
zemlja,13.16
zenón,34.77
zhou,45.11
zigurats,6.58
zoología,19.74
zoroastriano,4.7
zoroastrismo,8.46
zumo,13.16
zurbarán,15.98
zähringen,5.64
zúrich,83.65
ábaco,4.7
álgido,15.04
ándalus,5.64
ánfora,24.44
árabe,396.61
árpad,2.82
árpád,7.52
átomo,147.55
ávaro,15.98
æthelwold,39.47
çatalhöyük,4.7
ébano,9.4
éfeso,20.68
égida,5.64
élisée,8.46
élite,127.82
élites,17.86
época,1711.45
époque,6.58
éufrates,31.95
íbero,14.1
índigo,5.64
ørsted,13.16
šubić,14.1
