abeliano,64.38
abelián,18.39
ablación,27.59
abordar,211.54
abordar él,27.59
aborigen,50.59
abstracción,55.18
abstracta,41.39
abstracto,211.54
abundancia,101.17
academic,45.99
accesibilidad,36.79
accesibl,32.19
aceleración,50.59
acelerar,82.78
aceptable,59.78
acnur,27.59
acoplamiento,36.79
acotación,32.19
acotado,294.31
actuarial,13.8
adaptativo,55.18
adecuar,45.99
adherent,18.39
aditivo,73.58
adjetivo,22.99
adventista,13.8
adventistas,13.8
adyacencia,22.99
afiliación,133.36
afinidad,59.78
africano,427.67
africanos,45.99
afrikáans,22.99
afín,239.13
aglomeración,82.78
agnosticismo,13.8
agnóstico,27.59
agotamiento,45.99
agrupado,32.19
agrupamiento,36.79
ahmed,55.18
aids,59.78
ajedrez,78.18
ajustar,91.97
ajuste,68.98
albanés,59.78
alcista,13.8
aleatorio,423.08
alejandrina,22.99
alelo,32.19
alfabetismo,18.39
alfabetización,22.99
alfabetizado,50.59
algebra,22.99
algebraica,174.75
algebraico,588.63
algorithm,41.39
algorithms,101.17
algoritmo,50.59
algoritmos,68.98
algorítmico,73.58
alineamiento,183.95
altísimo,18.39
ambiguo,55.18
ambigüedad,87.37
amerindia,13.8
amerindio,27.59
aminorar,13.8
aminoácido,59.78
amplicón,13.8
amplificación,32.19
amplificar,36.79
analfabetismo,50.59
analizado,41.39
analizador,18.39
analizar,735.78
analizar él,45.99
analogía,41.39
analysis,13.8
analytic,27.59
analytics,27.59
analítica,22.99
analítico,593.23
ancestro,87.37
anciano,41.39
anglicano,45.99
angular,59.78
animismo,22.99
animista,36.79
anotación,91.97
anova,13.8
antemano,22.99
antibiótico,78.18
anticipar,55.18
anticonceptivo,78.18
análisis,3540.96
análogo,18.39
aplicabilidad,22.99
aplicable,110.37
aplicaciones,32.19
aplicación,1936.03
aplicado,551.84
aplicar,809.36
aplicar él,105.77
apología,18.39
apolonio,55.18
aporte,114.97
applications,183.95
applied,105.77
approach,32.19
aprendizaje,708.19
apropiado,105.77
aproximación,749.58
aproximado,179.35
aproximar,248.33
aptitud,220.74
arabidopsis,13.8
arbitrario,133.36
arista,441.47
aritmética,55.18
aritmético,165.55
armenio,78.18
armónico,68.98
arnm,91.97
arns,32.19
arquímedes,133.36
artificial,64.38
arábigo,55.18
ascendencia,308.11
asignación,105.77
asilo,73.58
asimilar,55.18
asimétrico,32.19
asintótica,32.19
asintótico,68.98
asirio,50.59
asistido,133.36
asiático,73.58
aspecto,625.42
astronomía,147.16
atacante,55.18
ateo,27.59
ateísmo,22.99
atractivo,96.57
atraído,50.59
atípico,36.79
augustin,27.59
aumento,473.66
austronesio,22.99
autoidentificación,18.39
autoidentificar,41.39
automatización,27.59
automatizado,59.78
automatizar,27.59
automática,13.8
automático,22.99
autovalor,27.59
autóctono,87.37
autómata,45.99
avalancha,22.99
avance,298.91
axioma,482.86
axiomatización,32.19
axiomático,124.16
azar,96.57
azerí,64.38
babilonia,73.58
babilonio,119.56
babilónica,50.59
babilónico,73.58
bacteria,128.76
bacterial,27.59
bacteriana,27.59
bacteriano,41.39
bacterián,22.99
bagdad,64.38
bahaí,18.39
banach,170.15
bangladés,64.38
bantú,41.39
basado,1181.85
basar,505.85
basar él,151.76
bautista,41.39
bayes,27.59
bayesiano,18.39
bayesián,32.19
beduino,27.59
behavior,27.59
behavioral,27.59
beltrami,27.59
bengalí,32.19
bereber,27.59
bernhard,41.39
bernoulli,91.97
bhaskara,32.19
bidimensional,91.97
bielorruso,22.99
bielorrusos,18.39
bilingüe,50.59
bilingües,18.39
bilingüismo,18.39
binaria,27.59
binario,87.37
bioconductor,18.39
bioestadística,45.99
biofísica,13.8
bioinformática,41.39
bioinformático,91.97
biology,147.16
biología,179.35
biológico,685.2
biomarcador,13.8
biomolécula,32.19
biomédico,50.59
bioquímica,32.19
bioquímico,68.98
biosíntesis,27.59
bipartito,45.99
birkhäuser,22.99
biólogo,87.37
blaise,18.39
blast,55.18
bolyai,50.59
bonanza,18.39
boole,13.8
borel,13.8
bosnio,41.39
bounded,22.99
bourbaki,18.39
browniano,13.8
bruto,202.34
budismo,45.99
budistas,27.59
burkina,50.59
buscador,32.19
báltico,32.19
básico,528.85
búlgaros,32.19
búsqueda,41.39
cableado,22.99
caenorhabditis,18.39
calculado,27.59
calcular,754.18
calcular él,73.58
calculus,193.14
caldea,18.39
califa,55.18
campo,1876.25
canada,68.98
canadiense,59.78
candidato,18.39
cantidad,974.91
cantor,41.39
canónico,133.36
caracterización,64.38
caracterizar él,18.39
característica,1214.04
cardano,13.8
cardinal,22.99
cardinalidad,41.39
cartan,55.18
cartesiana,22.99
cartesiano,22.99
cartografía,32.19
casta,68.98
categorización,36.79
categorizar,27.59
catolicismo,18.39
catástrofe,45.99
católico,229.93
cauchy,105.77
caucásico,32.19
causal,27.59
causalidad,27.59
cavalieri,32.19
cayley,45.99
celular,312.71
censal,27.59
censar,27.59
censo,2501.67
censos,96.57
census,27.59
centroamericano,32.19
cero,363.29
cerrado,262.12
checheno,13.8
chemistry,114.97
chiita,45.99
chino,206.94
chinos,32.19
chií,32.19
christoffel,32.19
ciencia,1168.06
científico,234.53
cifra,487.46
cifrar,27.59
cinética,27.59
cinético,45.99
circulatorio,18.39
circunferencia,570.23
ciudadano,446.07
ciudadanía,137.96
clique,13.8
clonación,41.39
cluster,18.39
clustering,27.59
clínico,133.36
clúster,50.59
cociente,101.17
codificación,59.78
codificado,59.78
codificant,73.58
codificante,32.19
codificar,174.75
coeficiente,271.32
cognitivo,78.18
cognoscitivo,13.8
coherente,41.39
cohomología,68.98
cohorte,55.18
cola,308.11
colectividad,32.19
colineal,50.59
colombiano,36.79
combinación,248.33
combinar,257.52
combinatoria,18.39
combinatorio,262.12
compacidad,41.39
compacta,41.39
compacto,22.99
comparación,377.09
comparado,114.97
comparar,243.73
comparativo,119.56
comparison,18.39
complejidad,18.39
complejo,1876.25
complementario,18.39
complemento,73.58
complex,110.37
complicado,119.56
componente,754.18
comportamiento,496.65
comportar,87.37
composición,45.99
comprensión,18.39
computacional,133.36
computación,377.09
computador,124.16
computadora,285.12
computar,32.19
computation,18.39
computational,174.75
computer,78.18
computers,22.99
computing,68.98
concentrado,82.78
concentrar,262.12
concentrar él,41.39
concepto,1103.68
conceptual,68.98
concernir,45.99
concreto,147.16
condicional,64.38
conectividad,64.38
conexión,363.29
conexo,64.38
confiable,45.99
conforme,239.13
congoleño,18.39
congruencia,64.38
conjetura,36.79
conjeturar,27.59
conjugado,27.59
conjunto,3416.8
conmutativo,78.18
cono,96.57
conocimiento,735.78
conservada,64.38
consideración,137.96
considérese,45.99
consiguiente,41.39
consistente,119.56
constante,482.86
contabilidad,32.19
contabilizar,50.59
contable,59.78
contenido,64.38
conteo,78.18
contexto,519.65
contextual,27.59
continuidad,124.16
continuo,915.13
contradicción,59.78
contraejemplo,32.19
contrapart,22.99
conurbación,18.39
conveniencia,32.19
conveniente,59.78
convergence,32.19
convergencia,156.35
convergente,41.39
converger,45.99
convergir,68.98
convexas,27.59
convexidad,41.39
convexo,73.58
convexos,32.19
convolucional,18.39
convolución,27.59
conway,59.78
cooperativo,50.59
coordenado,18.39
coordinado,50.59
copta,13.8
coreano,36.79
corpora,18.39
corpu,27.59
corpus,114.97
corrección,50.59
correcto,193.14
correlacionada,32.19
correlacionado,36.79
correlacionar,22.99
correlación,280.52
coseno,13.8
cosmológico,18.39
costoso,82.78
cotangente,27.59
course,36.79
covariante,41.39
covarianza,68.98
coxeter,13.8
crean,13.8
creciente,239.13
crecimiento,78.18
creencia,257.52
creencias,18.39
creyent,50.59
creyente,22.99
criba,13.8
cribado,13.8
criollo,64.38
criptografía,45.99
crisol,13.8
cristalografía,22.99
cristianismo,50.59
cristiano,340.3
cristianos,193.14
criterio,41.39
croata,101.17
cromatina,170.15
cromatografía,55.18
cromosoma,188.54
cromosómico,45.99
crucial,105.77
cuadrado,298.91
cuadratura,45.99
cuadrática,55.18
cuadrático,82.78
cuadrícula,45.99
cualesquiero,45.99
cualificado,105.77
cualitativo,78.18
cuantificación,82.78
cuantificar,151.76
cuantitativo,243.73
cuestión,423.08
cultivable,36.79
curva,18.39
curvatura,740.38
curvature,13.8
curvo,45.99
cuántico,381.69
cuártica,13.8
cálculo,2138.37
círculo,510.45
cómputo,41.39
cónica,36.79
cúbico,59.78
dado,441.47
dane,27.59
darrell,22.99
dato,4010.03
datos,128.76
decaimiento,18.39
decena,101.17
decenio,22.99
decimal,96.57
decision,82.78
decisions,32.19
decisión,657.61
declive,68.98
decreceir,18.39
decrecer,13.8
decreciente,22.99
decrecimiento,41.39
decrecir,13.8
dedekind,27.59
deducción,59.78
deducir,147.16
deductivo,68.98
defined,32.19
definición,128.76
definido,551.84
definir,1273.83
definir él,68.98
definitorio,22.99
defunción,142.56
degenerado,73.58
demografía,593.23
demográfico,1172.66
demostración,335.7
demostrar,841.55
demostrar él,36.79
dengue,22.99
denominar,662.21
denotado,119.56
denotando,18.39
denotar,225.33
densidad,41.39
density,36.79
dependencia,13.8
depender,565.63
dependient,27.59
dependiente,206.94
derivación,73.58
derivada,13.8
derivadas,13.8
derivado,1126.67
derivar él,18.39
desargues,13.8
desarrollo,1563.54
descartes,119.56
descendient,18.39
descendiente,413.88
descenso,280.52
descifrar,36.79
descomponer,50.59
descomponer él,22.99
descomposición,206.94
describir él,41.39
describser,13.8
descriptivo,114.97
descriptor,41.39
descubrimiento,294.31
deseable,32.19
deseado,82.78
desempleo,114.97
desigual,101.17
desigualdad,82.78
desplazado,41.39
despoblación,119.56
despoblamiento,27.59
desviación,128.76
detección,211.54
detectar,183.95
determinación,133.36
determinado,574.83
determinar,970.32
determinar él,18.39
determinista,36.79
diagonal,27.59
diagrama,110.37
dialecto,275.92
diana,22.99
diarrea,41.39
dibujar,119.56
difeomorfismo,41.39
diferenciabilidad,41.39
diferenciabl,179.35
diferenciable,220.74
diferenciación,91.97
diferencial,22.99
diferir,160.95
differential,18.39
difuso,18.39
difícil,427.67
dilatación,160.95
dilema,59.78
dilucidar,18.39
dimensional,18.39
dimensionalidad,101.17
dimensión,965.72
dinámica,50.59
dinámico,248.33
diofantina,22.99
diofanto,55.18
diofántica,55.18
diofántico,78.18
dirac,41.39
dirichlet,78.18
discernir,18.39
discernir él,13.8
disciplina,459.87
discrepancia,36.79
discreto,551.84
discriminante,22.99
disjunto,32.19
disminución,243.73
disminuir,515.05
disociación,18.39
dispar,27.59
disparidad,18.39
distinto,478.26
distribución,133.36
divergencia,27.59
diversidad,234.53
diverso,202.34
divisibilidad,18.39
divisor,45.99
diáspora,41.39
dominica,22.99
dominicano,27.59
dominio,731.19
dover,68.98
druso,41.39
drástico,45.99
dual,36.79
dualidad,45.99
duplicación,36.79
duplicar,55.18
dynamics,32.19
dígito,45.99
eclips,55.18
ecología,82.78
econometría,18.39
economic,50.59
ecuaciones,64.38
ecuación,1752.09
edition,142.56
educacional,91.97
educación,800.17
educador,55.18
education,41.39
educativo,400.08
efecto,18.39
eficiencia,114.97
eficiente,206.94
egipcio,91.97
einstein,160.95
ejemplo,3545.56
elección,22.99
electromagnetismo,18.39
electromagnético,45.99
electrón,110.37
elemental,147.16
elemento,1246.23
elementos,133.36
elements,18.39
elevado,404.68
elijar,13.8
elsevier,32.19
elíptica,36.79
elíptico,197.74
embebido,36.79
emigración,13.8
emigrante,225.33
emigrar,363.29
emigro,13.8
empadronamiento,22.99
empalme,55.18
empaquetamiento,18.39
empleado,151.76
empleo,248.33
empírico,87.37
encefalitis,13.8
encode,13.8
encuesta,22.99
encuestado,36.79
enfermedad,689.8
enfermedades,91.97
enfoque,919.73
engendrado,13.8
enjambre,36.79
ensamblado,18.39
ensamblaje,82.78
ensamblar,36.79
ensembl,18.39
entender,432.27
entender él,32.19
entendimiento,91.97
entero,151.76
entorno,409.28
entropía,101.17
enumeración,32.19
enumerativo,22.99
enunciado,64.38
enunciar,18.39
envejecido,68.98
envejecimiento,13.8
enzima,188.54
enzimático,22.99
epidemiología,73.58
epidemiológico,22.99
epigenoma,27.59
epigenética,59.78
epigenético,101.17
epistemológico,18.39
equations,55.18
equilibrio,372.49
equivalencia,119.56
equivalente,331.1
eratóstenes,18.39
erdős,13.8
ergódico,22.99
erlangen,64.38
error,18.39
escala,505.85
escalado,18.39
escalar,114.97
esclavo,225.33
escogido,45.99
escolaridad,18.39
escolarización,45.99
escolarizado,13.8
esencial,179.35
esfera,593.23
esférico,174.75
eslavo,73.58
espacial,381.69
espacio,3058.1
especificada,13.8
especificar,183.95
espectral,137.96
espectro,101.17
espectrometría,73.58
espectroscopia,18.39
específico,556.44
esperado,142.56
esperanza,469.06
esquema,165.55
estabilizar,36.79
estable,216.14
estacionario,78.18
estadística,487.46
estadísticas,156.35
estadístico,1002.51
estancamiento,22.99
estancar,27.59
estandarizado,27.59
estereográfico,22.99
estimación,32.19
estimado,22.99
estimar,915.13
estimation,18.39
estocástica,32.19
estocástico,206.94
estonio,41.39
estonios,13.8
estrategia,869.15
estructura,96.57
estructural,308.11
estudiado,151.76
estudiar,1283.02
estudiar él,32.19
estándar,404.68
estático,59.78
etario,73.58
ethnic,32.19
etiqueta,87.37
etiquetado,36.79
etiquetar,32.19
etnia,32.19
etnicidad,41.39
etnografía,36.79
eucariota,22.99
euclidean,22.99
euclides,538.04
euclidiana,87.37
euclidiano,170.15
euclidián,436.87
euclídea,50.59
euclídeo,271.32
euclídes,13.8
eudoxo,32.19
euler,165.55
europeo,165.55
europeos,59.78
eurostat,36.79
evaluación,211.54
evaluar,220.74
evangélico,18.39
evidente,124.16
evolución,68.98
evolution,59.78
evolutionary,41.39
evolutiva,32.19
evolutivo,538.04
exactitud,50.59
exacto,225.33
exhaustivo,73.58
existent,13.8
expectativa,41.39
experimentación,50.59
experimentador,13.8
experimental,326.5
experimento,257.52
exploratorio,18.39
explícito,114.97
exponencial,156.35
expresado,114.97
expresar él,68.98
expresión,823.16
extender él,59.78
extendido,142.56
extensivo,55.18
extracción,45.99
extraer,202.34
extranjero,344.9
factbook,289.72
factible,50.59
factor,556.44
factorial,27.59
factorización,64.38
familiaridad,18.39
farmacogenómica,50.59
farmacológico,32.19
faso,55.18
fecundidad,538.04
felix,68.98
fenotipo,87.37
fenotípico,32.19
fenómeno,354.1
fermat,91.97
fertilidad,455.27
fertility,32.19
fiable,73.58
fibonacci,41.39
fibrado,78.18
fiebre,73.58
filipino,78.18
filogenético,36.79
filtrado,41.39
filtro,124.16
finanza,68.98
finita,91.97
finito,574.83
fisher,87.37
fisiología,36.79
floreciente,27.59
fluido,110.37
flujo,331.1
fluorescencia,41.39
fluorescente,27.59
fluoróforo,18.39
fluxión,22.99
fonológico,18.39
formal,340.3
formalismo,78.18
formalización,59.78
formalizado,18.39
formalizar,73.58
formulación,239.13
formular,160.95
foundations,36.79
fourier,432.27
fraccional,349.5
fractal,36.79
fractional,142.56
fragmentación,36.79
franco,50.59
frase,331.1
frecuencia,473.66
friedman,59.78
fréchet,27.59
fuente,13.8
fula,32.19
fulani,36.79
funcional,32.19
funciones,36.79
función,4543.47
function,41.39
functional,165.55
functions,105.77
fundamentación,18.39
fundamental,754.18
fundamento,183.95
fundamentos,32.19
fácil,225.33
fáctico,45.99
fármaco,193.14
física,321.91
físico,588.63
fórmula,400.08
galois,45.99
gauss,220.74
gaussián,68.98
gelfand,18.39
generacional,36.79
generación,542.64
generado,234.53
generador,36.79
generalidad,64.38
generalización,280.52
generalizado,110.37
generalizar,165.55
generalizar él,32.19
genetic,124.16
genetical,13.8
genital,45.99
genitalium,13.8
genoma,55.18
genome,105.77
genomics,64.38
genotipo,73.58
genética,50.59
genético,1039.3
genómica,197.74
genómico,280.52
geodesia,18.39
geodésica,78.18
geodésico,91.97
geoestadística,27.59
geografía,179.35
geología,41.39
geometric,27.59
geometry,206.94
geometría,666.8
geométrico,942.72
georgiano,68.98
geómetra,50.59
ghana,87.37
ghosh,18.39
gitanos,82.78
global,455.27
glosario,41.39
goldbach,22.99
gottfried,27.59
gradiente,13.8
grado,662.21
grafo,82.78
gramatical,87.37
gramática,82.78
gravitación,27.59
gravitatorio,41.39
grothendieck,50.59
groups,45.99
gráfica,50.59
gráfico,151.76
gráficos,18.39
grómov,36.79
guinea,257.52
génica,13.8
génico,239.13
géométrie,18.39
gödel,22.99
habitant,55.18
habitante,3922.65
hablado,349.5
hablant,151.76
hablante,32.19
hadamard,13.8
haitiano,73.58
hamiltoniano,18.39
haplogrupo,82.78
hardy,64.38
hausa,22.99
hausdorff,27.59
hebra,41.39
helénico,27.59
hepatitis,50.59
heredado,41.39
herramienta,892.14
heterogéneo,41.39
heurística,50.59
heurístico,27.59
hibridación,64.38
hidalgo,170.15
hilbert,340.3
hindi,41.39
hinduismo,41.39
hinduista,27.59
hindú,59.78
hindúes,18.39
hiperbólica,22.99
hiperbólico,386.29
hiperesfera,22.99
hipersuperfici,18.39
hipersuperficie,13.8
hipótesis,381.69
hirsch,18.39
hirzebruch,13.8
histona,165.55
hodge,36.79
holomorfa,78.18
holomorfas,133.36
holomórfico,13.8
hombre,3292.64
hombres,335.7
homeomorfismo,27.59
homogéneo,160.95
homología,156.35
homológico,22.99
homomorfismo,50.59
homotopía,27.59
homóloga,13.8
homólogo,68.98
hormiga,349.5
hotelling,18.39
human,110.37
humano,68.98
huseín,22.99
huxley,22.99
húngaro,82.78
identificación,262.12
identificar,721.99
identificar él,41.39
idioma,45.99
idiomas,13.8
idéntico,119.56
igual,197.74
ilegal,170.15
ilimitado,36.79
imaginario,68.98
imperfecto,32.19
implementado,45.99
implicación,64.38
implicar,450.67
implícito,87.37
impreciso,22.99
inadecuado,36.79
inadvertido,18.39
incapacidad,87.37
incentivo,59.78
incertidumbre,91.97
incidencia,114.97
including,18.39
inconmensurabl,18.39
inconsistencia,27.59
incremental,18.39
incrementar él,27.59
incremento,225.33
incrustación,22.99
incógnita,32.19
indexado,41.39
indicador,105.77
indicators,13.8
indispensable,41.39
indistinguibl,18.39
indistinguible,13.8
individuo,639.21
indización,13.8
indoeuropeo,22.99
inducido,55.18
inductivo,36.79
industrializado,22.99
indígena,381.69
indígenas,50.59
indígén,395.48
inequality,18.39
inestable,45.99
infantil,501.25
infeccioso,59.78
infectado,50.59
inferencia,128.76
inferencial,36.79
inferir,50.59
infinidad,32.19
infinitesimal,36.79
infinito,78.18
información,1940.63
informal,96.57
informática,202.34
informático,179.35
ingeniería,349.5
ingenuo,32.19
inglés,133.36
inherente,36.79
inmerso,32.19
inmigración,225.33
inmigrante,101.17
inmigrar,18.39
inmigratorio,45.99
inmunitario,22.99
inmunodeficiencia,13.8
integrabl,13.8
integración,298.91
integral,13.8
inteligencia,216.14
intelligence,41.39
intelligent,18.39
interacción,459.87
interactivo,59.78
interactuar,96.57
interdisciplinario,45.99
interlingua,45.99
intermedio,229.93
interpolación,32.19
interpolar,18.39
interpretar él,32.19
interrelacionado,13.8
interrelación,27.59
intersecar,64.38
intersección,252.93
intervalo,294.31
interétnico,18.39
introducción,239.13
introducir,597.82
introduction,229.93
introductorio,22.99
introductory,13.8
intrínseco,78.18
intrón,32.19
intuición,41.39
intuitivo,68.98
invariancia,22.99
invariant,36.79
invariante,87.37
inversa,73.58
inversión,404.68
inverso,78.18
invertible,13.8
invertir,151.76
investigación,1462.37
inyectivo,13.8
iraní,142.56
irracional,59.78
irrelevante,27.59
irán,331.1
islam,119.56
islámico,174.75
isometría,119.56
isomorfa,18.39
isomorfismo,78.18
isomorfo,50.59
isométrico,50.59
iteración,110.37
iterado,22.99
iterativo,50.59
japonés,151.76
javanés,18.39
jehová,45.99
jerusalén,367.89
jordania,87.37
jordano,36.79
journal,220.74
judaísmo,22.99
judío,441.47
juego,2101.58
july,32.19
jános,32.19
kahneman,36.79
kazajo,45.99
khayyam,50.59
klein,114.97
kluwer,18.39
kolmogorov,22.99
kolmogórov,27.59
kurdo,82.78
kuwait,124.16
königsberg,22.99
laboral,252.93
lagrange,68.98
language,59.78
laplace,45.99
learning,64.38
lebesgue,50.59
lectura,243.73
lecture,45.99
lectures,68.98
leen,13.8
leer,331.1
legendre,13.8
leibniz,202.34
lengua,1982.02
lenguaje,41.39
lenguas,82.78
leona,82.78
leonhard,41.39
letones,13.8
letón,36.79
levadura,45.99
levantino,18.39
libanés,73.58
liberia,96.57
libia,96.57
limitación,137.96
lineal,36.79
linealidad,18.39
linear,27.59
lingua,18.39
linguistics,50.59
lingüística,96.57
lingüístico,519.65
liouville,50.59
lituano,32.19
lituanos,13.8
lobachevski,41.39
lobachevsky,45.99
localización,128.76
loci,36.79
locus,13.8
logaritmo,32.19
logística,32.19
lorentz,27.59
lorenz,41.39
luteranismo,18.39
luterano,36.79
léxica,27.59
léxico,91.97
líbano,128.76
límite,50.59
lógica,27.59
lógico,317.31
machine,96.57
macromolécula,13.8
magnitudes,55.18
magreb,27.59
making,32.19
malario,27.59
malawi,22.99
malayo,13.8
malnutrición,13.8
mandarín,32.19
mandato,22.99
manifolds,41.39
mapear,32.19
mapeo,64.38
marfil,91.97
markov,82.78
marroquí,64.38
masculina,32.19
masculinidad,68.98
matanza,50.59
matemática,165.55
matemáticas,119.56
matemático,36.79
maternidad,78.18
materno,197.74
math,64.38
mathematica,18.39
mathematical,45.99
mathematics,225.33
mathématiques,22.99
matlab,41.39
matricial,22.99
matriculación,22.99
matriz,482.86
mauritania,73.58
maximización,22.99
maximizar,137.96
maynard,59.78
mayor,547.24
mayores,32.19
mayoritario,124.16
mayoría,2069.39
mecanismo,344.9
mechanics,27.59
mecánica,36.79
media,294.31
mediana,22.99
medibl,45.99
medicamento,160.95
medición,257.52
medida,18.39
medido,73.58
mejoría,27.59
melanesio,13.8
menonita,36.79
mensajero,36.79
mesopotamia,59.78
mestiza,22.99
mestizaje,87.37
mestizo,137.96
mestizos,22.99
metabolismo,114.97
metabolito,257.52
metaboloma,55.18
metabolómico,101.17
metabólico,211.54
metaheurística,13.8
methods,101.17
metilación,179.35
metodista,27.59
metodología,183.95
metodológico,27.59
metropolitano,257.52
mexicano,96.57
microarray,119.56
microorganismo,36.79
migración,50.59
migrant,119.56
migrante,13.8
migratorio,252.93
mill,133.36
millón,3890.46
minería,41.39
minimización,18.39
minimizar,137.96
minkowski,137.96
minoritario,128.76
minoría,643.81
modelación,13.8
modelado,73.58
modelamiento,18.39
modelar,225.33
modeling,36.79
modelización,64.38
modelizar,32.19
modelo,101.17
models,59.78
modificación,285.12
modismo,18.39
modularidad,18.39
molecular,128.76
molécula,436.87
mongol,59.78
montecarlo,32.19
monto,36.79
mordell,55.18
morfismo,73.58
morfología,137.96
morfológica,27.59
morfológico,105.77
morgenstern,32.19
mortalidad,18.39
mortandad,13.8
mossi,36.79
mover él,78.18
mozambique,64.38
muertes,55.18
muestra,657.61
muestral,73.58
muestreo,68.98
mujer,4456.09
mujeres,501.25
mulata,18.39
mulato,22.99
multicelular,13.8
multicultural,22.99
multidimensional,22.99
multilineal,27.59
multilingüe,22.99
multiplicación,114.97
multiplicado,27.59
multiplicar,64.38
multiplicativo,87.37
multirracial,22.99
multivariable,22.99
multivariado,32.19
multivariante,27.59
multiétnico,32.19
multiómica,27.59
musulmana,13.8
musulmanes,87.37
musulmán,404.68
mutacional,13.8
mutación,257.52
mutuo,87.37
mycoplasma,18.39
márkov,36.79
máximo,36.79
método,78.18
métodos,55.18
métrica,27.59
métrico,335.7
mínimo,68.98
módulo,170.15
möbius,110.37
múltiplo,32.19
nacimiento,1112.87
nacionalidad,45.99
nash,170.15
natalidad,18.39
nativo,124.16
nativos,13.8
naturalización,27.59
ncbi,32.19
ndebele,45.99
neerlandés,59.78
negación,32.19
negativo,505.85
neonatal,18.39
neoplatónico,13.8
neto,289.72
neumann,55.18
neural,64.38
neurociencia,73.58
neurona,82.78
neuronal,234.53
neutro,41.39
newton,275.92
nicaragüens,22.99
nikolai,22.99
noción,473.66
noether,13.8
nonlinear,50.59
normado,41.39
normal,317.31
normalizado,22.99
normativo,32.19
notación,285.12
notes,55.18
novo,45.99
nucleico,18.39
nucleótido,124.16
nulo,156.35
number,64.38
numbers,32.19
numerabl,36.79
numerable,36.79
numeración,91.97
numeral,41.39
numerical,27.59
numérico,501.25
nutrición,36.79
nómada,27.59
nómar,13.8
nótese,73.58
número,73.58
objetivo,151.76
objeto,933.53
observación,367.89
observado,96.57
obsérvese,18.39
obtener él,36.79
obtenido,266.72
obvio,64.38
ocurrencia,27.59
oleada,64.38
omiteir,13.8
ontología,41.39
operador,832.36
operator,18.39
operators,45.99
optimal,18.39
optimización,418.48
optimizada,18.39
optimizar,96.57
optimization,87.37
oración,257.52
orbital,36.79
ordenado,206.94
ordenador,395.48
organismo,602.42
ortodoxa,55.18
ortodoxo,193.14
ortodoxos,27.59
ortogonal,142.56
ortonormal,32.19
otomí,27.59
overview,32.19
padrón,36.79
palabra,1292.22
palestina,160.95
palestino,78.18
papadopoulos,13.8
paperback,13.8
pappus,13.8
paraboloide,13.8
paradigma,59.78
paradigmático,22.99
paradoja,101.17
paralelismo,78.18
paralelo,459.87
parallel,36.79
parametrización,55.18
parametrizado,22.99
paramétrica,32.19
paramétrico,50.59
parcial,377.09
parentesco,36.79
parsis,41.39
partición,78.18
particular,597.82
parámetro,427.67
pascal,50.59
patrón,344.9
pattern,18.39
paulatino,13.8
pauling,13.8
país,5003.33
peano,13.8
pearson,68.98
peirce,22.99
pentecostal,13.8
perceptivo,18.39
perge,13.8
periodicidad,22.99
periódico,87.37
permutación,64.38
perpendicular,87.37
perpetuar,27.59
pers,59.78
persa,82.78
perspectiva,262.12
perspectivas,22.99
peruano,41.39
peste,50.59
philosophical,22.99
physics,133.36
pigmeo,13.8
pirámid,32.19
pirámide,137.96
pitagórico,50.59
pitágoras,91.97
planificación,211.54
plano,294.31
planteado,55.18
plantear,188.54
platón,45.99
platónico,36.79
plimpton,55.18
poblacional,496.65
población,758.78
poblado,676
poda,22.99
poincaré,64.38
poisson,55.18
polaco,110.37
polar,68.98
poliedro,45.99
polimerasa,45.99
polimorfismo,45.99
polinesio,18.39
polinesios,13.8
polinomial,22.99
polinomio,335.7
polinómica,59.78
polinómico,22.99
politopo,68.98
polígono,170.15
ponderación,18.39
pontryagin,13.8
population,216.14
populations,18.39
porcentaje,27.59
porcentual,27.59
posible,469.06
posicional,55.18
positivo,515.05
postulado,13.8
potencial,133.36
practical,18.39
practicante,36.79
pragmático,41.39
precisión,331.1
preciso,266.72
precoz,59.78
predecir,340.3
predicado,32.19
predicción,473.66
predicha,22.99
predicho,22.99
predictivo,59.78
predictor,13.8
predominant,27.59
predominante,114.97
predominantemente,18.39
predominar,105.77
preferencia,96.57
preferido,59.78
pregunta,367.89
preimpresión,13.8
preprocesamiento,18.39
preservar,147.16
presuponer,27.59
prevalencia,13.8
previsible,27.59
primo,257.52
princeton,87.37
principio,22.99
principles,55.18
priori,50.59
probabilidad,27.59
probability,32.19
probabilístico,73.58
probar,298.91
probar él,27.59
problema,41.39
problemas,32.19
procedimiento,294.31
proceedings,45.99
procesamiento,137.96
procesar,114.97
proceso,1439.38
processes,27.59
processing,59.78
productividad,59.78
profesar,96.57
programación,36.79
programming,73.58
progresión,82.78
prolongar él,22.99
promediado,13.8
promedio,459.87
propagación,78.18
propiedad,1260.03
proporcionalidad,22.99
proporcionar,657.61
proporción,41.39
proposicional,22.99
proposición,96.57
prospectivo,13.8
prospects,41.39
proteica,13.8
proteico,45.99
protein,32.19
proteoma,13.8
protestante,137.96
protestantes,55.18
protestantismo,32.19
proteína,717.39
proteómica,50.59
proteómico,32.19
protozoal,13.8
proveniente,206.94
proyección,18.39
proyectivo,216.14
prueba,36.79
práctico,271.32
ptolemaico,18.39
ptolomeo,59.78
publisher,22.99
punto,4056.01
puntual,36.79
puro,262.12
péptido,101.17
quantitative,18.39
quetelet,13.8
quimiometría,13.8
química,285.12
químico,50.59
racial,142.56
racional,473.66
racionalidad,91.97
radián,50.59
raiffa,18.39
ralentizar,27.59
rama,731.19
rastrear,45.99
rate,32.19
ratio,78.18
rational,32.19
razonable,50.59
razonamiento,137.96
razonar,27.59
reactividad,22.99
real,1508.36
reasentar,13.8
receptor,27.59
reciprocidad,36.79
recognition,22.99
recombinación,59.78
reconocimiento,50.59
recorrido,18.39
recta,717.39
recto,294.31
rectángulo,151.76
recubrimiento,36.79
recuento,36.79
recuperación,36.79
recíproco,18.39
redes,32.19
reducción,248.33
redundancia,36.79
redundant,36.79
redundante,13.8
reescribir,32.19
refinar,32.19
reformular,27.59
refugiado,363.29
regla,584.03
regresión,18.39
regulador,119.56
relacionado,896.74
relacionar,202.34
relatividad,367.89
relativista,45.99
relativity,18.39
relativo,331.1
relevancia,128.76
relevante,234.53
religiones,82.78
religión,979.51
remesa,22.99
rendimiento,308.11
reordenar,18.39
repatriación,22.99
repetitiva,27.59
repetitivo,27.59
repositorio,32.19
representación,721.99
representar él,36.79
reprint,22.99
reprinted,32.19
reproducibilidad,27.59
requerido,96.57
requerir,827.76
research,271.32
residente,188.54
resolución,280.52
resolver,699
resolver él,68.98
resonancia,13.8
respuesta,524.25
resta,22.99
restricción,326.5
restrictivo,50.59
restringido,105.77
restringir,64.38
resuelto,50.59
resultado,2248.74
resultante,179.35
resumen,96.57
resumido,18.39
resumir,78.18
reto,101.17
retroalimentación,41.39
retícula,13.8
retículo,59.78
revised,18.39
ricci,96.57
riemann,657.61
riemannian,27.59
riemanniana,32.19
riemannián,147.16
riesz,18.39
rigidez,45.99
rigor,59.78
riguroso,174.75
rolle,22.99
romaní,18.39
rondar,59.78
ruidoso,22.99
rumano,50.59
rumanos,13.8
rural,607.02
ruso,285.12
saccharomyces,13.8
saccheri,64.38
sage,36.79
sahara,45.99
saharaui,32.19
saldo,45.99
sanger,64.38
satisfacer,303.51
satisfactorio,45.99
schrödinger,64.38
schwartz,27.59
scientific,50.59
secante,36.79
secuencia,1397.99
secuenciación,32.19
secuenciada,13.8
secuenciado,32.19
secuencial,82.78
secuenciar,82.78
sedentario,22.99
sefardí,27.59
segmento,285.12
selection,41.39
selten,18.39
semejanza,41.39
seminómada,18.39
seminómado,13.8
semántica,13.8
semántico,285.12
semítico,18.39
seno,202.34
sentido,625.42
separable,13.8
sequencing,45.99
serbio,73.58
serre,59.78
sesgado,27.59
sesgo,50.59
sets,45.99
sexagesimal,55.18
sexo,340.3
seña,36.79
señal,386.29
sharaf,18.39
shotgun,22.99
siam,22.99
sida,165.55
siegel,32.19
significado,243.73
significativo,427.67
signo,280.52
signos,18.39
silico,41.39
simetría,206.94
similitud,234.53
simple,708.19
simplicial,32.19
simplicidad,27.59
simplificada,13.8
simplificado,41.39
simplificar,59.78
simplécticas,50.59
simpléctico,114.97
simulación,18.39
simulado,55.18
simular,64.38
simulation,41.39
simultáneo,128.76
simétrico,183.95
sincretismo,22.99
singular,262.12
singularidad,59.78
sintagma,27.59
sintaxis,55.18
sintetizar,45.99
sintáctica,41.39
sintáctico,142.56
sintético,91.97
sirio,36.79
sistema,4147.98
sistemas,87.37
sistemático,137.96
sobrepoblación,13.8
socioeconómico,45.99
sofisticado,59.78
software,367.89
solapar,13.8
solicitante,45.99
solución,1517.56
somalia,55.18
somalí,22.99
sonda,73.58
spaces,18.39
springer,156.35
statistical,45.99
statistics,151.76
stein,36.79
stochastic,18.39
strogatz,13.8
suajili,36.79
subasta,243.73
subcampo,50.59
subconjunto,607.02
subcontinente,45.99
subdisciplina,32.19
subdivisión,68.98
subempleo,13.8
subespacio,114.97
subgrafo,105.77
subgrupo,82.78
subjetivo,45.99
subsahariano,50.59
subsaharianos,18.39
subsaharián,22.99
subsistencia,41.39
subtipo,22.99
subvariedad,22.99
subyacente,114.97
suceso,183.95
such,41.39
suma,542.64
sumo,36.79
sunismo,22.99
sunita,27.59
suní,32.19
suníes,18.39
superpoblación,22.99
superponer,32.19
supervisado,36.79
suposición,64.38
supuesto,78.18
supóngase,32.19
surinamés,13.8
surveys,13.8
susceptible,36.79
sustancial,64.38
sustantivo,41.39
sustentar,41.39
symmetries,18.39
symposium,27.59
systems,124.16
síntesis,32.19
tablilla,91.97
tabú,18.39
tangencia,27.59
tangent,110.37
tangente,156.35
tarski,13.8
tasa,2575.25
tasas,22.99
tautológico,13.8
tayikos,55.18
techniques,13.8
technologies,27.59
tecnología,570.23
tender,271.32
tener él,32.19
tensor,643.81
tensorial,137.96
teodolito,22.99
teorema,377.09
teoría,252.93
tercio,183.95
terminología,32.19
ternario,22.99
teselación,18.39
testigos,36.79
text,41.39
texto,1264.63
texts,18.39
textual,32.19
teórico,551.84
thalián,13.8
theorem,18.39
theoretical,27.59
theory,469.06
this,22.99
théorie,22.99
tifoidea,36.79
togo,41.39
tools,18.39
tope,22.99
topografía,45.99
topology,22.99
topología,110.37
topológica,82.78
topológico,501.25
toroide,36.79
torsión,32.19
toxicidad,64.38
toxicología,13.8
traducción,197.74
traducir,377.09
traductor,87.37
transactions,27.59
transcripcional,50.59
transcripción,179.35
transcriptoma,101.17
transcriptómica,68.98
transcriptómico,36.79
transcrito,216.14
transducción,22.99
transferencia,220.74
transformación,27.59
transformada,22.99
transformado,257.52
transfronterizo,22.99
translation,78.18
traslación,78.18
trazado,27.59
trazar,110.37
triangulación,45.99
tribal,59.78
tridimensional,147.16
trigonometer,32.19
trigonometría,220.74
trigonométrica,225.33
trigonométrico,68.98
triplicar,18.39
trivial,87.37
triángulo,602.42
turco,137.96
turcomano,78.18
turing,50.59
tártaro,27.59
técnica,1278.43
tópico,73.58
túrquico,45.99
ucraniano,101.17
ucranianos,27.59
uganda,73.58
ultraparalela,22.99
undergraduate,13.8
unicidad,50.59
unidimensional,22.99
unitario,160.95
unión,317.31
urbanización,137.96
urbanizado,50.59
urbano,970.32
urdu,36.79
using,27.59
usual,73.58
utilidad,220.74
utilizable,18.39
utilizado,588.63
utilizar,3030.51
uzbeco,27.59
uzbekos,27.59
vacío,137.96
validación,96.57
validar,32.19
validez,55.18
valor,2179.76
valoración,73.58
valuación,18.39
variabilidad,101.17
variable,41.39
variables,22.99
variacional,64.38
variación,372.49
varianza,151.76
variar,321.91
variations,59.78
variedad,13.8
varones,27.59
varón,271.32
vea él,170.15
vecino,239.13
vector,36.79
vectorial,487.46
vegetativo,32.19
verbo,96.57
verificar,101.17
vernáculo,27.59
viajante,22.99
viceversa,55.18
vietnamita,27.59
visado,22.99
visualización,137.96
visualizar,96.57
visualization,36.79
vivo,671.4
vocabulario,59.78
volumes,32.19
válido,137.96
véase,27.59
vértice,174.75
vértiz,386.29
wald,22.99
waring,22.99
ways,27.59
weierstrass,50.59
weil,36.79
weyl,45.99
which,41.39
wiley,137.96
zenón,22.99
zeta,55.18
zoroastriano,36.79
ábaco,27.59
álgebra,64.38
ángulo,1016.3
árabe,478.26
área,2064.8
énfasis,110.37
ético,91.97
étnico,1512.96
índice,137.96
ómica,18.39
ómico,22.99
óptimo,455.27
útil,446.07
