abogado,26.37
abogar,75.35
abolicionismo,30.14
abolicionista,33.91
abolición,22.6
abolido,22.6
abolir,192.13
aborto,248.64
abrogación,94.18
abrogar,75.35
absolutista,26.37
absoluto,33.91
abstención,48.97
abstener,26.37
abstener él,22.6
abstinencia,26.37
abstracto,22.6
abusivo,37.67
abuso,192.13
acarrear,33.91
acatar,37.67
accesión,18.84
accesorio,60.28
acciones,18.84
acepción,26.37
aceptable,48.97
aceptación,113.02
acervo,30.14
aclaración,15.07
acoger él,33.91
acordado,71.58
acreedor,346.59
acta,75.35
activismo,11.3
activo,101.72
acto,1928.85
actos,18.84
acuerdo,489.75
acuerdos,33.91
acumulativo,15.07
acusado,86.65
acusador,18.84
acusatorio,56.51
adecuado,335.29
adecuar,45.21
adeudado,15.07
adherir él,33.91
adhesión,56.51
adicional,15.07
adicionar,22.6
administraciones,86.65
administración,308.92
administrado,71.58
administrativa,33.91
administrativo,226.04
admisible,18.84
admitido,18.84
admitir él,15.07
adopción,11.3
adoptado,222.27
adoptar,704.48
adquirido,82.88
adquirir él,30.14
adquisición,192.13
aduana,41.44
aduanero,56.51
adulterio,139.39
advenimiento,26.37
aeronáutico,64.04
afectado,33.91
afectar,474.68
agotar,67.81
agrario,105.48
agravado,33.91
agravante,11.3
agravio,30.14
agredir,33.91
agresión,214.74
agresor,37.67
ahorrar él,11.3
ajeno,226.04
alcance,203.43
alcohol,267.48
alcohólico,184.6
alegación,18.84
alivio,26.37
aljama,11.3
allanamiento,18.84
alterar,105.48
altres,26.37
ambiental,109.25
ambiente,116.79
amejoramiento,33.91
amnistía,71.58
amortización,79.11
amortizar,30.14
amparar,15.07
amparo,71.58
analfabeto,15.07
analogía,71.58
anglosajón,222.27
animal,199.67
animals,26.37
antecedente,195.9
antedicho,15.07
anterioridad,48.97
anticonstitucional,11.3
antidemocrático,18.84
antijurídico,37.67
antimonopolio,18.84
antinomia,26.37
antisemita,52.74
antisemitismo,60.28
antisocial,15.07
antitrust,41.44
anulabilidad,18.84
anulación,26.37
anular,199.67
apartado,33.91
apartar él,26.37
apartheid,18.84
apedrear,11.3
apelaciones,45.21
apelación,161.99
apelar,56.51
aplicabilidad,15.07
aplicable,470.91
aplicación,960.66
aplicar,1461.71
aplicar él,165.76
aportado,37.67
apostolica,11.3
apostólica,33.91
appenzell,26.37
aprobación,493.51
aprobada,86.65
aprobado,282.55
aprobar,1480.54
aprobar él,37.67
apropiación,48.97
aprovechamiento,71.58
aquino,56.51
aragonés,30.14
arancel,64.04
aras,15.07
arbitraje,18.84
arbitrariedad,15.07
arbitrario,45.21
arbitrio,11.3
areces,11.3
argumentación,22.6
argumentar,312.68
ario,15.07
arma,1344.92
armas,116.79
armisticio,33.91
armonización,22.6
arraigado,30.14
arrendador,15.07
arrendamiento,67.81
articulado,22.6
artículo,2444.97
aruj,48.97
asalariado,15.07
asamblea,467.14
asambleas,26.37
ascendiente,18.84
asegurado,30.14
asegurador,15.07
asegurar,403.1
asesorado,18.84
asignación,67.81
asimilar,30.14
asistido,79.11
asno,15.07
asunto,636.67
atar,37.67
atender,203.43
atener él,11.3
ateniense,41.44
atentar,26.37
athos,18.84
atribución,169.53
atribuible,22.6
atribuir él,22.6
autodefensa,33.91
autogobierno,26.37
autonomía,67.81
autonómico,97.95
autor,203.43
autoridad,1118.88
autorización,37.67
autorizado,158.23
autorizar,173.3
autotutela,60.28
autónomas,33.91
autónomo,399.33
auxilio,52.74
aversión,18.84
axiológico,11.3
ayuno,192.13
banca,26.37
bancario,101.72
barbados,33.91
bases,26.37
basilea,52.74
bastar,64.04
bebida,218.5
beligerante,26.37
bellum,11.3
beneficiar él,30.14
beneficio,376.73
bentham,18.84
benévolo,18.84
berna,67.81
bien,1363.76
bienestar,67.81
bilateral,150.69
bioética,15.07
bizantín,45.21
blackstone,30.14
blanch,22.6
blasfemia,64.04
board,37.67
bobbio,15.07
boicot,33.91
bolcheviqu,52.74
boleta,22.6
bolsa,693.18
borbónico,37.67
borrador,67.81
borrar,48.97
brief,18.84
burdel,56.51
burgués,41.44
burka,154.46
buscador,45.21
básica,26.37
básico,384.26
caber,244.87
caducar,15.07
caducidad,37.67
calificado,75.35
cambiant,18.84
campomanes,26.37
canciller,30.14
cancillería,52.74
candente,11.3
canon,139.39
canonici,41.44
canonicum,11.3
canonum,22.6
canónico,97.95
capital,207.2
capitulación,97.95
capítulo,139.39
carolingio,18.84
carta,485.98
carácter,15.07
casación,52.74
caso,60.28
castigado,30.14
castigar,195.9
castigo,331.52
catecismo,22.6
categorizar,37.67
causal,26.37
causante,71.58
cautelar,33.91
ceniza,56.51
censitario,45.21
cesión,67.81
chador,30.14
chiismo,11.3
chiita,22.6
cicerón,33.91
circulación,146.92
circunstancia,410.63
citación,22.6
ciudadana,37.67
ciudadano,67.81
ciudadanía,30.14
civil,86.65
civile,15.07
civiles,105.48
civilis,67.81
civilizado,30.14
civitas,26.37
cláusula,71.58
coaccionar,15.07
coacción,56.51
coactivo,18.84
cobro,33.91
code,82.88
codex,67.81
codificación,33.91
codificada,18.84
codificado,71.58
codificador,18.84
codificar,86.65
coercitivo,26.37
coerción,18.84
coexistir,33.91
cogens,18.84
cohen,75.35
coherencia,45.21
coherente,33.91
colateral,37.67
colectivo,286.31
colisión,52.74
comer,282.55
comercial,82.88
comerciar,41.44
comercio,305.15
cometer,275.01
cometido,120.55
comisionado,33.91
comisión,320.22
commission,41.44
committee,30.14
common,18.84
commons,56.51
commonwealth,41.44
compartido,184.6
compendio,22.6
compensación,15.07
compensatorio,11.3
competencia,150.69
competencial,26.37
competente,226.04
compilación,97.95
compilada,11.3
complementario,79.11
comportamiento,305.15
comprador,45.21
compraventa,30.14
comprobado,15.07
compromiso,26.37
comunal,64.04
comunes,41.44
comunidades,75.35
comunismo,48.97
comunitario,403.1
común,64.04
concejil,18.84
concepción,207.2
concepto,809.97
concernient,15.07
concerniente,18.84
concesionario,22.6
conciliación,18.84
conciliar,11.3
concilio,105.48
concreto,312.68
concurrencia,30.14
concursal,33.91
condena,222.27
condenado,30.14
condicional,131.86
condicionar,41.44
condiciones,15.07
condición,26.37
condominio,259.94
conducir él,15.07
conducta,18.84
conexos,56.51
conferido,15.07
conferir,101.72
confesión,56.51
confianza,169.53
configurar,64.04
confiscación,41.44
conflicto,37.67
conflictos,75.35
conforme,37.67
conformidad,135.62
confucián,15.07
confundir él,64.04
congreso,847.64
conllevar,79.11
conquistado,33.91
consagrado,128.09
consanguinidad,22.6
consecución,48.97
consecuencia,599
consenso,165.76
consensuado,30.14
consentimiento,388.03
consentir,26.37
consideración,256.18
considerar él,154.46
consiguiente,48.97
constitucional,414.4
constitucionales,22.6
constitucionalidad,105.48
constitucionalismo,18.84
constitucionalista,15.07
constituciones,158.23
constitución,3740.92
constituir,764.76
constituir él,41.44
constitutio,11.3
constitution,26.37
constitutions,18.84
constitutivo,131.86
constitutivos,33.91
constituyente,82.88
consuetudinaria,41.44
consuetudinario,599
consulado,64.04
consultar,97.95
consultivo,37.67
consumidor,22.6
consumo,504.82
contado,45.21
contemplado,48.97
contemplar,128.09
contencioso,15.07
contenido,105.48
continental,278.78
contractual,128.09
contradecir,52.74
contradicción,52.74
contradictorio,82.88
contraloría,22.6
contraponer,30.14
contraposición,48.97
contraprestación,18.84
contrario,282.55
contratación,56.51
contratant,15.07
contratante,11.3
contrato,33.91
contratos,37.67
contravención,26.37
contravenir,30.14
contribuyente,48.97
controversia,173.3
controversial,18.84
convalidar,18.84
convenciones,26.37
convención,290.08
conveniencia,33.91
conveniente,48.97
convenio,271.24
convenios,116.79
convenir,52.74
conversión,124.32
convicción,60.28
convivencia,113.02
convocar él,11.3
conyugal,11.3
cooperación,71.58
cooperativas,26.37
copyright,30.14
coreano,169.53
corolario,15.07
corporaciones,15.07
corporación,97.95
corpus,146.92
correlativo,11.3
corresponda,11.3
corresponsabilidad,41.44
corriente,52.74
corte,1009.63
cortes,361.66
cortesía,22.6
corán,339.06
cosa,768.53
costumbre,11.3
cotización,18.84
creative,52.74
credibilidad,26.37
crediticio,60.28
credo,82.88
crimen,493.51
criminal,41.44
criminalidad,37.67
criminalización,26.37
criminalizar,48.97
criminológico,22.6
cristianismo,30.14
criterio,331.52
crow,101.72
cruel,56.51
crueldad,116.79
crédito,41.44
crímenes,30.14
cualesquiero,18.84
cualificado,82.88
cuantía,41.44
cuaresma,350.36
cuentas,26.37
cuerpos,30.14
cuestión,708.25
cuidado,180.83
cuidadoso,82.88
culpabilidad,71.58
culpable,45.21
culturales,56.51
cumplido,33.91
cumplimiento,470.91
cumplir,813.73
cumplir él,67.81
cuota,286.31
curia,26.37
custodia,199.67
cuórum,22.6
cámaras,64.04
cánones,15.07
cédula,18.84
código,1763.09
códigos,37.67
cónyuge,233.57
dación,22.6
dalloz,11.3
dalmacio,15.07
datos,192.13
daño,512.35
debatar,15.07
debate,369.19
debatir,82.88
deber,452.07
deberes,22.6
debido,60.28
decimocuarta,26.37
decisiones,18.84
decisis,30.14
decisión,33.91
decisorio,37.67
declaraciones,11.3
declaración,501.05
declarativo,56.51
declaratoria,15.07
decomisar,11.3
decomiso,18.84
decretado,26.37
decretar,94.18
decreto,881.55
decretos,75.35
defecto,101.72
defectuoso,45.21
definición,320.22
definir él,26.37
degradante,15.07
delaware,64.04
delegado,56.51
delegant,11.3
delegar,67.81
delictivo,64.04
delimitacer,15.07
delincuencia,37.67
delincuente,184.6
delito,45.21
delitos,22.6
demanda,320.22
demandado,60.28
demandant,15.07
demandante,56.51
demandar,90.41
democracia,286.31
democrático,207.2
demostrado,26.37
denegación,15.07
denegar,45.21
deportación,30.14
depositario,22.6
derecho,5556.75
derechos,546.26
derivado,433.24
derivar él,15.07
derogación,120.55
derogada,33.91
derogado,56.51
derogar,346.59
derogar él,30.14
desacato,11.3
desahucio,26.37
desalojo,18.84
desambiguación,22.6
desamortización,128.09
descentralizado,26.37
descontar,18.84
desembolso,15.07
desenvolver,18.84
desenvolvimiento,18.84
desigual,97.95
desigualdad,94.18
desobediencia,18.84
despenalización,48.97
despenalizar,79.11
desproporcionado,22.6
desprotección,15.07
desprotegido,22.6
desterrado,18.84
destierro,71.58
destinatario,109.25
detalla,37.67
determinación,71.58
determinado,922.99
determinar,602.77
determinar él,15.07
deuda,346.59
deudor,282.55
deuteronomio,37.67
devolución,45.21
devuelto,15.07
dicey,22.6
dicho,938.05
dicotomía,15.07
dictación,15.07
dictado,233.57
dictamen,71.58
dictaminar,113.02
dictar,410.63
dictar él,26.37
dictámen,22.6
dieta,52.74
difamación,18.84
diferir,150.69
difuso,33.91
digesto,37.67
dignidad,94.18
digno,192.13
dilación,22.6
directiva,180.83
directivas,41.44
directrices,18.84
directriz,94.18
dirimir,26.37
diritto,33.91
discapacidad,18.84
discapacitado,30.14
discernimiento,11.3
discernir,18.84
disciplinado,15.07
disciplinar,18.84
disciplinario,45.21
discrecional,56.51
discreción,37.67
discriminación,67.81
discriminar,37.67
discriminatorio,52.74
discutido,37.67
diseminar,18.84
disfrute,22.6
disparidad,18.84
dispensa,75.35
dispensar,18.84
disposiciones,33.91
disposición,15.07
dispositivo,22.6
distinción,293.85
distinguir,312.68
distinto,527.42
distributivo,11.3
divino,146.92
divisa,41.44
divorcio,128.09
divulgar,52.74
doctrina,30.14
doctrinal,60.28
doctrinario,15.07
documento,22.6
documentos,56.51
dogmático,33.91
dolo,26.37
doloso,11.3
domiciliado,26.37
domicilio,128.09
domingo,282.55
dominical,60.28
dominus,22.6
doméstico,188.36
droga,18.84
droit,41.44
dueño,199.67
ecclesiarum,18.84
económica,90.41
económicos,60.28
edersa,11.3
edicto,131.86
educar él,11.3
efectivo,214.74
eficacia,165.76
ejecución,444.54
ejecutable,22.6
ejecutiva,37.67
ejecutivo,173.3
ejecutorio,45.21
ejemplo,1827.13
ejercer,606.53
ejercer él,26.37
ejercicio,553.79
ejercitar,37.67
ejercitar él,11.3
elaboración,173.3
elector,82.88
electorado,45.21
electoral,154.46
elegibl,26.37
eliminación,26.37
emanada,26.37
emanado,71.58
emanar,124.32
emancipación,15.07
emitido,244.87
emmeline,11.3
empleador,256.18
empleo,56.51
enajenación,26.37
enajenar,15.07
encaminado,26.37
encarcelamiento,30.14
encíclica,22.6
ende,60.28
englobar,41.44
enjuiciamiento,97.95
enjuiciar,41.44
enmendado,30.14
enmendar,146.92
enmienda,195.9
enriquecimiento,22.6
ente,120.55
entender,406.87
entender él,64.04
entendido,82.88
entrado,26.37
enumeración,37.67
enumerado,30.14
enumerar,90.41
enuncia,11.3
enunciación,15.07
enunciado,26.37
enunciar,18.84
equidad,184.6
equiparación,11.3
equiparar,30.14
equitativo,64.04
equity,64.04
erga,37.67
erróneo,52.74
erudito,109.25
esbozar,18.84
esclava,75.35
esclavitud,26.37
esclavo,369.19
escolástico,15.07
escrito,229.8
escrutinio,37.67
esencia,86.65
esencial,305.15
espacial,101.72
espaciales,26.37
espacio,177.06
especificada,22.6
especificar,169.53
específico,11.3
esquilache,37.67
establecer,2712.45
establecido,689.41
estatal,11.3
estatus,30.14
estatutaria,15.07
estatutario,82.88
estatuto,357.89
estatutos,67.81
estella,30.14
esterilización,22.6
estipulada,11.3
estipulado,45.21
estipular,139.39
estoicismo,18.84
estribar,18.84
estricto,195.9
ethics,18.84
euro,37.67
eurocódigo,26.37
eurocódigos,33.91
europea,1036
eutanasia,67.81
exceder,75.35
excepcional,94.18
excepción,512.35
excluido,109.25
excluir,233.57
exclusividad,33.91
exclusivo,267.48
exclusión,158.23
excluyente,18.84
excomunión,18.84
exención,86.65
exento,97.95
exhaustivo,45.21
exigencia,120.55
exigible,22.6
exigido,37.67
exigir,501.05
exigir él,33.91
eximir,37.67
existencia,489.75
existente,335.29
existir,678.11
expedido,18.84
experto,169.53
expidir,41.44
expiración,15.07
expirar,37.67
explicación,146.92
explicitar,11.3
explosivo,67.81
explosivos,15.07
explotación,207.2
explícito,94.18
expresado,82.88
expresar,346.59
expresión,568.86
expreso,60.28
expropiación,41.44
expulsión,158.23
extensivo,26.37
exterior,48.97
extinguir,94.18
extracontractual,30.14
extradición,64.04
extrajudicial,26.37
extramatrimonial,18.84
extranjero,259.94
extraordinaria,15.07
facto,101.72
facultad,278.78
facultado,18.84
facultar,33.91
facultativo,18.84
fallo,214.74
falsificación,26.37
farmacéutico,56.51
fascista,101.72
federal,482.21
federales,33.91
federativo,26.37
feminismo,48.97
feriado,15.07
feudal,15.07
fianza,33.91
fijación,30.14
fijado,52.74
fijar,218.5
filiación,33.91
finalidad,256.18
financiamiento,45.21
finca,154.46
fiqh,128.09
firmado,226.04
firmante,37.67
fiscal,67.81
fiscalidad,18.84
fiscalización,18.84
flagrante,18.84
foral,97.95
forense,33.91
formal,395.57
formalidad,52.74
formalización,15.07
formalizado,15.07
formalizar,52.74
formas,26.37
formulación,60.28
formulado,52.74
formular,79.11
formulario,41.44
fortuito,15.07
forzado,165.76
forzoso,180.83
francos,37.67
fraude,120.55
fuego,874.01
fuente,1017.17
fuere,11.3
fuero,414.4
fueros,75.35
funcionamiento,33.91
fund,26.37
fundacional,37.67
fundamentación,22.6
fundamentado,33.91
fundamental,48.97
fundamentales,48.97
fundamentalista,15.07
fundamentar,64.04
fundamento,229.8
fusiones,15.07
fáctico,15.07
gaceta,37.67
gadol,30.14
ganancial,60.28
garante,33.91
garantizado,128.09
garantizar,546.26
garantizar él,11.3
garantía,516.12
garantías,75.35
gascó,11.3
gasto,195.9
gayo,30.14
generales,109.25
generalidad,30.14
genocidio,105.48
gentil,15.07
gentium,33.91
germánico,67.81
ginebra,203.43
globalizado,11.3
glosador,11.3
gobernanza,48.97
gobernar él,11.3
goce,64.04
gozar,154.46
graciano,26.37
gramo,48.97
gravado,37.67
gravamen,56.51
gravar,37.67
grave,395.57
gremio,82.88
grocio,48.97
gubernamental,263.71
gubernamentales,11.3
guía,154.46
habeas,60.28
habilitación,37.67
habilitante,22.6
hadiz,26.37
halajá,56.51
hammurabi,56.51
hanafi,33.91
hanbali,37.67
hebrea,11.3
hebreo,64.04
hecho,301.38
hegel,26.37
heredero,180.83
herencia,169.53
higiene,56.51
hindú,67.81
hipoteca,158.23
hipotecar,41.44
hipotecaria,45.21
hipotecario,365.43
hipotecas,11.3
hiyab,33.91
hobbes,52.74
holocaust,41.44
holocausto,22.6
homofobia,11.3
homosexual,75.35
homosexualidad,15.07
honra,18.84
hoppe,11.3
hostilidad,79.11
humanidad,177.06
humanitario,154.46
humanos,538.72
iberoamérica,22.6
idaho,52.74
ideology,15.07
idolatría,64.04
igual,11.3
igualdad,48.97
igualitario,64.04
ijma,11.3
ijtihad,15.07
ilegal,286.31
ilegalidad,41.44
ilegalizar,26.37
ilegítimo,56.51
ilimitado,48.97
ilícito,308.92
impago,26.37
imparcial,18.84
imparcialidad,22.6
impedimento,37.67
impedir,399.33
imperativa,45.21
imperativo,52.74
imperium,26.37
implantar,45.21
implementar él,18.84
implicar,497.28
implícito,56.51
imponer,580.16
importación,105.48
importe,71.58
imposibilidad,71.58
imposibilitado,11.3
imposición,124.32
impositivo,15.07
imprudente,22.6
impuesto,18.84
impuestos,45.21
impugnación,33.91
impugnar,33.91
impune,11.3
impunidad,18.84
impuro,48.97
imputable,18.84
imputación,26.37
inadmisible,11.3
inalienabl,33.91
inalienable,11.3
inamovible,11.3
inaplicable,15.07
incapacitación,15.07
incapacitado,22.6
incautación,15.07
incautado,15.07
incesto,15.07
incidir,33.91
inciso,97.95
incitación,15.07
incluir él,30.14
inclusión,113.02
incompatibilidad,56.51
incompatible,67.81
incondicional,41.44
inconstitucional,199.67
inconstitucionalidad,64.04
incorporal,11.3
incumbir,15.07
incumplimiento,124.32
incumplir,26.37
incurable,30.14
incurrir,79.11
indemnización,116.79
indeseable,22.6
indeterminado,67.81
indignación,30.14
indirecto,116.79
indispensable,37.67
individual,467.14
individuo,425.7
indivisible,15.07
indivís,22.6
indulgente,11.3
ineficacia,11.3
inequívoco,18.84
inexistencia,26.37
infligido,11.3
influenciada,18.84
informal,79.11
informe,60.28
informática,86.65
informático,165.76
infracción,131.86
infractor,37.67
infringir,37.67
ingerir,64.04
inhabilitación,22.6
inherente,79.11
inhumano,26.37
iniciativa,45.21
injusticia,41.44
injusto,109.25
inmemorial,15.07
inmobiliario,128.09
inmoral,22.6
inmuebl,90.41
inmueble,256.18
inmunidad,90.41
innecesario,86.65
inocencia,37.67
inquisición,15.07
inquisitivo,33.91
inquisitorial,15.07
insolvencia,45.21
instancia,18.84
instaurar,48.97
institucional,139.39
institucionalizado,22.6
instituciones,71.58
institución,960.66
instituir,45.21
institutiones,18.84
instrumentar,11.3
integrador,15.07
integridad,226.04
intelectual,64.04
interamericana,60.28
interesado,192.13
intergeneracional,11.3
intergubernamental,52.74
internacional,2765.19
internamiento,18.84
interno,56.51
interponer,71.58
interponer él,11.3
interpretación,67.81
interpretar él,33.91
interpretativa,15.07
interpretativo,33.91
intervencionista,18.84
intervinient,26.37
interés,1100.05
intestado,56.51
intimidación,30.14
intimidad,33.91
intocable,11.3
intromisión,18.84
invalidar,37.67
invalidez,30.14
invalido,11.3
inversión,48.97
inviolabilidad,22.6
inviolable,22.6
invocación,30.14
invocar,105.48
islam,146.92
islámico,542.49
iudiciorum,11.3
iura,11.3
iure,45.21
iuris,18.84
iusnaturalismo,45.21
iustel,18.84
jaca,60.28
jasídico,15.07
jerarquía,180.83
jerárquico,60.28
jesuita,180.83
jornal,11.3
jornalero,22.6
judaísmo,41.44
judicial,154.46
judiciales,15.07
judío,467.14
jueces,26.37
juez,22.6
juicio,33.91
juicios,15.07
jurado,22.6
juramento,97.95
jurar,82.88
juris,22.6
jurisdiccional,135.62
jurisdicción,67.81
jurisprudencia,67.81
jurisprudencial,79.11
jurisprudencio,22.6
jurista,327.75
jurídica,64.04
jurídicas,22.6
jurídico,48.97
justicia,587.7
justificación,143.16
justificado,56.51
justificar,184.6
justiniano,177.06
justo,214.74
juzgado,41.44
juzgador,26.37
juzgados,18.84
juzgar,207.2
juzgo,11.3
kafala,64.04
kant,45.21
kantiano,11.3
kelsen,56.51
kentucky,86.65
klan,18.84
klux,18.84
knesset,18.84
koptev,11.3
korean,37.67
kosher,30.14
labor,26.37
laboral,45.21
laborales,30.14
lapidación,45.21
lascivo,11.3
lassard,11.3
laws,67.81
leal,128.09
legal,86.65
legalidad,18.84
legalización,11.3
legalizado,18.84
legalizar,139.39
legatario,11.3
leges,18.84
leggi,22.6
legis,18.84
legislación,109.25
legislado,15.07
legislador,11.3
legislar,116.79
legislativa,131.86
legislativo,150.69
legitimación,18.84
legitimado,18.84
legitimar,48.97
legitimario,11.3
legitimidad,101.72
legítima,11.3
legítimo,395.57
lesa,56.51
lesivo,15.07
levítico,18.84
leyes,448.31
liber,33.91
libertad,1111.35
libertades,41.44
liberum,22.6
licencia,37.67
licencias,22.6
licor,41.44
liechtenstein,41.44
limitación,286.31
limitado,448.31
limitar,561.33
limitativo,15.07
limpio,97.95
liquidación,60.28
literal,41.44
literarias,22.6
litigant,26.37
litigar,11.3
litigio,90.41
lituania,131.86
liturgia,33.91
litúrgico,48.97
locke,146.92
lores,37.67
luisiana,113.02
lícito,90.41
límite,632.9
límites,26.37
lúdico,41.44
maastricht,18.84
macao,116.79
magistrado,120.55
magistrados,22.6
magna,79.11
mahoma,105.48
maimónides,41.44
maliki,22.6
maltratado,18.84
maltratar,22.6
maltrato,161.99
mancomunado,18.84
mandamiento,256.18
mandamientos,97.95
mandato,346.59
manejo,30.14
manera,90.41
manifestar,150.69
manifestar él,22.6
manifiesto,30.14
manutención,26.37
maorí,64.04
maoríes,18.84
marbury,11.3
marco,470.91
mare,48.97
marihuana,207.2
marítima,30.14
marítimo,282.55
materia,1020.93
material,214.74
materiales,37.67
maternidad,52.74
matrimonial,158.23
matrimonio,30.14
mayoritario,97.95
mecanismo,275.01
medida,1205.53
medidas,30.14
medioambiental,45.21
menoscabar,15.07
mercantil,263.71
mercosur,94.18
mero,150.69
mexicanos,45.21
minería,30.14
ministerial,79.11
minorista,37.67
minoría,154.46
mishné,11.3
mitigar,26.37
mitzvot,22.6
mitzvá,15.07
mobiliario,11.3
modificable,11.3
modificación,11.3
modificar,497.28
modificar él,41.44
modos,48.97
moisés,90.41
monarquía,113.02
monetario,86.65
monopolio,64.04
montesquieu,15.07
morada,33.91
moral,90.41
moralidad,26.37
motu,45.21
motín,60.28
muebl,37.67
mueble,82.88
mujer,3405.63
multa,203.43
multilateral,18.84
mussolini,67.81
musulmán,320.22
mutilación,30.14
máxima,45.21
médico,113.02
mínimo,48.97
nacionalidad,22.6
naciones,501.05
nación,599
napoleónico,41.44
naturaleza,757.22
navarro,48.97
navegación,135.62
nazi,52.74
necesario,862.71
necesidad,742.16
necesitado,41.44
negacionismo,18.84
negación,169.53
negar él,41.44
negligencia,33.91
negociación,222.27
negro,143.16
neuchâtel,30.14
neutral,124.32
niqab,26.37
nixon,37.67
noción,169.53
nonata,15.07
norma,3601.53
normas,48.97
normativa,312.68
normatividad,26.37
normativismo,11.3
normativo,444.54
notariado,11.3
notarial,56.51
notario,48.97
notice,15.07
notificación,188.36
notificado,18.84
notificar,56.51
notificar él,11.3
novísima,15.07
nulidad,11.3
nulo,124.32
núremberg,131.86
obedecer,150.69
obediencia,48.97
obediente,33.91
objeción,56.51
objetar,26.37
objetivo,94.18
objeto,885.31
obligaciones,33.91
obligación,113.02
obligado,323.99
obligatoriedad,15.07
obligatorio,493.51
obrar,30.14
observancia,79.11
obtener él,37.67
obvio,52.74
ocde,33.91
ocupacional,15.07
ofensa,113.02
olvido,218.5
omisión,139.39
omitir,41.44
omitir él,11.3
omnes,33.91
omnia,15.07
omnibus,11.3
omnium,15.07
oneroso,22.6
opinión,399.33
opio,18.84
oponer,218.5
oponible,11.3
oportuno,45.21
opresión,37.67
oprimir,30.14
oralidad,11.3
ordalía,30.14
ordenamiento,56.51
ordenanza,71.58
ordenanzas,56.51
orders,11.3
ordinaria,22.6
ordinario,531.19
orgánica,301.38
orgánico,293.85
orientalium,18.84
originario,18.84
otorgamiento,30.14
otorgar,712.02
paccionada,15.07
pactado,71.58
pactar,45.21
pactismo,15.07
pacto,146.92
pagadero,11.3
pagar,474.68
pagar él,33.91
pago,478.45
pankhurst,18.84
papal,79.11
parcial,180.83
parental,120.55
parentesco,37.67
pariente,97.95
parlamentario,45.21
parlamento,94.18
parte,1164.09
participación,37.67
particular,561.33
particularidad,60.28
partidas,37.67
pascua,116.79
pasivo,150.69
patentes,18.84
pater,11.3
paternidad,15.07
patria,263.71
patriarcal,48.97
patricio,37.67
patrimonial,188.36
pauta,52.74
pecar,26.37
peculiaridad,37.67
pecuniaria,15.07
pecuniario,15.07
pederastia,11.3
peligrosidad,64.04
peligrosos,18.84
pena,1054.84
penado,33.91
penal,1081.21
penalizar,82.88
penar,26.37
pendiente,101.72
penitenciario,90.41
pensión,79.11
perito,124.32
periódico,82.88
perjudicado,26.37
perjudicial,45.21
perjuicio,207.2
perjurio,15.07
permisible,15.07
permiso,418.17
permitido,203.43
perpetua,41.44
perpetuo,139.39
personal,1013.4
personales,60.28
pertenecient,11.3
pertinente,79.11
peta,18.84
pistola,146.92
planta,131.86
planteado,30.14
planteamiento,64.04
plantear,203.43
plazo,501.05
plebeyo,30.14
plebis,15.07
plebiscito,37.67
pleito,48.97
plenario,37.67
pleno,327.75
plural,56.51
pluralidad,56.51
poder,599
policy,33.91
poligamia,15.07
polis,22.6
political,33.91
política,320.22
ponderación,26.37
pontifex,15.07
pontificio,22.6
pontificios,18.84
porrúa,26.37
portación,33.91
porte,82.88
poseedor,52.74
poseer él,18.84
posesión,501.05
positivismo,48.97
potestad,30.14
potestas,11.3
practices,11.3
pragmática,64.04
pragmático,48.97
precedente,26.37
preceptivo,11.3
precepto,180.83
precio,15.07
precisar,116.79
preciso,150.69
predial,15.07
predio,60.28
predisposición,15.07
predominant,22.6
preestablecida,11.3
preexistent,22.6
preexistente,30.14
preferencia,90.41
prejuicio,37.67
prelación,26.37
preliminar,52.74
prenda,237.34
prerrogativa,67.81
prescindir,30.14
prescribir,71.58
prescripción,71.58
prescriptivo,26.37
prescrito,41.44
prestación,135.62
presumir,60.28
presunción,75.35
presuponer,22.6
pretensión,94.18
pretor,41.44
prevalecer,139.39
prevención,52.74
prevenir,139.39
prevention,11.3
preventivo,71.58
prever,214.74
previo,395.57
previsión,33.91
previsto,323.99
preámbulo,33.91
prima,41.44
primacía,86.65
primar,30.14
primordial,56.51
principio,67.81
principios,75.35
privacidad,192.13
privación,37.67
privado,48.97
privar,52.74
privar él,11.3
private,30.14
privativa,18.84
privativo,120.55
privilegio,244.87
probado,30.14
probatorio,33.91
procedencia,45.21
procedimental,37.67
procedimiento,113.02
procedimientos,33.91
procesal,82.88
proceso,67.81
proclamación,41.44
proclamado,22.6
procurador,48.97
procurar,90.41
profanación,22.6
profeso,11.3
profeta,146.92
progenitor,146.92
progresista,60.28
prohibición,41.44
prohibido,429.47
prohibir,768.53
prohibir él,18.84
prohíbir,519.89
proliferación,33.91
promulgación,203.43
promulgado,267.48
promulgar,632.9
promulgar él,18.84
pronunciar él,30.14
propenso,37.67
propiedad,180.83
propietario,305.15
proporcional,75.35
proporcionalidad,56.51
proposición,18.84
proprio,82.88
propuesto,120.55
propugnar,18.84
prorrogar,22.6
prostitución,26.37
prostituta,210.97
protección,478.45
proteger,696.95
protocolo,154.46
providencia,15.07
provinciales,18.84
provisión,86.65
proxeneta,18.84
práctica,1013.4
práctico,184.6
préstamo,278.78
prójimo,71.58
psicosocial,18.84
psicotrópico,26.37
psicólogo,64.04
psychological,33.91
publicidad,22.6
punible,45.21
punitivo,30.14
puritano,15.07
puritán,11.3
puro,158.23
párrafo,131.86
público,154.46
qiyas,26.37
quebrantamiento,22.6
quod,15.07
rabino,131.86
rabínico,52.74
racial,18.84
raciocinio,11.3
racional,86.65
racionalidad,22.6
racismo,64.04
racista,33.91
raigambre,11.3
rama,531.19
ratificación,139.39
ratificado,64.04
ratificar,218.5
ratio,18.84
razonable,64.04
razonamiento,71.58
razonar,18.84
razón,892.85
read,22.6
recaen,15.07
recaer,154.46
recalcar,33.91
recetar,11.3
rechazo,135.62
recibo,18.84
reciprocidad,26.37
reclamación,86.65
reclusa,11.3
recluso,30.14
recogido,109.25
recomendación,116.79
recompensa,113.02
reconstrucción,45.21
recopilación,45.21
recopilar,105.48
recreativo,71.58
rector,22.6
recurrir,169.53
recurso,681.88
recusación,41.44
recíproco,41.44
redacción,169.53
redactado,97.95
redactar,161.99
redención,30.14
reducir él,33.91
reeducación,15.07
reemplazado,45.21
referendo,15.07
referente,71.58
referido,173.3
referir,670.58
referéndum,165.76
reforma,1141.49
reformado,67.81
reformar,226.04
reformar él,11.3
reformulación,15.07
refugiados,37.67
refundido,26.37
regan,48.97
regida,15.07
regido,60.28
regir,508.58
regir él,18.84
registral,18.84
registro,207.2
regla,776.06
reglado,18.84
reglamentación,71.58
reglamentado,11.3
reglamentar,48.97
reglamentario,116.79
reglamento,312.68
reglamentos,56.51
reglas,41.44
regresivo,15.07
regulación,94.18
regulado,312.68
regulador,75.35
regular,1537.05
regular él,30.14
regulation,18.84
regulatoria,33.91
regulatorio,52.74
regímén,180.83
reintegro,11.3
reiterado,56.51
reiterar,30.14
reivindicatorio,11.3
relación,1763.09
relativo,629.14
religioso,45.21
remisión,26.37
remitir,128.09
remoción,18.84
remontar él,26.37
remuneración,45.21
remunerar,11.3
rendición,150.69
representación,22.6
represente,11.3
represivo,26.37
reprint,11.3
reproductivo,45.21
repugnante,15.07
reputar,11.3
república,188.36
repúblicas,37.67
requerido,94.18
requerimiento,75.35
requerir,843.87
requisito,644.21
rescatado,22.6
reserva,437.01
reservado,143.16
reservar,56.51
reservar él,15.07
residente,131.86
resolución,467.14
resolver,357.89
resolver él,30.14
respectar,86.65
respectivo,222.27
respetar,282.55
respetar él,11.3
respeto,218.5
respetuoso,26.37
responsa,11.3
responsabilidad,113.02
restitución,37.67
restricciones,33.91
restricción,568.86
restrictivo,71.58
restringen,18.84
restringido,158.23
restringir,195.9
restringir él,15.07
resumir,86.65
retención,41.44
retracto,15.07
retribución,48.97
retroactivo,18.84
revelación,82.88
revestir,30.14
revisar,199.67
revisión,271.24
revocación,18.84
revocado,30.14
revocar,75.35
rgpd,45.21
riesgo,444.54
rights,154.46
rigidez,30.14
romana,37.67
romano,146.92
ropa,22.6
rothbard,11.3
rousseau,52.74
régimen,150.69
rúbrica,41.44
sabbat,18.84
sacrificio,139.39
sahaba,11.3
salario,169.53
salvaguarda,37.67
salvaguardar,30.14
salvamento,56.51
salvedad,18.84
sancionado,71.58
sancionador,30.14
sancionar,207.2
sancionatorio,15.07
sanción,82.88
sanear,11.3
sanguinis,86.65
sanitario,15.07
sano,105.48
santificar,22.6
satisfacción,60.28
satisfacer,105.48
savigny,11.3
scjn,41.44
sección,169.53
secular,105.48
sefer,30.14
segregación,124.32
segunda,15.07
seguridad,802.43
seguro,71.58
semejante,15.07
semáforo,37.67
senado,263.71
senadoconsulto,26.37
senil,11.3
sentencia,30.14
sentido,666.81
sentimientos,15.07
separación,22.6
servidumbre,154.46
sesionar,11.3
sexual,22.6
señalar él,18.84
shacer,90.41
sharia,101.72
shulján,45.21
siervo,41.44
signatario,67.81
significación,22.6
significativamente,11.3
signs,11.3
sindicación,18.84
sindicato,120.55
singer,52.74
sistematizado,22.6
sistematizar,26.37
sistemático,120.55
situación,22.6
soberano,116.79
soberanía,60.28
sobreviviente,18.84
socavar,26.37
social,1653.84
sociedad,1220.6
sociedades,71.58
societario,30.14
sodomía,56.51
solemne,75.35
solemnidad,37.67
soli,90.41
solicitante,105.48
solicitar él,18.84
solicitud,376.73
someter,210.97
someter él,64.04
sometido,195.9
sometimiento,18.84
sostener,440.77
soviets,22.6
soviéticas,18.84
specialis,11.3
stare,30.14
statement,11.3
status,26.37
statute,18.84
statutes,26.37
subasta,75.35
subjetivo,188.36
subordinación,56.51
subordinada,15.07
subordinado,45.21
subrogación,15.07
subsección,30.14
subsistencia,33.91
subsistir,33.91
sucesión,45.21
sucesorio,79.11
suffrage,11.3
suffragett,11.3
sufragio,143.16
sufragismo,33.91
sufragista,48.97
sufrimiento,128.09
sujeción,37.67
sujetar él,22.6
sujeto,11.3
sumario,18.84
sunita,22.6
sunna,131.86
supeditado,26.37
superintendencia,26.37
superiores,30.14
supermercado,82.88
supervisión,90.41
suplementario,22.6
supletorio,52.74
suponer,523.65
supranacional,52.74
suprema,610.3
supremacía,15.07
supremo,271.24
supresión,101.72
supuesto,94.18
surcoreano,75.35
surgido,94.18
surtir,37.67
susceptible,113.02
suscitar,48.97
suscribir,37.67
suscrito,33.91
sustanciación,15.07
sustancial,79.11
sustantiva,33.91
sustantivo,56.51
sínodo,22.6
súbdito,75.35
tablas,37.67
talmud,56.51
talmúdico,15.07
tasación,22.6
tasado,11.3
tecnicismo,11.3
tecnos,18.84
telecomunicaciones,48.97
temor,177.06
tenencia,165.76
tener él,33.91
tengan,15.07
tenido,15.07
tentativa,33.91
teodosio,30.14
teorías,11.3
terapéutico,48.97
tercero,90.41
testador,30.14
testamentario,18.84
testamento,169.53
testar,22.6
testificar,48.97
testigo,214.74
testimonio,184.6
tfue,60.28
tipicidad,18.84
tipificación,15.07
tipificado,30.14
tipificar,48.97
tirant,22.6
tiranía,30.14
tischler,11.3
titular,395.57
titularidad,71.58
tolerar,33.91
tortura,139.39
torá,143.16
totalitario,30.14
traba,18.84
trabajador,666.81
trabajadora,56.51
traffic,30.14
tramitación,75.35
tramitar,33.91
tranquilidad,41.44
transacción,71.58
transferible,15.07
transgredir,11.3
transgresión,15.07
transitorio,64.04
transnacional,18.84
transparencia,67.81
transportista,15.07
transposición,30.14
tratado,1069.91
tratados,293.85
tratamiento,433.24
tratar él,71.58
trato,177.06
treaties,30.14
treaty,18.84
tregua,15.07
tribal,60.28
tribunal,1506.91
tribunales,124.32
tribuno,33.91
tributación,41.44
tributario,263.71
tributo,131.86
tripartito,26.37
tráfico,18.84
trámite,116.79
tránsito,128.09
tutela,11.3
tutelado,15.07
tutelar,18.84
tutor,56.51
tuvierar,15.07
tácito,33.91
téngar,11.3
título,312.68
ulema,11.3
ulpiano,18.84
ulterior,33.91
unanimidad,64.04
unidas,463.38
unificado,86.65
unificar,71.58
uniformidad,22.6
unilateral,71.58
unipersonal,18.84
universal,71.58
unión,1408.97
unívoco,11.3
urbanístico,56.51
urgencia,109.25
urgente,48.97
urss,143.16
usatges,22.6
usufructo,150.69
usufructuario,22.6
utet,11.3
vago,41.44
validez,210.97
vasallo,45.21
vegetarianismo,15.07
velar,64.04
velo,97.95
vencido,33.91
vencimiento,33.91
vendedor,71.58
verbal,60.28
veredicto,37.67
verificación,41.44
versar,37.67
vestimenta,82.88
vetar,26.37
veterinario,33.91
veto,41.44
viciado,11.3
vicio,71.58
vigencia,275.01
vigente,493.51
vigor,663.04
vinculante,241.11
violación,18.84
violado,15.07
violador,33.91
violar,233.57
violence,18.84
violencia,33.91
violentar,15.07
virtud,357.89
visa,312.68
visado,22.6
vivar,18.84
voluntad,18.84
voluntario,210.97
votación,293.85
votante,188.36
votar,478.45
voto,18.84
vulneración,18.84
vulnerado,11.3
vulnerar,33.91
válido,278.78
weimar,41.44
women,109.25
xenófobo,15.07
zarista,18.84
ámbito,696.95
áreas,37.67
ética,64.04
ético,101.72
éxodo,15.07
índole,56.51
íntegro,30.14
órgano,802.43
