aaron,98.9
abeja,92.72
abordaj,24.73
abordaje,61.81
abordar,364.7
abraham,142.17
abstracción,37.09
abstracto,234.89
abusador,24.73
abuso,500.68
academic,37.09
académico,414.15
acepción,37.09
aceptación,30.91
acercamiento,74.18
acontecer,49.45
acontecimiento,315.24
acorde,49.45
acoso,86.54
acreditación,30.91
actitud,871.56
actitudes,24.73
activación,203.98
acumulativo,30.91
acuñado,37.09
acuñar,129.81
acuñó,30.91
adaptabilidad,24.73
adaptación,377.06
adaptar él,123.63
adaptativa,43.27
adaptativo,271.98
adecuado,395.6
adecuar,37.09
adicción,129.81
adictivo,18.54
adiestramiento,30.91
adjetivo,49.45
adler,185.44
adolescencia,278.16
adolescente,86.54
adorno,18.54
adquirido,111.26
adquisición,148.35
adultez,37.09
adulto,364.7
adversidad,37.09
adverso,173.08
afasia,61.81
afección,111.26
afectación,37.09
afectar,717.03
afectivo,315.24
afecto,148.35
afirmación,135.99
afrontamiento,129.81
afrontar,135.99
afín,61.81
agitación,61.81
agitado,30.91
agotamiento,49.45
agresividad,55.63
agresivo,166.89
agresión,265.79
agresor,86.54
aislamiento,18.54
ajustar,98.9
ajustar él,49.45
albert,216.34
alcohol,210.16
aleatorio,105.08
aleatorizado,18.54
alentar,80.36
alfred,185.44
alimentación,173.08
alimentario,74.18
aliviar,43.27
alivio,49.45
allport,92.72
almacenar,117.44
alteración,37.09
alterar,123.63
alternativa,179.26
altruismo,18.54
altruista,18.54
alucinación,129.81
aludir,111.26
alzheimer,49.45
amabilidad,49.45
ambiental,420.33
ambiente,778.84
ambivalencia,49.45
ambivalente,24.73
ambulatorio,37.09
ameritar,18.54
amnesia,111.26
anal,67.99
analista,173.08
analizar,463.6
analysis,43.27
analítico,296.7
anciano,49.45
anglosajón,49.45
angustia,191.62
angustiant,18.54
angustiar,30.91
angustioso,55.63
anhedonia,123.63
animal,142.17
anomalía,117.44
anorexia,43.27
anormal,265.79
anormalidad,142.17
ansiedad,43.27
ansioso,49.45
ansiós,18.54
antecedente,241.07
anticipar,61.81
antidepresivo,407.96
antipsicótico,49.45
antisocial,55.63
antropología,179.26
antropológico,61.81
antropólogo,43.27
análisis,309.06
apareamiento,30.91
aparición,846.83
apatía,30.91
apego,24.73
apetito,92.72
aplicación,914.83
aplicada,43.27
aplicado,605.76
aplicar,692.3
aplicar él,80.36
aportar,259.61
aporte,117.44
apreciación,30.91
aprender,933.37
aprendido,154.53
aprendizaje,61.81
apropiado,166.89
apropiar,30.91
aproximación,247.25
aptitud,160.71
apóstol,123.63
apóstoles,37.09
arguir,24.73
argumentación,30.91
argumentar,333.79
aritmético,37.09
arquetipal,67.99
arquetipo,197.8
arquetípico,30.91
articular,49.45
artificial,364.7
asertividad,37.09
asertivo,18.54
asesoramiento,123.63
asesoría,37.09
asignación,98.9
asilo,61.81
asimilación,49.45
asimilar,67.99
asociado,49.45
asociar,426.51
asociativo,43.27
aspecto,1452.6
asperger,24.73
assessment,18.54
asumido,30.91
asunción,37.09
atención,61.81
aterrador,37.09
atribución,142.17
atribuible,24.73
atribuir él,37.09
atípico,67.99
auditiva,43.27
auditivo,92.72
aula,86.54
aumento,383.24
ausencia,18.54
ausubel,24.73
autismo,24.73
autista,117.44
autoayuda,74.18
autoconcepto,61.81
autoconciencia,49.45
autoconfianza,18.54
autocontrol,74.18
autodestructivo,55.63
autodeterminación,30.91
autoeficacia,61.81
autoestima,401.78
autoevaluación,18.54
autoinforme,37.09
autorrealización,49.45
autorregulación,67.99
autorregulado,18.54
auxilio,49.45
avalado,24.73
averiguar,43.27
aversivo,43.27
aversión,30.91
ayudar,1106.45
bandura,117.44
barrett,67.99
basar,649.03
basar él,123.63
bateson,18.54
bautismo,55.63
bebé,185.44
beck,179.26
behavior,129.81
behavioral,105.08
behaviour,30.91
behavioural,37.09
beneficioso,98.9
berne,234.89
bessel,24.73
bidireccional,30.91
bienestar,43.27
binet,37.09
biología,216.34
biológico,1007.55
bion,43.27
biopsicosocial,49.45
bioquímico,43.27
bipolar,179.26
bleuler,67.99
board,55.63
bodhi,37.09
bowlby,30.91
boyer,67.99
brain,129.81
brecha,55.63
breuer,43.27
brill,30.91
broadus,18.54
broca,105.08
bruner,74.18
budismo,111.26
budista,98.9
bulimia,37.09
básico,642.85
búsqueda,377.06
calificado,55.63
cambiant,30.91
cambio,1823.48
campo,1804.93
canonizar,24.73
capacidad,1644.22
capacitación,98.9
capacitado,43.27
capacitar,55.63
capaz,698.48
captar,67.99
caracterizado,117.44
característica,1192.99
cardiovascular,86.54
caricia,55.63
carl,222.53
carne,630.49
carpintero,30.91
catarsis,24.73
categorización,61.81
categorizar,61.81
cattell,74.18
catártico,30.91
catástrofe,49.45
causa,828.29
causal,98.9
causalidad,92.72
causante,37.09
cauteloso,24.73
cautiverio,55.63
cefalea,24.73
cefalópodo,43.27
ceguera,37.09
centrado,352.33
centrar,673.76
centrar él,80.36
cerebral,877.74
cerebro,24.73
certeza,67.99
charcot,24.73
chimpancé,135.99
chomsky,74.18
cibernética,18.54
ciencia,1434.06
científico,1106.45
circadiano,49.45
circunstancia,296.7
circunvolución,18.54
claridad,43.27
clarificar,18.54
cliente,395.6
clinic,18.54
clinical,111.26
clínica,142.17
clínico,61.81
coaching,30.91
cobardía,24.73
cochrane,49.45
cociente,30.91
codificación,43.27
coeficiente,67.99
coerción,18.54
cognición,98.9
cognition,142.17
cognitiva,129.81
cognitive,370.88
cognitivismo,49.45
cognitivista,49.45
cognitivo,3745.85
cognoscitiva,43.27
cognoscitivo,37.09
cohen,55.63
coherencia,30.91
coherente,86.54
cohesionado,24.73
cohesión,37.09
coincidencia,43.27
colapso,228.71
colectivo,346.15
combinación,333.79
comer,296.7
comorbilidad,67.99
comparación,401.78
comparado,216.34
comparar,234.89
comparar él,30.91
comparativo,49.45
compensación,123.63
compensatorio,30.91
competente,43.27
complejidad,197.8
complejo,562.5
complementario,92.72
comportamental,67.99
comportamiento,123.63
comportar,80.36
comportar él,49.45
comprender,933.37
comprensible,43.27
comprensivo,24.73
comprensión,772.66
compulsión,18.54
computacional,117.44
computarizado,30.91
comunicar él,61.81
comunicativo,24.73
comunitaria,30.91
comunitario,234.89
comórbido,49.45
concentrar él,117.44
concepción,296.7
concepto,1693.67
conceptual,166.89
conceptualización,67.99
conceptualizar,37.09
concernir,24.73
conciencia,67.99
conciliar,37.09
conclusión,247.25
concomitante,18.54
concreto,370.88
concuerdar,43.27
concurrent,24.73
condicionado,80.36
condicionamiento,247.25
condicionante,49.45
condicionar,30.91
conducta,55.63
conductismo,24.73
conductista,166.89
conductual,18.54
conexionista,18.54
conexión,321.43
confiabilidad,43.27
confianza,253.43
configurar,74.18
confinamiento,49.45
conflictivo,43.27
confrontar,43.27
confundir,142.17
confundir él,67.99
confusión,92.72
congéner,18.54
conllevar,105.08
conocimiento,1532.96
consciencia,259.61
consciente,475.96
consciousness,30.91
consecuencia,754.12
consecuencias,37.09
consecuente,37.09
consenso,86.54
consideración,117.44
considerar él,210.16
consistencia,55.63
consistente,148.35
consolidación,61.81
constructivismo,30.91
constructivista,142.17
constructo,228.71
consuelo,30.91
consulta,148.35
consulting,24.73
consumidor,203.98
consumo,278.16
contagio,37.09
contexto,859.2
contextual,49.45
contingencia,30.91
contradictorio,61.81
contrapuesto,18.54
contrario,210.16
contratransferencia,24.73
controlar él,30.91
controvertir,18.54
convergencia,74.18
convergente,49.45
conversacional,30.91
conversión,389.42
convulsión,37.09
corporal,321.43
corporizado,222.53
corpóreo,30.91
correlacionado,24.73
correlacional,37.09
correlacionar,80.36
correlación,160.71
correlato,30.91
corriente,482.14
corteza,173.08
cortical,61.81
corto,117.44
corán,55.63
cosmovisión,43.27
cotidiano,278.16
creatividad,111.26
creativo,135.99
credibilidad,74.18
creencia,1063.18
creencias,18.54
crianza,105.08
criminal,55.63
criminología,37.09
cristianismo,61.81
criterio,550.13
cronbach,30.91
crucial,135.99
crónico,222.53
cualidad,154.53
cualitativo,123.63
cuantificabl,24.73
cuantificar,30.91
cuantitativo,290.52
cuestionamiento,37.09
cuestionar,210.16
cuestionario,24.73
cuestión,370.88
cuidado,247.25
cuidador,216.34
culpa,222.53
culpar,55.63
cultura,933.37
culture,86.54
curación,55.63
curar,74.18
curativo,24.73
curricular,30.91
córtex,18.54
damasio,49.45
dangerous,43.27
darwin,142.17
dawkins,30.91
dañino,61.81
daño,389.42
debatido,18.54
decisión,704.67
deductivo,55.63
deficiencia,105.08
definición,438.87
definir,785.02
definir él,49.45
definitorio,24.73
delfín,105.08
delictivo,55.63
delincuencia,43.27
delincuente,123.63
delinear,37.09
delirante,43.27
delirio,123.63
delito,247.25
demencia,98.9
demostrador,24.73
demostrar,1124.99
deontología,18.54
depender,667.58
depredador,80.36
depresivo,877.74
depresión,117.44
depression,43.27
deprimido,290.52
desacuerdo,86.54
desadaptativo,49.45
desafiar,111.26
desagradable,55.63
desajuste,18.54
desarrollado,451.23
desarrollar,1767.84
desarrollar él,135.99
desarrollo,3616.04
descartar,111.26
descartes,30.91
desconexión,80.36
desconfianza,30.91
descontrol,18.54
descriptivo,80.36
descubrimiento,271.98
deseable,43.27
deseado,74.18
desempeño,173.08
desencadenante,18.54
desencadenar,67.99
desensibilización,24.73
desenvolver,30.91
desenvolvimiento,24.73
deseo,346.15
desequilibrio,61.81
desesperación,43.27
desesperanza,61.81
desfavorable,37.09
desigualdad,61.81
desinterés,18.54
desorden,271.98
desorganización,24.73
desorganizado,37.09
despersonalización,30.91
despertar,191.62
despliegue,61.81
destreza,43.27
detallado,111.26
detección,173.08
deterioro,166.89
determinación,92.72
determinado,704.67
determinant,43.27
determinar,735.57
diagnosis,18.54
diagnosticado,43.27
diagnosticar,302.88
diagnóstico,247.25
dialogar,24.73
dialéctica,37.09
dialéctico,43.27
dicotomía,30.91
dicotómico,18.54
didáctico,67.99
diferencia,1236.25
diferenciación,111.26
diferencial,86.54
diferenciar,166.89
diferir,135.99
dificultad,649.03
dificultades,18.54
dificultar,67.99
difuminar,18.54
dilucidar,18.54
dimensional,61.81
dimensión,407.96
dinámica,185.44
dinámico,290.52
directriz,67.99
discapacidad,111.26
discernimiento,24.73
discernir,37.09
disciplina,1100.27
disciplinario,30.91
discrepancia,55.63
discriminación,142.17
discriminar,37.09
discípulo,253.43
disentir,30.91
disfrute,24.73
disfuncional,92.72
disfunción,117.44
disfórico,18.54
dislexia,135.99
disminución,278.16
disociación,18.54
disociativo,228.71
disonancia,98.9
disorder,43.27
disorders,43.27
disposicional,18.54
distinción,203.98
distinguir,438.87
distinguir él,49.45
distinto,562.5
distorsionado,98.9
distorsión,148.35
distracción,49.45
diverso,197.8
divino,129.81
docente,105.08
dolor,339.97
dominante,179.26
dopamina,61.81
dopaminérgico,18.54
dormir,173.08
droga,179.26
dual,55.63
dualismo,24.73
duelo,185.44
duradero,92.72
déficit,185.44
ecléctico,37.09
ecología,117.44
edelman,49.45
edipo,74.18
educacional,160.71
educación,877.74
educador,105.08
education,80.36
educational,24.73
educativo,989
efectividad,160.71
efectivo,315.24
efecto,1489.69
eficacia,364.7
eficaz,432.69
eficiencia,98.9
egocentrismo,55.63
egocéntrico,37.09
egoísta,30.91
einer,30.91
ejemplo,2960.83
ejercicio,259.61
elaborar,216.34
electroconvulsivo,98.9
electroencefalografía,18.54
elefante,457.41
elemental,61.81
ellis,179.26
emergente,98.9
emerger,111.26
emocional,1322.79
emoción,18.54
emotividad,24.73
emotivo,135.99
empatía,105.08
empeoramiento,24.73
empeorar,67.99
empirismo,30.91
empoderamiento,37.09
empírico,271.98
enajenación,18.54
encajar,80.36
encarnado,30.91
encuesta,24.73
endocrino,86.54
enfado,18.54
enfatizar,247.25
enfermedad,30.91
enfermedades,86.54
enfermería,67.99
enfermo,271.98
enfocado,98.9
enfocar,228.71
enfocar él,43.27
enfoque,55.63
engaño,86.54
englobar,74.18
enriquecer,43.27
enseñanza,321.43
entender,945.73
entender él,105.08
entendido,86.54
entendimiento,160.71
entorno,1143.54
entrecruzar,18.54
entrenado,55.63
entrenamiento,296.7
entrevistador,43.27
enumeración,18.54
enunciado,43.27
enunciar,24.73
envejecimiento,67.99
envidia,43.27
epidemiología,18.54
epigenético,210.16
epilepsia,86.54
episteme,18.54
epistemología,43.27
epistemológica,37.09
epistemológico,30.91
epistémico,24.73
episódico,24.73
equidad,30.91
equilibrio,166.89
ergonomía,37.09
erich,49.45
erik,61.81
erikson,123.63
erróneo,92.72
erskine,18.54
escala,166.89
escalas,24.73
esclarecer,30.91
esclerosis,24.73
escucha,55.63
escéptico,49.45
esencia,98.9
esencial,253.43
esfínter,37.09
especialidad,259.61
especialización,105.08
especificidad,24.73
espectro,111.26
específico,24.73
espiritual,259.61
espiritualidad,55.63
espontaneidad,37.09
espontáneo,74.18
esquema,482.14
esquematización,18.54
esquizofrenia,86.54
esquizofrénico,30.91
esquizoide,18.54
estadounidense,123.63
estadístico,253.43
estandarizado,86.54
estereotipado,24.73
estereotipo,123.63
estigma,43.27
estimulación,185.44
estimular,129.81
estrategia,358.51
estresant,160.71
estresante,49.45
estructuración,61.81
estructurado,142.17
estructural,166.89
estructuralismo,24.73
estrés,92.72
estudiado,80.36
estudiar,1310.43
estudiar él,43.27
estudio,4901.75
estudioso,135.99
estupor,18.54
estático,61.81
estímulo,1087.9
etapa,210.16
etiología,49.45
etiológico,24.73
etiquetar,43.27
etnografía,18.54
etnología,24.73
etología,30.91
etológico,37.09
etólogo,49.45
eugen,37.09
evaluación,92.72
evaluado,43.27
evaluar,747.93
evaluativo,24.73
evangelio,105.08
evidencia,939.55
evidente,129.81
evitación,117.44
evocar,67.99
evolucionar,222.53
evolucionista,18.54
evolución,463.6
evolution,80.36
evolutionary,135.99
evolutiva,37.09
evolutivo,519.23
exacerbar,18.54
exactitud,55.63
exagerado,55.63
examen,247.25
examinado,18.54
examinador,24.73
examinar,333.79
exaptación,30.91
excelencia,37.09
excesivo,222.53
exceso,166.89
excitación,105.08
excluir,98.9
exclusión,80.36
excluyente,18.54
exhaustivo,43.27
exigencia,105.08
existencial,228.71
existencialismo,49.45
expectativa,222.53
experience,55.63
experiencia,2114
experiencial,43.27
experimentación,74.18
experimentado,105.08
experimentador,67.99
experimental,772.66
experimentar,797.38
experimento,661.4
experto,61.81
explained,18.54
explicación,432.69
explicado,24.73
explicar,1019.91
explicar él,49.45
explicativo,74.18
explorar,234.89
explícito,123.63
exponer él,61.81
expresar,475.96
expresar él,67.99
expresivo,55.63
expresión,636.67
externo,67.99
extrapolación,30.91
extraversión,61.81
eysenck,117.44
faces,24.73
facilitación,37.09
facilitador,18.54
factor,1885.29
factores,30.91
factorial,55.63
facultad,154.53
falacia,24.73
falencia,24.73
falta,30.91
familiar,513.05
fanatismo,18.54
fantasía,296.7
farmacológico,98.9
farmacoterapia,24.73
fase,86.54
fatiga,18.54
fechner,123.63
felicidad,148.35
feminidad,24.73
feminista,309.06
fenomenología,43.27
fenomenológico,111.26
fenómeno,877.74
fiabilidad,98.9
fijación,37.09
filogenético,43.27
filosofía,321.43
filosófico,284.34
filósofo,210.16
finalidad,259.61
finanza,67.99
fisiología,74.18
fisiológica,74.18
fisiológico,265.79
fisiólogo,74.18
flashbacks,37.09
flexibilidad,61.81
fluido,37.09
fobia,105.08
focalización,37.09
focalizar,37.09
fomentar,154.53
fonológico,61.81
forense,500.68
formal,377.06
formativo,55.63
formulación,86.54
foundations,55.63
fragmentado,30.91
frankl,148.35
frederic,30.91
freud,1322.79
freudiana,37.09
freudiano,105.08
freudián,92.72
fritz,111.26
fromm,55.63
fructífero,37.09
frustración,55.63
fumador,30.91
fumar,142.17
funcional,339.97
funcionalidad,74.18
funcionalismo,43.27
funcionamiento,513.05
funciones,24.73
función,1279.52
functions,18.54
fundamentación,43.27
fundamentado,37.09
fundamental,649.03
fundamentar,49.45
fundamento,191.62
fundamentos,43.27
fálico,43.27
fármaco,86.54
físico,1359.88
gage,55.63
gall,37.09
galton,37.09
ganglio,30.91
gemelo,142.17
generalización,61.81
generalizado,92.72
generar,581.04
generativo,24.73
genital,24.73
genotipo,24.73
gente,611.95
genética,173.08
genético,426.51
gestalt,37.09
gestáltico,49.45
glucocorticoid,67.99
goodman,37.09
gould,43.27
gradual,74.18
gramatical,61.81
grammar,37.09
gramática,123.63
gratificación,43.27
gratificante,24.73
grupal,18.54
gruyter,24.73
guiado,49.45
guiar,129.81
guidano,61.81
guilford,30.91
gustav,142.17
gustave,49.45
guía,166.89
génesis,30.91
habilidad,1341.34
habilidades,43.27
habituación,18.54
hablante,49.45
hallazgo,197.8
handbook,80.36
health,148.35
hebb,24.73
heidegger,49.45
heinz,43.27
hemisferio,105.08
hereditario,61.81
herman,67.99
herramienta,562.5
heterogeneidad,30.91
heterosexual,37.09
heurística,30.91
hillman,105.08
hincapié,98.9
hinduismo,43.27
hiperactividad,55.63
hipnosis,86.54
hipnótico,49.45
hipocampo,49.45
hipotetizar,18.54
hipotiroidismo,30.91
hipotálamo,61.81
hipotético,80.36
hipócrates,55.63
hipótesis,543.95
histeria,18.54
historicidad,30.91
histérica,18.54
histérico,37.09
holista,24.73
holístico,43.27
homeostasis,43.27
homínido,30.91
honestidad,24.73
hormona,123.63
hormonal,74.18
horney,55.63
hospitalización,24.73
hospitalizado,30.91
human,173.08
humanista,37.09
humano,717.03
humanística,18.54
husserl,30.91
idea,1291.89
ideación,61.81
idealización,18.54
identidad,61.81
identificación,30.91
identificar,710.85
identificar él,61.81
idiosincrático,18.54
igual,18.54
iluminación,210.16
ilustrar,98.9
imaginación,142.17
imaginado,30.91
imaginar,92.72
imaginario,61.81
imitación,80.36
immanuel,24.73
impacto,432.69
impedimento,43.27
impersonal,24.73
implicación,123.63
implicado,123.63
implicar,785.02
implícito,123.63
impotencia,61.81
impredecible,18.54
impulsividad,43.27
impulsivo,30.91
impulso,346.15
inadaptada,18.54
inadecuado,80.36
inanimado,18.54
inapropiado,67.99
incapacidad,185.44
incapaz,92.72
incertidumbre,92.72
incidencia,80.36
incidir,37.09
incomodidad,30.91
incompatible,55.63
incompleto,67.99
inconsciente,377.06
inconsistencia,37.09
incorrecto,80.36
incrementar,216.34
indagación,18.54
indagar,37.09
indecisión,24.73
indemnización,86.54
indicación,67.99
indicativo,24.73
indicio,61.81
indispensable,49.45
individual,939.55
individualidad,55.63
individualismo,30.91
individualista,43.27
individualizado,43.27
individuo,55.63
inducido,49.45
inducir,117.44
inductivo,61.81
ineficaz,37.09
inespecífico,24.73
inevitable,55.63
infancia,438.87
infantil,531.59
inferencia,98.9
inferioridad,37.09
inferir,37.09
influencia,37.09
influenciado,105.08
influenciar,129.81
influido,74.18
influir,661.4
información,1644.22
informado,43.27
inherente,67.99
inhibición,55.63
inhibido,30.91
inhibidor,148.35
inhibir,49.45
inhibitorio,30.91
inmanente,18.54
inmediato,265.79
inmunitario,30.91
inmunológico,74.18
inmóvil,49.45
innato,123.63
inquietud,49.45
insatisfacción,24.73
insatisfecho,24.73
inseguridad,43.27
inseguro,49.45
inseparable,37.09
insignificante,30.91
insomnio,160.71
instintivo,86.54
instinto,117.44
institucional,148.35
institucionalización,30.91
institucionalizado,37.09
integración,185.44
integrador,61.81
integrativa,61.81
integrativo,37.09
intelectual,284.34
inteligencia,105.08
interacción,822.11
interactivo,61.81
interactuar,173.08
interactúir,30.91
intercultural,49.45
interdependencia,18.54
interdependient,18.54
interdisciplinaria,24.73
interdisciplinario,160.71
interesar,148.35
interferir,67.99
intergrupal,18.54
interiorizar,37.09
internalización,43.27
internalizar,37.09
interno,741.75
interpersonal,525.41
interpretación,445.05
interrelacionado,18.54
interrelacionar,30.91
interrelación,80.36
interrogante,24.73
interrupción,67.99
intervenciones,18.54
intervención,914.83
intimidad,74.18
intrapersonal,30.91
introducción,86.54
introspección,49.45
introspectivo,30.91
introvertido,24.73
introyección,24.73
intrusivo,37.09
intrusión,37.09
intrínseco,92.72
intuición,24.73
intuitiva,24.73
intuitivo,67.99
inusual,117.44
inutilidad,67.99
invasivo,37.09
inventario,30.91
investigación,3170.99
investigador,908.65
investigar,383.24
involucrar,222.53
involuntario,43.27
irracional,173.08
irritabilidad,86.54
irritable,43.27
islam,234.89
isrs,123.63
issues,24.73
jactar,18.54
janet,49.45
jaspers,43.27
jerarquía,105.08
jerome,86.54
jerárquico,67.99
jesús,735.57
journal,228.71
juicio,333.79
jung,432.69
junguiano,74.18
junguián,55.63
justificar,105.08
kahneman,30.91
kandel,37.09
kant,37.09
kenshō,61.81
kierkegaard,37.09
klein,74.18
koffka,24.73
kohlberg,30.91
kohut,24.73
kolk,43.27
konrad,55.63
kraepelin,30.91
kurt,142.17
köhler,43.27
laberinto,49.45
laboral,407.96
laboratorio,420.33
lacan,55.63
lakoff,74.18
language,55.63
latencia,55.63
latente,74.18
learning,61.81
lenguaje,37.09
lente,43.27
leve,129.81
lewin,61.81
liberador,18.54
libidinal,61.81
libido,123.63
lidiar,55.63
ligado,191.62
lightner,30.91
likert,37.09
limitación,185.44
limpieza,80.36
lingüista,74.18
lingüística,24.73
lingüístico,364.7
llanto,24.73
locomoción,18.54
locus,24.73
logos,37.09
logoterapia,86.54
lorenz,55.63
léxico,86.54
límbico,18.54
límite,86.54
lóbulo,111.26
lógica,197.8
lógico,197.8
macro,18.54
maduración,98.9
madurez,55.63
mahoma,55.63
maier,18.54
malentendido,37.09
malestar,173.08
malinterpretar,18.54
maltrato,49.45
manejar,203.98
manejar él,24.73
manejo,241.07
manera,129.81
maniaco,18.54
manifestación,253.43
manifestar,265.79
manifestar él,61.81
manifiesto,111.26
manipulación,117.44
manipular,80.36
manual,92.72
manía,43.27
mapeo,30.91
masculinidad,74.18
maslow,86.54
matemático,241.07
maternal,24.73
maturana,49.45
maximizar,55.63
meaning,24.73
mecanismo,24.73
mediador,24.73
mediar,37.09
medicación,123.63
medicamento,401.78
medicina,513.05
medicine,67.99
medición,228.71
medicus,18.54
medido,30.91
medir,438.87
meditación,67.99
mejorar él,18.54
melancolía,216.34
melancólico,111.26
melanie,43.27
memoria,1131.17
mental,173.08
mentales,61.81
mente,117.44
mero,98.9
meta,302.88
metaanálisis,86.54
metabolismo,43.27
metafórico,30.91
metanálisis,55.63
metaphor,30.91
method,30.91
metodología,216.34
metodológico,142.17
metáfora,148.35
metódico,37.09
miedo,414.15
miller,154.53
milton,55.63
mind,135.99
minimizar,67.99
minoritario,49.45
mischel,18.54
misticismo,30.91
modelado,37.09
modelar,67.99
modelo,117.44
moderado,148.35
moderno,80.36
modificación,37.09
modulación,30.91
modular,30.91
moksha,18.54
moldear,55.63
monoaminooxidasa,18.54
moral,49.45
moralidad,61.81
mortalidad,210.16
morton,37.09
motivacional,55.63
motivación,438.87
motivado,55.63
motivar,117.44
motor,24.73
motora,55.63
motoro,49.45
multidimensional,30.91
multidisciplinar,24.73
multidisciplinario,49.45
multiplicidad,30.91
muscular,61.81
myers,43.27
médica,55.63
médico,581.04
método,1668.94
múltiple,432.69
narcisismo,49.45
narcisista,86.54
narrativo,86.54
naturaleza,111.26
nature,67.99
necesidad,1075.54
negación,80.36
negativo,778.84
negligencia,61.81
neisser,30.91
nervioso,438.87
neural,166.89
neuroanatomía,18.54
neurobiología,49.45
neurobiológico,61.81
neurociencia,148.35
neurocientífica,30.91
neurocientífico,74.18
neuroendocrino,37.09
neurofisiología,18.54
neurofisiológico,24.73
neuroimagen,80.36
neurolingüística,49.45
neurología,80.36
neurológico,154.53
neurona,191.62
neuronal,271.98
neuroplasticidad,18.54
neuropsicología,105.08
neuropsicológica,37.09
neuropsicólogo,24.73
neuropsiquiatría,37.09
neuroquímico,18.54
neuroscience,55.63
neurosis,222.53
neuroticismo,55.63
neurotransmisor,92.72
neurólogo,105.08
neurótico,105.08
nice,61.81
nicotina,30.91
nikolaas,24.73
nirvana,55.63
niñez,74.18
niño,3745.85
noam,49.45
noción,302.88
noradrenalín,43.27
norma,352.33
normal,370.88
normalidad,74.18
normas,24.73
normativo,37.09
notar,160.71
novedoso,61.81
numérico,148.35
nutrición,61.81
nutrir,30.91
obesidad,43.27
objetal,61.81
objetivo,142.17
objeto,1502.05
observabl,43.27
observable,80.36
observacional,18.54
observación,37.09
observado,92.72
observador,92.72
observar,717.03
obsesivo,24.73
obvio,43.27
ocasionado,37.09
occipital,24.73
ocular,80.36
ocupacional,61.81
ocurrencia,49.45
ocurrir,766.48
odio,105.08
olfato,30.91
oller,24.73
olor,74.18
olvido,55.63
omnipotente,24.73
onírico,30.91
operante,117.44
optimismo,30.91
optimista,30.91
optimizar,55.63
oral,166.89
organismo,500.68
organizacional,148.35
orientación,346.15
orientado,259.61
orientar,105.08
overview,24.73
oxford,234.89
oído,18.54
paciente,37.09
padecer,234.89
padecimiento,105.08
paidós,67.99
paloma,74.18
paradigma,377.06
paradigmático,30.91
paradoja,80.36
paradójico,24.73
paralelismo,30.91
paranoide,30.91
paranormal,43.27
parental,61.81
parietal,30.91
parkinson,67.99
participante,364.7
particular,370.88
parto,98.9
parálisis,74.18
pasado,74.18
pascal,49.45
pasivo,117.44
patología,148.35
patológico,160.71
patrones,24.73
patrón,537.77
pauta,92.72
pavlov,24.73
pedagogía,135.99
pedagógico,117.44
peligrosidad,24.73
penfield,18.54
penitenciario,49.45
pensador,43.27
pensamiento,80.36
pensamientos,43.27
pensar,890.1
pentecostés,24.73
percepción,61.81
perceptible,49.45
perceptiva,24.73
perceptivo,49.45
perceptual,55.63
percibar,18.54
percibido,148.35
percibir,488.32
perdurable,18.54
perfil,185.44
pericial,61.81
perinatal,30.91
perjudicial,49.45
perls,148.35
perro,562.5
persistencia,49.45
persistente,191.62
persistir,86.54
persona,6076.19
personal,871.56
personalidad,148.35
personality,67.99
perspectiva,1057
persuasivo,24.73
persuasión,86.54
pertinente,37.09
perturbación,74.18
perturbado,30.91
perturbador,37.09
pesimismo,24.73
phineas,30.91
piaget,593.4
pinel,37.09
pinker,61.81
pionero,67.99
placebo,61.81
placentero,55.63
placer,309.06
planificación,117.44
planteado,43.27
planteamiento,67.99
plantear,377.06
plasticidad,74.18
plazo,475.96
pmid,37.09
policy,37.09
porqué,24.73
poseído,30.91
posible,339.97
positividad,30.91
positivista,30.91
positivo,747.93
posracionalista,49.45
postraumático,43.27
postulado,30.91
postular,210.16
postura,160.71
potencial,129.81
potencialidad,30.91
practicant,37.09
practice,80.36
pragmático,49.45
praxis,18.54
precisión,142.17
preconsciente,37.09
precoz,37.09
precursor,74.18
predecir,210.16
predicción,92.72
predictivo,30.91
predictor,24.73
predisposición,129.81
predispuesto,18.54
predominante,55.63
preexistent,30.91
preexistente,24.73
preferencia,197.8
preferido,92.72
prefrontal,55.63
pregunta,482.14
prejuicio,179.26
premenstrual,24.73
premisa,61.81
prenatal,49.45
preocupación,333.79
preocupado,74.18
preponderancia,24.73
prescribir,37.09
presencia,49.45
presenciar,61.81
presente,568.68
presunción,30.91
prevalencia,135.99
prevalente,30.91
prevención,253.43
prevenir,173.08
prevenir él,18.54
preventivo,49.45
primar,24.73
primario,321.43
primate,142.17
principles,24.73
prioridad,80.36
privación,74.18
privilegiar,24.73
probabilidad,302.88
probable,259.61
problema,2453.96
problemas,49.45
problemática,74.18
problemático,55.63
procedimiento,383.24
procesamiento,30.91
procesar,179.26
proceso,3473.87
procurar,55.63
profesional,581.04
profesión,160.71
profundizar,67.99
profundo,445.05
progenitor,80.36
prolongado,105.08
promover,482.14
propensión,24.73
propenso,80.36
propiciar,92.72
proponer,797.38
proporcionada,18.54
proporcionar,735.57
proposicional,43.27
propuesto,135.99
prosocial,37.09
protector,49.45
provocación,30.91
proyectiva,67.99
prudente,30.91
prueba,43.27
práctica,1267.16
práctico,290.52
pseudociencia,92.72
psicoanalista,24.73
psicoanalítica,61.81
psicoanalítico,383.24
psicoanálisis,129.81
psicobiología,43.27
psicodinámico,98.9
psicodrama,30.91
psicoeducación,24.73
psicofarmacología,30.91
psicofisiología,49.45
psicofármaco,24.73
psicofísica,80.36
psicofísico,30.91
psicolingüística,24.73
psicología,2540.5
psicológica,92.72
psicológico,43.27
psicológicos,24.73
psicometría,92.72
psicomotor,37.09
psicomotoro,49.45
psicométrica,105.08
psicométrico,49.45
psiconeuroinmunología,49.45
psicopatología,117.44
psicopatológico,49.45
psicopatía,18.54
psicopedagogía,37.09
psicopedagógico,80.36
psicosexual,61.81
psicosis,173.08
psicosocial,216.34
psicosociología,49.45
psicosomático,148.35
psicoterapeuta,55.63
psicoterapia,265.79
psicoterapéutica,18.54
psicoterapéutico,135.99
psicotraumatología,43.27
psicóloga,30.91
psicólogo,80.36
psicólogos,117.44
psicótico,228.71
psique,18.54
psiquiatra,426.51
psiquiatría,241.07
psiquis,37.09
psiquismo,30.91
psiquiátrica,18.54
psiquiátrico,500.68
psychiatric,18.54
psychiatry,80.36
psychological,148.35
psychologie,111.26
psychologist,30.91
psychology,618.13
psíquico,587.22
pubertad,92.72
pulpo,86.54
pulsional,24.73
pulsión,210.16
puntaj,43.27
págs,111.26
pánico,80.36
pávlov,30.91
pérdida,18.54
queja,61.81
querido,80.36
quetiapina,18.54
racional,389.42
racionalidad,55.63
racionalista,74.18
rama,636.67
ramas,37.09
rasgo,704.67
rata,111.26
raven,43.27
razonable,43.27
razonamiento,445.05
razonar,92.72
reaccionar,117.44
reacción,469.78
reactividad,61.81
realidad,24.73
recaptación,123.63
recaída,148.35
recetar,30.91
reciprocidad,37.09
recomendar,197.8
recompensa,210.16
reconocer él,55.63
recuadro,18.54
recuerdo,191.62
recurrencia,30.91
recurrente,191.62
recíproco,67.99
reduccionismo,43.27
reduccionista,30.91
reducción,271.98
reducir él,49.45
redundar,18.54
reencarnación,49.45
reestructuración,148.35
referencial,24.73
referido,98.9
referir,741.75
reflejar,315.24
reflejo,80.36
refuerzo,142.17
refutación,18.54
regresivo,24.73
regresión,74.18
regulación,160.71
rehabilitación,111.26
relacionado,1446.42
relacional,55.63
relacionar,500.68
relacionar él,80.36
relación,2936.1
relajación,92.72
relajar él,18.54
relevante,426.51
religion,265.79
religiosidad,74.18
religious,111.26
religión,1038.45
remisión,55.63
remitir,49.45
rendimiento,346.15
repentino,67.99
repetido,74.18
repetir él,30.91
repetitivo,86.54
replantear,18.54
replicar,55.63
reporte,49.45
representacional,24.73
reprimido,86.54
requerir,599.58
resiliencia,49.45
resistente,142.17
resolución,321.43
resolver,426.51
resonancia,86.54
respiración,55.63
responder,630.49
responsabilidad,271.98
respuesta,55.63
resurrección,154.53
retardado,24.73
retardo,24.73
reto,135.99
revelación,117.44
revisado,55.63
revisión,321.43
riesgo,896.28
riguroso,86.54
ritual,49.45
robot,123.63
robótica,86.54
rogers,117.44
rotter,37.09
rubin,30.91
rutina,61.81
rutinario,37.09
saber,24.73
sabiduría,49.45
sabio,37.09
sacks,30.91
sage,55.63
salud,414.15
saludable,173.08
sanar,24.73
sanitario,18.54
sano,173.08
satisfacción,148.35
satisfacer,203.98
satisfactorio,55.63
satori,117.44
scale,18.54
schneider,49.45
secreción,37.09
secta,43.27
secuencial,30.91
segmentación,24.73
seguimiento,142.17
selectivo,166.89
self,55.63
seligman,67.99
semántico,86.54
sensación,352.33
sensorial,327.61
sentar,117.44
sentida,18.54
sentido,1576.22
sentimiento,18.54
sentimientos,18.54
sentir,679.94
sentir él,92.72
sepa,30.91
serotonina,123.63
sesgo,129.81
setenta,61.81
severo,166.89
sexo,364.7
sexual,970.46
sexualidad,253.43
sicología,18.54
sigla,179.26
sigmund,333.79
significación,49.45
significado,37.09
significante,74.18
significativo,587.22
simbólico,290.52
similitud,166.89
simio,49.45
simposio,24.73
sinapsis,43.27
sinceridad,24.73
sincero,37.09
sintomatología,30.91
sináptico,80.36
sistematizado,18.54
sistematizar,30.91
sistemático,284.34
sistémico,105.08
situacional,30.91
situación,1656.58
skinner,111.26
sobrellevar,30.91
sobrenatural,111.26
social,4475.24
socialización,86.54
societies,24.73
sociobiología,24.73
sociocultural,160.71
socioeconómico,55.63
sociología,129.81
sociológico,30.91
socrático,43.27
sofisticado,55.63
solomon,55.63
solucionar,74.18
somatización,37.09
somatomorfo,43.27
somático,105.08
sostener,543.95
spearman,37.09
stern,43.27
sternberg,18.54
stevens,49.45
subconsciente,18.54
subdisciplina,37.09
subespecialidad,86.54
subjetividad,74.18
subjetivo,284.34
subproducto,74.18
subrayar,80.36
subtipo,67.99
subyacente,203.98
subyacer,24.73
succionar,30.91
suceso,389.42
sueño,1242.44
sufrimiento,135.99
sugerido,30.91
sugerir,951.92
sugestión,37.09
suicida,210.16
suicidio,222.53
sujeto,927.19
superfluo,43.27
supervivencia,210.16
superviviente,80.36
superyó,123.63
suposición,61.81
support,49.45
supuesto,129.81
surgimiento,98.9
surgir,828.29
susceptible,43.27
suscitar,43.27
sustancia,438.87
sustantivo,24.73
sustentado,30.91
sustentar,67.99
sustrato,61.81
síndrome,37.09
síntesis,30.91
síntoma,1891.47
síntomas,43.27
tabaquismo,49.45
tacto,55.63
tarea,896.28
tdah,55.63
temido,30.91
temor,160.71
temperamento,98.9
temprano,315.24
tendencia,642.85
tender,438.87
teorización,24.73
teorizar,30.91
teoría,98.9
teorías,30.91
tept,259.61
terapeuta,846.83
terapia,364.7
terapias,74.18
terapéutico,500.68
terminal,80.36
terminología,61.81
tesis,265.79
test,129.81
testamento,92.72
testosterona,24.73
tests,18.54
teórico,55.63
theodor,49.45
theory,111.26
therapy,80.36
thorndike,55.63
thought,43.27
timo,18.54
tinbergen,49.45
tipología,67.99
tolerancia,80.36
toma,290.52
toward,37.09
traición,197.8
trance,43.27
transaccional,203.98
transdisciplinario,55.63
transferencia,216.34
transformacional,37.09
trasmitir,24.73
trastorno,395.6
trastornos,296.7
tratamiento,43.27
tratar,945.73
tratar él,86.54
trauma,185.44
traumática,55.63
traumático,24.73
treatment,43.27
tricíclico,55.63
triste,61.81
tristeza,123.63
tríada,43.27
tácito,43.27
técnica,1242.44
término,1761.66
tópico,49.45
ulric,30.91
ulterior,49.45
umbral,160.71
unidireccional,18.54
unipolar,43.27
universal,185.44
universalidad,37.09
universitat,43.27
urgencia,185.44
utilidad,117.44
vago,37.09
validación,55.63
validada,24.73
validado,49.45
validar,61.81
validez,370.88
valoración,148.35
valorar,142.17
varela,105.08
variabilidad,67.99
variable,284.34
vea él,117.44
vejez,37.09
veracidad,37.09
verbal,401.78
verdad,30.91
vergüenza,105.08
verificable,18.54
verificación,61.81
vicario,24.73
victimología,37.09
vigilia,49.45
viktor,74.18
vincular,142.17
violado,18.54
visión,723.21
vista,618.13
visual,296.7
vital,290.52
vittorio,55.63
vivencia,80.36
vivido,80.36
vocablo,49.45
vocacional,49.45
vulnerabilidad,117.44
vygotski,117.44
válido,129.81
véase,24.73
víctima,723.21
vínculo,210.16
waal,24.73
watson,86.54
weber,49.45
wechsler,74.18
wernicke,74.18
wertheimer,24.73
wilfred,55.63
wilhelm,179.26
winnicott,37.09
witmer,74.18
wolpe,49.45
wundt,197.8
ámbito,686.12
ánimo,605.76
énfasis,284.34
ética,43.27
ético,234.89
índole,37.09
ítem,154.53
útil,327.61
ψυχή,18.54
