abba,43.7
abogar,174.78
abordado,32.77
abordar,360.49
abreviar,43.7
abstracción,87.39
abstract,207.56
abstracta,43.7
abstracto,131.09
acercamiento,98.32
acotado,87.39
actividad,2010.01
activo,633.59
acumulación,229.4
acumulado,87.39
acumulativo,32.77
acuñar,120.16
adam,174.78
adaptar él,87.39
adquisición,229.4
adquisitivo,54.62
afectar,480.65
afirmación,174.78
agente,1518.43
agotamiento,54.62
agrario,163.86
agregación,54.62
agregada,65.54
agregado,360.49
agricultura,436.96
agrícola,65.54
ahorrar,76.47
ahorro,491.58
ajeno,76.47
ajustado,65.54
ajustar,142.01
ajuste,131.09
aleatorio,163.86
alfred,294.95
algoritmo,196.63
allais,54.62
almacenamiento,142.01
alterar,131.09
alternativa,294.95
alternativo,371.41
altruismo,43.7
altruista,98.32
alza,98.32
amartya,54.62
ambiental,524.35
amortización,43.7
amos,65.54
analizado,43.7
analizar,928.54
analysis,174.78
analítico,152.94
anglosajón,87.39
antropología,65.54
antropólogo,65.54
análisis,469.73
análogo,76.47
aplicable,76.47
aplicación,1059.62
aplicado,830.22
aplicar,961.31
aplicar él,76.47
aportación,163.86
aporte,109.24
applications,32.77
applied,76.47
approach,43.7
aprendizaje,218.48
apropiado,109.24
apropiar,54.62
aproximación,371.41
aras,32.77
argumentar,491.58
argumento,229.4
arrow,98.32
asignación,535.27
asimetría,163.86
asimétrico,142.01
asociado,491.58
aspecto,917.61
asunción,76.47
auge,120.16
aumann,43.7
aumentar,1092.39
aumento,677.28
automatización,43.7
avance,294.95
axioma,120.16
azar,98.32
balance,109.24
balanza,98.32
banca,294.95
bancario,830.22
bancarrota,54.62
banco,862.99
bancos,196.63
bank,382.34
banquero,76.47
barato,98.32
barrera,131.09
basado,1278.1
basar,742.83
basar él,142.01
baumol,65.54
becker,142.01
behavior,65.54
behavioral,43.7
beneficiar,185.71
beneficio,1125.17
beneficioso,65.54
bernoulli,98.32
bidireccional,32.77
bien,3746.91
bienes,43.7
bienestar,535.27
bioeconomía,54.62
biología,229.4
biológico,174.78
biólogo,109.24
bono,196.63
brue,32.77
bruto,142.01
burbuja,65.54
burocracia,54.62
burocrático,87.39
bursátil,76.47
buscar,994.08
business,109.24
básico,589.89
cajero,54.62
calcular,229.4
cambiant,32.77
cambio,2031.85
camerer,76.47
cantidad,1955.39
capacidad,939.46
capital,1594.9
capitalismo,32.77
capitalista,426.03
captar,76.47
caracterizar él,32.77
carbón,174.78
catástrofe,76.47
causalidad,120.16
centralizado,218.48
centrar,415.11
cero,218.48
cesta,415.11
cheque,54.62
choice,54.62
ciclo,338.64
ciencia,2359.57
circulación,152.94
civilización,316.79
civitas,32.77
cliente,699.13
clásico,983.16
clínico,142.01
coase,284.02
coevolución,54.62
cognición,43.7
cognitiva,54.62
cognitivo,229.4
cohesión,43.7
colaborativo,54.62
colapsar,65.54
colapso,447.88
colectivo,229.4
combinación,633.59
combustible,262.17
comercial,1223.48
comerciante,185.71
comerciar,65.54
comercio,1583.97
commons,131.09
comparación,32.77
comparar,251.25
comparativo,207.56
compatible,142.01
compensación,152.94
compensar,163.86
competencia,688.21
competidor,284.02
competitividad,43.7
competitivo,284.02
complejidad,327.72
complejo,415.11
complementario,131.09
comportamiento,1813.38
comportar,251.25
comportar él,32.77
compra,469.73
comprador,480.65
comprar,535.27
comprensivo,32.77
comprensión,262.17
computacional,436.96
computación,76.47
comunista,152.94
concebir,109.24
concepción,163.86
concepto,1463.81
conceptual,185.71
conclusión,185.71
concreto,251.25
condicionado,54.62
condiciones,32.77
condición,1125.17
conducta,535.27
conductual,294.95
conflictivo,43.7
conjunción,43.7
conjunto,1605.82
conllevar,98.32
conmemorativo,65.54
conocimiento,54.62
consecuencia,633.59
consideración,207.56
considerar él,163.86
consistente,98.32
consumibl,32.77
consumido,131.09
consumidor,2152.02
consumir,207.56
consumo,1256.25
contabilidad,87.39
contable,65.54
contexto,502.5
continuidad,32.77
contraposición,54.62
contrario,262.17
contraste,240.33
convencional,294.95
conveniente,76.47
convergencia,76.47
converger,32.77
convexo,174.78
cooperación,87.39
cooperativa,371.41
cooperativo,611.74
coordinación,371.41
coordinar,120.16
cornelius,54.62
corporación,163.86
corporativo,218.48
correcto,218.48
correlacionado,65.54
corriente,382.34
corto,152.94
coste,1125.17
costes,32.77
costo,54.62
costoso,218.48
cournot,174.78
creative,120.16
creativo,207.56
creciente,393.26
crecimiento,207.56
credit,251.25
crisis,98.32
criterio,305.87
criticar,305.87
crucial,87.39
crédito,819.3
cuadrante,76.47
cualesquiero,32.77
cualitativo,229.4
cuantificar,43.7
cuantitativo,284.02
cuantía,32.77
cuaternario,32.77
cuenta,251.25
cuestionado,43.7
cuestionar,174.78
cuestión,677.28
cuidado,393.26
cultural,972.23
curva,109.24
cálculo,535.27
cápita,65.54
cíclico,76.47
dado,196.63
debate,360.49
decision,152.94
decisions,87.39
decisión,2949.47
decreciente,120.16
decrecimiento,54.62
deducción,54.62
deductivo,87.39
defensor,218.48
deficiencia,65.54
definición,458.81
definido,229.4
definir,917.61
definir él,54.62
definitiva,43.7
deflación,109.24
deliberado,43.7
delinear,32.77
demand,54.62
demanda,1791.53
demandado,131.09
demandar,142.01
democracia,174.78
demografía,43.7
dependencia,196.63
depender,884.84
depreciación,76.47
depresión,87.39
depósito,447.88
derecho,753.75
derivado,294.95
derivar,360.49
desafío,163.86
desarrollo,393.26
descargar,76.47
descendente,65.54
description,207.56
descriptivo,98.32
descuento,76.47
deseable,76.47
deseado,76.47
desembolso,43.7
desempleado,43.7
desempleo,699.13
desequilibrio,54.62
desigual,65.54
desigualdad,284.02
destinatario,65.54
desviación,98.32
detallado,120.16
determinación,131.09
determinado,786.52
determinant,98.32
determinante,76.47
determinar,688.21
determinista,43.7
deuda,480.65
devaluación,98.32
development,229.4
devenir,43.7
diagrama,131.09
dictionary,163.86
diferencial,284.02
diferenciar,207.56
diferir,131.09
dilema,142.01
dimensión,436.96
dinero,65.54
dinámica,54.62
dinámico,393.26
directivo,76.47
disciplina,808.37
discriminación,109.24
discusión,185.71
discutir,185.71
disminución,196.63
disminuir,338.64
disponibilidad,109.24
disponible,906.69
disposición,273.1
distinción,273.1
distinguir,371.41
distinguir él,54.62
distribución,830.22
distribuir él,43.7
distributivo,43.7
divergencia,43.7
dividendo,65.54
divisa,87.39
dominante,207.56
doméstico,218.48
douglas,163.86
duopolio,76.47
duradero,76.47
dynamics,76.47
débil,185.71
débito,32.77
déficit,349.57
dólar,142.01
ecología,185.71
ecológico,578.97
econofísica,32.77
econometría,43.7
economia,43.7
economic,666.36
economics,1715.06
economicus,32.77
economista,1900.77
economistas,294.95
economists,65.54
economy,327.72
economía,3255.34
economías,43.7
económica,251.25
económicas,152.94
económico,371.41
económicos,43.7
ecosistema,163.86
ecuación,360.49
edgeworth,152.94
edition,207.56
educación,994.08
educado,54.62
efectividad,98.32
efectivo,142.01
efecto,54.62
eficaz,131.09
eficiencia,76.47
eficiente,502.5
egoísmo,43.7
egoísta,76.47
ejemplo,3320.88
elasticidad,98.32
elección,98.32
electricidad,196.63
elemental,76.47
elgar,32.77
elsevier,54.62
emergente,87.39
emisor,43.7
empleado,371.41
empleador,76.47
empleo,699.13
empresa,6193.88
empresarial,862.99
empírico,469.73
encuesta,196.63
endeudamiento,43.7
endógeno,76.47
energético,338.64
energía,1234.41
enfatizar,109.24
enfocado,98.32
enfocar,142.01
enfoque,1332.72
engañoso,54.62
engels,109.24
entender,589.89
entendido,65.54
entorno,415.11
entramado,43.7
envío,76.47
equidad,98.32
equilibrado,65.54
equilibrar,43.7
equilibrio,120.16
equitativo,65.54
equity,32.77
equivalencia,65.54
equivalente,240.33
escasez,305.87
escaso,229.4
escoger,152.94
esencial,218.48
especialización,120.16
especificidad,65.54
especulación,87.39
específico,578.97
esperado,327.72
essays,43.7
estabilidad,262.17
estabilizar él,32.77
estable,338.64
estacionario,87.39
estadística,294.95
estadístico,152.94
estatal,557.12
estimación,142.01
estimar,305.87
estocástico,196.63
estrategia,43.7
estrategias,32.77
estratégico,393.26
estricto,131.09
estructurado,87.39
estructural,251.25
estudiado,174.78
estudiar,1551.2
estudio,2665.44
estándar,229.4
estático,131.09
euro,142.01
evaluación,87.39
evaluar,251.25
evaluar él,32.77
evidente,131.09
evolucionar,174.78
evolución,436.96
evolution,65.54
evolutiva,43.7
evolutivo,775.6
exacto,142.01
examinar,338.64
excedent,54.62
excedente,65.54
excesivo,109.24
exceso,120.16
excluir,98.32
exclusión,98.32
excluyente,54.62
exhaustivo,76.47
existencia,633.59
existente,338.64
expectativa,349.57
expensas,54.62
experimental,316.79
experimento,415.11
explicación,305.87
explicado,32.77
explicar,1048.7
explicar él,43.7
explicativo,32.77
explotación,32.77
explícito,207.56
exportación,273.1
exportador,43.7
extensivo,109.24
externalidad,251.25
extractiva,32.77
exógeno,87.39
eólico,76.47
factible,54.62
factor,1485.66
farmacéutico,76.47
favorecer,196.63
fehr,32.77
fenómeno,786.52
feudalismo,32.77
fiduciario,43.7
fijación,87.39
fijado,65.54
fijar,174.78
fijo,371.41
finance,142.01
financiación,284.02
financiado,76.47
financiar,142.01
financiera,43.7
financieras,32.77
financiero,43.7
finanza,557.12
finanzas,98.32
finito,120.16
firm,32.77
fiscal,251.25
fisher,98.32
fluctuación,87.39
flujo,284.02
focalizar,32.77
fomentar,142.01
fondo,262.17
formal,327.72
formalizar,152.94
formulación,262.17
formular,163.86
forzoso,65.54
foundation,98.32
foundations,54.62
friedman,284.02
friedrich,163.86
fría,76.47
funcional,218.48
funcionamiento,371.41
función,2053.7
fundamental,600.82
fundamentar,76.47
fundamento,229.4
fundamentos,87.39
físico,611.74
fósil,142.01
galbraith,76.47
game,273.1
games,163.86
ganancia,589.89
garantizado,54.62
garantizar,305.87
garantía,142.01
gastado,54.62
gastar,163.86
gasto,720.98
generalización,65.54
generalizado,109.24
generalizar,76.47
generar,862.99
geografía,218.48
georg,109.24
gestionar,218.48
gestión,753.75
global,480.65
globalización,142.01
growth,54.62
grupal,43.7
gubernamental,294.95
gunnar,43.7
handbook,131.09
hayek,54.62
herbert,152.94
herman,65.54
herramienta,655.44
heterogéneo,65.54
heurística,43.7
heurístico,43.7
hincapié,98.32
hipoteca,76.47
hipotético,109.24
hipótesis,458.81
homogéneo,76.47
horizontal,163.86
hotelling,54.62
humano,1649.52
hurwicz,65.54
idea,1048.7
ignorar,174.78
igualar,98.32
ilimitado,109.24
ilustrar,152.94
impacto,469.73
imperfecto,185.71
implementar,163.86
implicación,207.56
implicado,152.94
implicancia,32.77
implicar,994.08
implícito,76.47
importación,284.02
importe,43.7
imposibilidad,54.62
imposible,152.94
impositivo,54.62
impuesto,611.74
incentivar,54.62
incentivo,382.34
incertidumbre,371.41
incierto,76.47
incipiente,54.62
inclusivo,65.54
incompleto,87.39
inconsistencia,32.77
inconsistente,32.77
incorrecto,65.54
incremental,43.7
incrementar,218.48
incremento,327.72
indicador,163.86
indicativo,43.7
indiferencia,393.26
indiferente,54.62
indirecto,120.16
individual,710.06
individualismo,54.62
individualista,65.54
individuo,43.7
inductivo,54.62
industria,1092.39
industrial,873.92
industrialización,76.47
ineficiencia,65.54
ineficiente,43.7
inevitable,87.39
inferir,43.7
infinitesimal,43.7
infinito,54.62
inflacionario,43.7
inflación,797.45
influenciada,43.7
influenciar,98.32
influir,338.64
información,2326.8
informado,87.39
informal,131.09
informe,65.54
informática,185.71
informático,152.94
ingreso,1507.5
inherente,76.47
inmobiliario,273.1
inmuebl,54.62
innovación,404.19
input,284.02
inputs,109.24
insolvencia,32.77
insostenible,32.77
institucional,426.03
institución,841.14
institutions,32.77
insuficiente,98.32
insumo,305.87
intangibl,54.62
integración,174.78
integral,142.01
intellectual,32.77
intensivo,87.39
interacción,633.59
interactuar,109.24
intercambiabl,32.77
intercambiado,32.77
intercambiar,152.94
intercambio,797.45
interconexión,43.7
interdependencia,54.62
interdisciplinario,87.39
interesar,131.09
interno,589.89
interrelación,120.16
intersección,109.24
intertemporal,43.7
interés,1398.27
introducción,142.01
introducir,688.21
inversionista,76.47
inversión,109.24
inversor,174.78
invertido,76.47
invertir,316.79
investigación,1234.41
investment,43.7
inviable,32.77
involuntario,43.7
irracional,54.62
irrelevante,43.7
jerarquizada,43.7
jerarquía,98.32
jevons,120.16
journal,382.34
juego,207.56
jurídico,360.49
justificar,120.16
justo,120.16
kahneman,207.56
kaldor,43.7
karl,316.79
kenneth,185.71
keynes,251.25
keynesianismo,43.7
keynesiano,76.47
keynesián,76.47
knapp,98.32
koopmans,65.54
kreps,54.62
kropotkin,87.39
krugman,65.54
laboral,764.68
legal,436.96
leonid,87.39
lerner,43.7
lexicográfico,43.7
liberalismo,87.39
liberalización,43.7
licencia,862.99
limitación,327.72
limitado,535.27
lineal,338.64
link,76.47
liquidez,65.54
literature,87.39
localización,120.16
loewenstein,43.7
lucrativo,43.7
lucro,131.09
léon,54.62
lógica,131.09
lógico,273.1
macmillan,54.62
macro,65.54
macroeconomic,32.77
macroeconomía,174.78
macroeconómico,491.58
making,76.47
management,76.47
manera,109.24
mankiw,32.77
manual,120.16
manufactura,142.01
manufacturero,54.62
maquinaria,76.47
marco,535.27
marginal,655.44
marginalista,43.7
market,76.47
marketing,142.01
markets,65.54
marshall,120.16
marx,284.02
marxista,131.09
matemática,404.19
matemáticas,65.54
matemático,131.09
materia,491.58
material,196.63
mathematical,131.09
mathematics,65.54
maximización,185.71
maximizar,633.59
maynard,185.71
mecanismo,677.28
medible,32.77
medida,1398.27
medido,65.54
medioambiental,87.39
mejoramiento,54.62
mejorar él,43.7
mercadeo,54.62
mercader,54.62
mercado,131.09
mercados,43.7
mercancía,480.65
mercantil,76.47
mercantilismo,54.62
meta,142.01
metodología,262.17
metodológico,174.78
metáfora,54.62
michel,142.01
micro,65.54
microeconomía,185.71
microeconómica,109.24
microeconómico,316.79
milgrom,43.7
mill,98.32
milton,142.01
minería,87.39
minimización,54.62
minimizar,76.47
minorista,76.47
mises,54.62
mitchell,152.94
mitigar,43.7
modelado,54.62
modelar,382.34
modelización,54.62
modelizar,32.77
modelo,174.78
modelos,109.24
models,65.54
moderno,1059.62
moneda,841.14
monetaria,98.32
monetario,98.32
monetarismo,65.54
monetary,65.54
money,120.16
monopolio,229.4
monto,65.54
moral,65.54
morgenstern,131.09
motivación,98.32
movements,32.77
multidisciplinar,54.62
multinacional,54.62
multiplicar,120.16
multiplicar él,32.77
mutualista,109.24
mutuo,196.63
myerson,76.47
myrdal,54.62
método,1278.1
métrico,54.62
móvil,1048.7
nación,415.11
nash,502.5
natural,1179.79
naturaleza,699.13
necesario,950.38
necesidad,1114.24
negativo,349.57
negociación,229.4
negociado,54.62
negociar,120.16
negocio,546.2
neoclásico,43.7
neto,316.79
neumann,338.64
neurociencia,87.39
nicholas,98.32
nivel,2075.55
nobel,327.72
noción,142.01
nominal,109.24
norma,338.64
normativo,262.17
notación,152.94
numérico,196.63
nótese,87.39
objetividad,43.7
objetivo,240.33
obligación,174.78
observable,43.7
observado,120.16
obtención,131.09
obtener él,54.62
ocde,163.86
ochenta,76.47
ocio,316.79
ocupar él,43.7
oferta,1332.72
ofrecido,131.09
oligopolio,196.63
opción,480.65
optimalidad,32.77
optimización,458.81
optimizar,98.32
ordinal,54.62
organizacional,142.01
organización,2272.18
organization,65.54
organizativo,163.86
orientar,98.32
oskar,98.32
output,32.77
outputs,152.94
pagado,65.54
pagar,622.67
pago,808.37
pagos,65.54
palgrave,218.48
paradigma,76.47
paradoja,109.24
parcial,251.25
pareto,174.78
paridad,54.62
participante,393.26
participativo,87.39
particular,546.2
parámetro,229.4
pasivo,87.39
pearson,43.7
pendiente,76.47
pensador,120.16
pensamiento,43.7
percepción,174.78
percibido,43.7
perfecto,480.65
perjuicio,54.62
perspectiva,491.58
perspectivas,32.77
perspectives,32.77
pesca,76.47
pesquero,98.32
pesquería,43.7
petróleo,284.02
pharmacoeconomics,43.7
piotr,76.47
planeación,32.77
planificación,54.62
planificado,404.19
planificador,76.47
planteado,54.62
plantear,273.1
plausibl,32.77
plazo,720.98
polanyi,65.54
policy,109.24
political,174.78
política,1999.08
ponderado,43.7
population,32.77
posguerra,109.24
posibilidad,502.5
posibilitar,65.54
posible,480.65
positivo,710.06
postulado,98.32
potencial,185.71
precio,54.62
predecibl,32.77
predecir,316.79
predicción,251.25
preferencia,830.22
preferencias,109.24
preferido,98.32
preferir,415.11
premisa,76.47
presunción,32.77
presuponer,65.54
presupuestaria,76.47
presupuestario,360.49
preview,87.39
primo,207.56
princeton,131.09
principio,87.39
principios,109.24
privado,1562.12
privatización,109.24
probabilidad,720.98
probar,316.79
problema,76.47
problemática,65.54
proceso,1922.61
producción,4151.1
productividad,415.11
productivo,622.67
producto,43.7
profundización,43.7
profundizar,65.54
progreso,131.09
propiedad,1682.29
propietario,294.95
proponent,43.7
proponer,633.59
proporcionar,1005
proporción,163.86
proposición,76.47
propuesto,142.01
prosperity,32.77
proteccionismo,32.77
proveedor,218.48
proveer,152.94
provisión,98.32
práctica,731.9
práctico,327.72
préstamo,458.81
psicología,305.87
public,109.24
puro,262.17
puzzle,32.77
pérdida,447.88
público,2042.78
racional,895.76
racionalidad,65.54
ragnar,54.62
rama,578.97
ramsey,65.54
randall,54.62
rational,65.54
razonable,65.54
razonamiento,131.09
real,1212.56
realidad,655.44
recesión,174.78
reciclaje,43.7
reciprocidad,109.24
recompensa,240.33
recurso,2359.57
recíproco,76.47
redefinir,65.54
redistribución,43.7
reducción,240.33
reducir,731.9
reestructuración,65.54
regalo,469.73
regir,131.09
regla,611.74
regresión,43.7
regulación,273.1
regulado,65.54
regulador,54.62
reinhard,54.62
reintegrar,32.77
relacionado,1092.39
relacionar,251.25
relación,54.62
relajar,32.77
relativo,338.64
relevante,316.79
remuneración,98.32
remunerar,32.77
rendimiento,426.03
renovable,273.1
renta,54.62
rentabilidad,218.48
rentable,87.39
reportar,185.71
representar él,54.62
requerido,98.32
reserva,349.57
residuo,120.16
resolver,327.72
resolver él,43.7
resource,65.54
respectar,65.54
responsabilidad,262.17
restricción,644.51
restrictivo,43.7
resultado,1911.69
resultante,142.01
reto,87.39
retorno,185.71
retroalimentación,43.7
review,218.48
revisado,65.54
riesgo,655.44
riguroso,174.78
riqueza,568.05
robinson,163.86
ronald,131.09
rosen,43.7
roth,76.47
sachs,43.7
salarial,87.39
salario,830.22
salud,611.74
samuelson,142.01
sanitario,251.25
satisfacción,382.34
satisfacer,415.11
schultz,43.7
schumpeter,120.16
scope,32.77
sector,1758.76
secuencial,98.32
securities,32.77
seguro,142.01
selten,87.39
sentar,109.24
sentido,731.9
servicio,2840.23
sesgo,98.32
setenta,65.54
señalar,491.58
shapley,43.7
sharpe,32.77
shock,43.7
simon,251.25
simple,404.19
simplificación,98.32
simplificado,65.54
simplificar,76.47
simplista,32.77
simulación,109.24
simultáneo,76.47
simétrico,98.32
sistema,4107.4
sistemas,120.16
sistematización,32.77
sistemático,207.56
sistémico,43.7
situación,1037.78
smith,513.43
soberano,76.47
sobreexplotación,32.77
social,447.88
socialismo,753.75
socialista,262.17
socialización,32.77
sociedad,1769.68
socioeconómico,131.09
sociología,98.32
sociológico,109.24
sociólogo,87.39
sofisticado,65.54
soft,54.62
software,469.73
solow,109.24
solución,786.52
solvencia,32.77
sostener,458.81
sostenibilidad,174.78
sostenible,54.62
sostenido,98.32
springer,76.47
statistics,43.7
stigler,43.7
stock,109.24
subasta,644.51
subcampo,65.54
subconjunto,76.47
subdisciplina,65.54
subestimar,43.7
subjetivo,262.17
subordinación,32.77
subsidio,109.24
subsistema,163.86
subyacente,87.39
sucursal,98.32
sugerencia,120.16
sujeto,163.86
suma,316.79
suministro,174.78
supervisión,109.24
supervivencia,87.39
superávit,174.78
suponer,775.6
suposición,185.71
supuesto,294.95
surgimiento,152.94
sustancial,98.32
sustitución,327.72
sustituibilidad,65.54
sustituto,65.54
síntesis,43.7
tangible,54.62
tarifa,98.32
tasa,1310.87
tecnología,852.07
tecnologías,87.39
tecnológico,447.88
telecomunicación,76.47
tendencia,284.02
tender,469.73
teorema,120.16
teoría,546.2
terciario,65.54
terminología,76.47
teórico,87.39
thaler,98.32
theory,622.67
thorstein,43.7
tinbergen,54.62
tjalling,43.7
toma,622.67
tomador,32.77
total,87.39
trabajador,87.39
trabajo,196.63
trade,120.16
transacción,1081.47
transferencia,207.56
transformación,316.79
transición,218.48
transitorio,54.62
trascender,65.54
trazar,87.39
trimestral,32.77
trivial,65.54
tucker,65.54
tversky,131.09
técnica,589.89
término,1594.9
umbral,163.86
utilidad,2173.87
utilización,327.72
utópico,54.62
validar,43.7
validez,76.47
valor,3255.34
valoración,109.24
valorar,163.86
variable,152.94
variación,327.72
vea él,109.24
veblen,43.7
vector,207.56
vectorial,76.47
vendedor,218.48
ventaja,273.1
verde,513.43
vernon,120.16
viceversa,65.54
vilfredo,32.77
visión,382.34
vista,655.44
vivienda,578.97
voluntario,109.24
válido,163.86
vías,54.62
walras,218.48
weber,76.47
wolff,43.7
work,98.32
énfasis,174.78
ético,196.63
índice,131.09
óptica,54.62
óptimo,32.77
útil,273.1
