abaratamiento,14.17
abet,14.17
abocar,14.17
abonado,24.8
abono,35.42
abreviatura,35.42
absorbente,28.34
absorber,152.31
absorción,113.35
abstracción,53.13
academias,21.25
accesibl,49.59
accesorio,74.39
access,24.8
accidental,38.96
accionamiento,14.17
accionar,31.88
aceleración,49.59
acelerador,46.05
acelerar,123.98
acelerómetro,31.88
aceptable,106.27
acera,42.51
acomodar,31.88
acondicionado,42.51
acondicionamiento,28.34
aconsejable,14.17
acoplada,10.63
acoplado,67.3
acoplamiento,10.63
acoplar,24.8
acoplar él,10.63
acorn,46.05
acreditación,28.34
acrónimo,49.59
activación,155.86
activado,127.52
activador,24.8
activar,332.97
activar él,21.25
actuador,67.3
actualizable,10.63
actualización,170.03
actualizar,116.89
acueducto,77.93
acumulación,81.47
acumulador,14.17
acuífero,21.25
acuós,17.71
acústica,10.63
adaptabilidad,10.63
adaptador,81.47
adaptar,205.45
adaptar él,123.98
adaptativo,60.22
adecuación,28.34
adecuado,626.97
adecuar,53.13
adelgazamiento,14.17
adherencia,21.25
adherido,28.34
adición,113.35
aditivo,35.42
adsl,14.17
adsorción,28.34
advance,46.05
advanced,53.13
adverso,63.76
aerobia,10.63
aerobio,42.51
aerodinámico,56.68
aeroespacial,28.34
aeronave,460.49
aeronáutica,46.05
aeronáutico,21.25
aeroportuario,24.8
aerosol,46.05
aeróbico,74.39
afectar,417.98
agarre,28.34
agreement,14.17
agregado,35.42
agricultura,265.67
agroforestal,46.05
agroforestería,46.05
agroindustrial,38.96
agroindustrias,35.42
agroindustrio,10.63
agronómica,28.34
agrícola,116.89
agua,2642.49
aguja,187.74
ahorrar,49.59
ahorro,74.39
aiche,14.17
aided,14.17
aiff,14.17
airbag,42.51
aire,651.77
aireación,28.34
aislante,42.51
aislar,63.76
ajustabl,14.17
ajustar,212.53
ajustar él,38.96
ajuste,162.94
alambre,31.88
albedo,38.96
alcantarillado,77.93
alcanzabl,10.63
aleación,70.84
aleatorio,230.24
alelo,46.05
alexa,28.34
algorithm,49.59
algorithms,56.68
algoritmo,10.63
algoritmos,56.68
alimentación,74.39
alimentado,42.51
alimentaria,28.34
alimentario,187.74
alimenticio,74.39
alimento,1020.16
alimentos,42.51
alineación,74.39
alineado,56.68
alineamiento,17.71
almacenado,77.93
almacenaje,17.71
almacenamiento,53.13
almacenar,425.06
almacenar él,35.42
altavoz,24.8
alteración,88.56
alterado,60.22
alterar,152.31
alternador,70.84
alternativa,226.7
alterno,74.39
alumbrado,28.34
aluminio,134.6
amazon,95.64
ambiental,109.81
ambientales,24.8
ambiente,127.52
amigable,24.8
aminoácido,56.68
amorfo,21.25
amortiguación,14.17
amplificación,70.84
amplificador,99.18
amplificar,42.51
amplitud,113.35
anaerobio,35.42
anaeróbico,42.51
analizar,258.58
analysis,35.42
analítica,21.25
analítico,56.68
analógica,46.05
analógico,258.58
anatómica,17.71
ancha,14.17
anclaje,46.05
anclar,17.71
andamio,28.34
android,138.15
angiogénesis,17.71
animal,116.89
anodizado,14.17
anormal,38.96
ansi,28.34
antena,332.97
anteproyecto,21.25
antibiótico,49.59
antibloqueo,10.63
antorcha,31.88
antígeno,31.88
análisis,743.86
análogo,56.68
apagado,35.42
aparato,332.97
aparcamiento,38.96
aplicable,42.51
aplicaciones,42.51
aplicación,2412.24
aplicadas,17.71
aplicado,361.3
aplicar,828.88
aplicar él,74.39
apoptosis,35.42
apple,407.35
application,35.42
applications,31.88
applied,21.25
approach,46.05
apropiado,134.6
aprovechable,17.71
aprovechamiento,123.98
aprovechar él,21.25
aproximación,244.41
aptitud,152.31
apto,70.84
arabidopsis,17.71
arbitrario,56.68
arbóreo,24.8
architecture,109.81
archivo,456.94
arquitectura,1218.52
arrastre,10.63
artefacto,95.64
artificial,46.05
asegurar,364.85
asic,14.17
asignatura,46.05
asimétrico,77.93
asistido,85.01
asme,17.71
aspecto,595.09
assembly,21.25
assessment,113.35
astillero,81.47
atacante,81.47
atenuación,81.47
atenuar,17.71
aterrizaje,116.89
atmel,24.8
atmosférico,180.65
atmósfera,442.78
atmósfero,10.63
audibl,24.8
audible,17.71
audio,180.65
auditivo,28.34
auditoría,24.8
audífono,10.63
aumentar,981.19
aumento,31.88
auricular,148.77
autenticación,56.68
autoconsumo,14.17
automatic,17.71
automation,17.71
automatización,28.34
automatizada,24.8
automatizado,77.93
automatizar,35.42
automoción,10.63
automotive,21.25
automotriz,173.57
automática,10.63
automático,449.86
automóvil,602.17
autorregulado,10.63
autómata,31.88
available,14.17
avalancho,10.63
avance,410.9
avanzado,251.5
aviónica,14.17
azar,63.76
aéreo,485.28
babbage,21.25
bacteria,286.92
bacteriana,24.8
bacteriano,35.42
bacteriológico,17.71
bacteriófago,14.17
balance,67.3
baliza,14.17
balsa,49.59
barato,194.82
barca,38.96
bardeen,10.63
basado,1399.17
based,53.13
basic,46.05
basura,17.71
batería,467.57
beam,21.25
beer,24.8
bell,131.06
beneficio,371.93
beneficioso,67.3
berliner,38.96
bici,120.43
bicicleta,396.73
bidimensional,49.59
bidireccional,38.96
binario,21.25
biocompatibl,28.34
biocompatible,24.8
biodegradabl,28.34
biodegradable,17.71
biodegradación,17.71
biodisponibilidad,14.17
biodiversidad,53.13
biofísico,10.63
biogás,21.25
bioinformática,24.8
bioingeniería,14.17
biological,42.51
biología,60.22
biológico,662.39
biomasa,166.48
biomaterial,70.84
biomecánica,17.71
biomedical,21.25
biomedicina,17.71
biomimetismo,14.17
biomédica,24.8
biomédico,159.4
biométrico,17.71
biopelícula,35.42
bioquímica,14.17
bioquímico,53.13
biorreactor,49.59
biorremediación,109.81
biosensor,42.51
biota,14.17
biotecnología,42.51
biotecnológico,38.96
bitcoin,38.96
bits,70.84
biónica,42.51
biónico,60.22
biótico,35.42
bloque,563.21
bloqueado,49.59
bluetooth,74.39
bobina,56.68
bocina,46.05
bolsillo,60.22
bombear,21.25
bombeo,60.22
boquilla,21.25
bordillo,10.63
boreal,24.8
bosque,899.72
botón,131.06
brattain,10.63
braun,49.59
brea,10.63
brote,155.86
bruto,67.3
bucle,42.51
buses,17.71
byte,102.72
bytes,17.71
básico,531.33
búsqueda,354.22
cabezal,38.96
cable,683.65
cableado,35.42
caché,70.84
cadmio,24.8
calafatear,17.71
calcio,116.89
calcular,279.83
calefacción,106.27
calentador,24.8
calentamiento,152.31
calentar,170.03
calibrar,17.71
calidad,38.96
caliente,177.11
calmado,14.17
calor,722.61
calorífico,21.25
calzada,81.47
cambiant,21.25
cambios,14.17
caminos,38.96
campo,1650.67
canal,1214.98
canalización,17.71
canceroso,17.71
cancerígeno,24.8
cantidad,1289.36
capa,38.96
capacidad,67.3
capacitado,35.42
capacitar,31.88
capaz,733.24
captación,49.59
captado,31.88
captador,49.59
captar,74.39
carabela,14.17
característica,906.8
carbohidrato,38.96
carbon,24.8
carbono,651.77
carbón,212.53
carcasa,46.05
carencia,46.05
carga,825.33
cargar,95.64
caro,95.64
carril,194.82
cascada,74.39
casco,361.3
case,88.56
casero,53.13
caset,24.8
casete,138.15
catabólico,10.63
catalizador,70.84
catalítico,46.05
catapulta,14.17
catastrófico,31.88
caucho,35.42
celda,162.94
cell,46.05
celular,793.45
celulosa,85.01
central,584.46
centralizado,53.13
cepa,60.22
cera,38.96
cerebro,141.69
cerevisiae,60.22
certificación,141.69
champiñón,14.17
chequeo,14.17
chip,393.18
chipset,17.71
chispa,63.76
choque,113.35
chrysler,38.96
cibernética,49.59
cibernético,120.43
ciclabilidad,14.17
ciclo,46.05
ciencia,1119.34
científico,297.55
cifrado,42.51
cifrador,38.96
cifrar,95.64
cilindro,134.6
cimentación,38.96
cinta,294
cinética,14.17
cinético,60.22
circuito,761.57
cisc,53.13
class,46.05
classic,28.34
clave,1246.86
clerk,49.59
clic,42.51
cliente,520.7
climatización,10.63
climatología,14.17
climatológico,14.17
climático,258.58
clon,38.96
clonación,28.34
clorado,17.71
cloud,38.96
clímax,24.8
clínico,145.23
clúster,35.42
coaxial,31.88
cobertura,170.03
cobre,131.06
cocción,38.96
cocina,24.8
codificación,17.71
codificado,92.1
codificar,159.4
coeficiente,17.71
cogeneración,99.18
cognitiva,21.25
cognitivo,152.31
coherente,46.05
cohesivo,14.17
cohesión,49.59
colaborativo,28.34
colateral,24.8
colector,180.65
colegios,31.88
coli,17.71
colisión,159.4
colocación,60.22
colocar él,49.59
combinación,318.8
combinado,173.57
combinar,322.34
combustibl,17.71
combustible,14.17
combustión,145.23
comediscos,10.63
comercialización,85.01
comercializado,46.05
comercializar,109.81
common,35.42
communication,49.59
communications,60.22
comodidad,46.05
compact,35.42
compactación,24.8
compacto,109.81
comparable,49.59
comparación,265.67
comparado,81.47
compatibilidad,99.18
compatible,297.55
compensar,74.39
compilador,67.3
complejidad,230.24
complejo,541.96
complementario,74.39
complex,31.88
componente,46.05
componentes,21.25
comportamiento,17.71
comportar,53.13
compostaje,28.34
comprensible,17.71
compresión,184.19
comprimido,63.76
comprimir,21.25
comprobación,24.8
compuesto,205.45
computacional,212.53
computación,350.68
computador,240.87
computadora,24.8
computarizado,24.8
computer,109.81
computing,63.76
comunicación,1530.23
comunicar él,88.56
concatenación,14.17
concentración,417.98
concentrado,74.39
concentrador,70.84
concepto,779.29
concienciación,17.71
concreto,141.69
concurrente,21.25
condensación,21.25
condensador,60.22
condición,903.26
conducción,138.15
conductividad,28.34
conducto,46.05
conductor,31.88
conectado,223.16
conectar él,74.39
conectividad,24.8
conector,102.72
conexión,616.34
confiabilidad,194.82
confiable,99.18
confidencialidad,21.25
configuraciones,10.63
configuración,17.71
confort,17.71
congelación,35.42
congelado,35.42
congestión,38.96
conllevar,106.27
conmutación,14.17
conmutado,24.8
conmutador,46.05
cono,67.3
conocimiento,56.68
consecución,28.34
conseguir él,28.34
conservancy,10.63
consideración,145.23
consistencia,35.42
consola,138.15
consolidado,31.88
constitutivo,28.34
construcción,102.72
construction,21.25
constructor,67.3
consulting,14.17
consultor,49.59
consultoría,49.59
consumido,63.76
consumidor,255.04
consumo,499.45
contaminación,21.25
contaminado,113.35
contaminant,198.36
contaminante,49.59
contaminar,46.05
contención,46.05
contenedor,77.93
contenido,46.05
continuo,379.02
contrachapado,10.63
contrapart,17.71
contraseña,141.69
control,276.29
controlable,14.17
controlado,184.19
controlador,38.96
controlar,584.46
controller,17.71
convección,35.42
convencional,297.55
conveniente,88.56
convergencia,60.22
conversión,17.71
conversor,42.51
convertidor,74.39
copiar,113.35
copiir,10.63
correa,24.8
corrección,99.18
correctivo,24.8
correcto,251.5
corregir,127.52
correlación,49.59
corriente,538.42
corrosivo,21.25
corrosión,35.42
corta,21.25
corto,74.39
cortocircuito,14.17
cost,49.59
coste,641.14
costo,825.33
costos,31.88
costoso,134.6
coulomb,17.71
covalente,31.88
cpus,17.71
crean,17.71
creative,77.93
crecimiento,704.9
cribado,10.63
criptoanálisis,10.63
criptografía,354.22
criptográfica,88.56
criptográfico,255.04
criptomoneda,28.34
criptosistema,35.42
criptógrafo,35.42
crispr,407.35
criterio,223.16
cromatina,31.88
cromo,21.25
cromosoma,265.67
cromosómico,95.64
cronograma,28.34
crucial,95.64
cryptography,46.05
ctesibio,10.63
cuaderna,35.42
cuantificación,74.39
cuantificar,77.93
cuantitativo,63.76
curva,226.7
curvatura,127.52
curve,21.25
curvo,24.8
cuántico,315.26
cuña,21.25
cybernetics,49.59
cycle,95.64
cálculo,403.81
cápsula,152.31
cátodo,28.34
cáustico,14.17
cáñamo,24.8
célula,31.88
células,70.84
cíclico,70.84
códec,35.42
código,789.91
códigos,28.34
darpa,10.63
datagrama,24.8
dato,2557.47
datos,92.1
dañino,31.88
decimal,35.42
decision,17.71
decodificación,21.25
decodificador,49.59
decodificar,56.68
decreciente,21.25
defecto,131.06
defectuoso,28.34
definición,24.8
definir,609.26
definition,14.17
deforestación,42.51
deforestada,14.17
deformabl,24.8
deformación,155.86
deformar,21.25
degradación,187.74
degradado,53.13
degradar,63.76
degradar él,14.17
degrado,10.63
delantero,499.45
demand,17.71
demanda,464.03
demandado,21.25
demonstration,14.17
demora,28.34
demostración,92.1
dependencia,170.03
dependencias,24.8
depender,889.09
deposición,56.68
depositado,31.88
depositar,77.93
depuración,67.3
depurador,10.63
derivación,60.22
desactivar,28.34
desafío,148.77
desaprovechar,10.63
desarrollado,414.44
desarrollador,148.77
desarrollar,10.63
desarrollo,2490.17
descargar,77.93
descendente,38.96
descentralizado,46.05
descifrado,21.25
descifrar,70.84
descomponer,46.05
desconectar,35.42
desconexión,24.8
descontaminación,24.8
descontinuar,24.8
deseable,85.01
deseado,318.8
desecho,212.53
desgaste,95.64
design,109.81
deslizamiento,60.22
desmontabl,14.17
desperdiciar,14.17
desperdicio,42.51
desplazamiento,173.57
desplegado,31.88
despliegue,120.43
destilación,21.25
destinatario,31.88
desventaja,145.23
desviación,74.39
detección,35.42
detectabl,14.17
detectado,28.34
detectar,361.3
detector,60.22
detergente,38.96
determinado,400.27
diabetes,35.42
diagonal,24.8
diagrama,17.71
diana,38.96
diferenciación,42.51
diferencial,38.96
difús,35.42
digestión,63.76
digital,1271.65
digitalización,21.25
digitalizar,14.17
dijkstra,10.63
dimensionamiento,24.8
dimerización,14.17
dinámica,35.42
dinámico,244.41
diodo,74.39
diqu,35.42
direccionable,17.71
direccional,31.88
direccionalidad,10.63
direccionamiento,70.84
direccionar,17.71
directriz,35.42
disciplina,665.93
disciplinado,21.25
discman,21.25
disco,99.18
discontinuo,21.25
discrete,17.71
discreto,95.64
diseminación,14.17
diseñado,495.91
diseñador,162.94
diseñar,17.71
diseñar él,14.17
diseño,226.7
disipación,42.51
disminución,177.11
disminuir,361.3
disociación,21.25
dispersión,123.98
disponibilidad,10.63
disponible,789.91
disposición,325.88
dispositivo,2011.97
dispositivos,17.71
disruptivo,14.17
distancia,715.53
distribución,708.44
distribuido,240.87
distributed,10.63
disuelto,67.3
disyuntor,49.59
diversificación,24.8
diversificar,31.88
dián,17.71
diésel,24.8
dióxido,294
docencia,14.17
dock,31.88
dolby,428.61
dominio,432.15
dopado,31.88
dosificación,21.25
drenaje,148.77
driver,24.8
drosophila,31.88
drástico,28.34
dsbs,14.17
duplicar,63.76
duplicar él,10.63
durabilidad,42.51
dynamic,17.71
each,14.17
eads,17.71
ecología,81.47
ecológico,279.83
ecosistema,343.59
ects,21.25
ecuación,269.21
ecualizador,21.25
edison,85.01
edsger,10.63
efectividad,67.3
efectivo,262.12
efecto,998.9
efector,24.8
efectora,38.96
efectoro,21.25
eficacia,152.31
eficaz,155.86
eficiencia,21.25
eficiente,481.74
efluent,24.8
efluente,99.18
egresado,38.96
ejecutar,368.39
ejecutar él,60.22
ejemplo,3032.13
elasticidad,46.05
electric,92.1
electrical,31.88
electricidad,804.08
electroacústica,17.71
electroacústico,24.8
electrodo,92.1
electroimán,17.71
electrolito,24.8
electromagnetismo,46.05
electromagnética,123.98
electromagnético,230.24
electromecánica,10.63
electromecánico,187.74
electronics,46.05
electroporación,17.71
electroquímico,109.81
electrólisis,56.68
electrón,155.86
electrónica,81.47
electrónico,963.48
elemento,1218.52
elevado,297.55
eliminación,347.14
eliminar,595.09
elástico,102.72
eléctrica,53.13
eléctrico,2366.19
eléctricos,17.71
embalaje,24.8
embebido,56.68
embedded,17.71
embrión,92.1
emergente,102.72
emisión,538.42
emisor,53.13
empaque,35.42
empaquetar,14.17
empleado,148.77
emplear,573.84
emplear él,38.96
empresarial,120.43
empírico,70.84
emulador,28.34
encabezado,35.42
encapsulación,42.51
encapsulado,35.42
encapsular,31.88
enchufe,10.63
encriptado,10.63
encryption,17.71
ende,42.51
endocrino,17.71
endonucleasa,49.59
endotelial,14.17
endógeno,21.25
energy,131.06
energético,446.32
energía,301.09
energías,17.71
enfocado,99.18
enfocar,166.48
enfocar él,31.88
enfoque,605.72
enfriamiento,63.76
enfriar,35.42
enganchado,28.34
enganchar,17.71
engineer,14.17
engineering,588.01
engineers,106.27
englobar,49.59
engranaje,38.96
enjambr,28.34
enjambre,53.13
enlace,283.38
enrutador,17.71
enrutamiento,31.88
enrutar,14.17
enrutar él,10.63
ensamblado,17.71
ensamblador,14.17
ensamblaje,56.68
ensamblar,56.68
entero,56.68
entorno,626.97
entrante,35.42
entrelazado,35.42
entropía,60.22
entusiasta,42.51
envase,31.88
environment,35.42
environmental,53.13
environments,10.63
envolvent,24.8
envolvente,148.77
envío,88.56
enzima,191.28
epitelial,24.8
equilibrado,38.96
equilibrio,198.36
equiparable,14.17
equipment,28.34
ergonomía,38.96
ergonómico,49.59
erosión,85.01
error,21.25
escala,502.99
escalabilidad,35.42
escalabl,10.63
escalable,17.71
escaneo,14.17
escape,106.27
escherichia,17.71
escindir,21.25
escorrentía,56.68
escritorio,46.05
escucha,70.84
esencial,216.07
esfuerzo,428.61
espacial,552.58
espacio,1275.19
especialidad,223.16
especialización,177.11
especificación,223.16
especificado,67.3
especificar,159.4
especificidad,46.05
espectro,127.52
específico,1005.99
espejo,237.33
espesor,95.64
espuma,24.8
esquelético,17.71
esquema,21.25
estabilidad,17.71
estabilización,38.96
estabilizar,81.47
establishment,10.63
estacionario,31.88
estadístico,106.27
estanco,14.17
estandarización,24.8
estandarizado,42.51
estanqueidad,10.63
estereofónico,28.34
estimular,63.76
estocástico,35.42
estrategia,350.68
estrato,46.05
estratosfera,14.17
estratosférico,14.17
estructuración,21.25
estructurado,46.05
estructural,230.24
estructuras,14.17
estrés,99.18
estudiar él,14.17
estándar,31.88
estándares,53.13
estático,120.43
estéreo,21.25
estímulo,102.72
ethernet,38.96
etiqueta,240.87
etiquetado,21.25
etsi,24.8
eucariota,21.25
evaluación,329.43
evaluar,347.14
evaporación,92.1
evaporar,17.71
evaporar él,14.17
evapotranspiración,10.63
evitación,17.71
evitar,758.03
evolucionar,145.23
evolución,279.83
evolutionary,24.8
evolutivo,208.99
exactitud,53.13
excedente,17.71
exceder,42.51
exigente,28.34
existente,439.23
experimental,60.22
experimento,329.43
exploración,24.8
explotación,17.71
exponencial,28.34
extensivo,38.96
externo,294
extracción,14.17
extracelular,74.39
extraer,205.45
eólico,127.52
fabricación,35.42
fabricado,145.23
fabricante,386.1
fabricar,279.83
fabricar él,24.8
facilidad,134.6
facilitar,364.85
facility,24.8
factibilidad,24.8
factible,67.3
factor,765.12
falciforme,14.17
falla,205.45
fallar,134.6
fallo,336.51
faraday,56.68
farmacéutico,70.84
fatiga,237.33
fenotipo,24.8
fenotípico,14.17
fenómenos,17.71
ferromagnético,10.63
fertilizant,17.71
fiabilidad,116.89
fiable,113.35
fibra,223.16
fichero,191.28
fijación,35.42
fijo,279.83
filamento,46.05
filtración,77.93
filtrar,70.84
filtro,127.52
filtros,10.63
financiamiento,53.13
finito,56.68
fips,10.63
fire,120.43
firewire,24.8
firme,14.17
firmware,14.17
fisicoquímica,14.17
fisicoquímico,28.34
fisiológica,21.25
fisiológico,49.59
fisión,35.42
fisura,49.59
flac,14.17
flash,70.84
flexibilidad,81.47
flexible,113.35
flexión,63.76
flotación,21.25
flotante,74.39
fluctuación,24.8
fluido,272.75
fluidos,14.17
flujo,10.63
fluorescente,17.71
fonógrafo,120.43
food,38.96
forest,113.35
forestación,53.13
forestal,60.22
forestry,14.17
formato,14.17
formatos,28.34
formulación,49.59
forraje,46.05
fortificación,21.25
fosfatasa,14.17
fosforilación,53.13
fosforilar,35.42
fotodiodo,17.71
fotoeléctrico,46.05
fotosíntesis,81.47
fotovoltaica,31.88
fotovoltaico,797
fotón,184.19
foundations,14.17
fowler,24.8
fpga,10.63
fractura,159.4
frame,24.8
framework,31.88
frecuencia,747.41
freescale,35.42
frenado,38.96
freno,127.52
frequency,21.25
fresnel,70.84
fricción,159.4
fritura,10.63
frágil,38.96
fría,28.34
frío,113.35
fuel,14.17
fully,10.63
funcional,216.07
funcionalidad,216.07
funcionamiento,471.11
funcionar,619.89
funciones,35.42
función,24.8
funda,28.34
fundamental,357.76
fundamentals,17.71
fundamento,92.1
fundamentos,28.34
fundida,14.17
fundido,70.84
fundir,35.42
fuselaj,10.63
fácil,269.21
fármaco,102.72
físico,95.64
fósil,123.98
gama,230.24
garantizado,31.88
garantizar,311.71
gartner,10.63
gaseoso,21.25
gasolina,85.01
generación,63.76
generado,304.63
generador,10.63
generalista,24.8
generalizar,35.42
generar,1091
genoma,276.29
genotipo,17.71
genética,116.89
genético,1013.07
genómica,17.71
genómico,67.3
geoestacionario,35.42
geofísica,31.88
geofísico,21.25
geoingeniería,31.88
geología,31.88
geológico,159.4
geometría,92.1
geomática,17.71
geotecnia,38.96
geotécnico,113.35
geotérmico,49.59
germinal,46.05
gestionar,187.74
gestionar él,10.63
gestión,417.98
gestor,53.13
geólogo,60.22
gigabyt,35.42
gigavatio,10.63
giratorio,70.84
global,428.61
glosario,28.34
glucosa,38.96
gnupg,10.63
gota,56.68
gprs,17.71
grabador,38.96
grabadora,31.88
gradiente,28.34
graduado,35.42
grafito,31.88
gramo,63.76
gramófono,162.94
granular,17.71
granularidad,14.17
grasa,60.22
grieta,230.24
grosor,77.93
guardado,28.34
guiado,46.05
guiar,60.22
guía,17.71
génico,141.69
habitabilidad,24.8
habitable,38.96
habitáculo,42.51
haciendo él,14.17
handbook,67.3
hardware,46.05
hash,53.13
hdmi,31.88
hebra,53.13
helióstato,38.96
hematopoyética,10.63
hemofilia,10.63
herbicida,31.88
herramienta,832.42
herramientas,38.96
hertz,77.93
hertziana,28.34
heurística,24.8
hexadecimal,53.13
hexagonal,46.05
hidrocarburo,88.56
hidrodinámica,14.17
hidroeléctrica,21.25
hidroeléctrico,38.96
hidrogel,49.59
hidrogeología,21.25
hidrología,60.22
hidrológico,46.05
hidráulica,21.25
hidráulicas,10.63
hidráulico,247.95
hidrófobo,14.17
hidrógeno,187.74
highway,46.05
higiénico,17.71
hilo,102.72
hitachi,21.25
hojarasca,21.25
holdings,28.34
holístico,31.88
homeostasis,17.71
homogéneo,46.05
homología,14.17
homólogo,53.13
horizontal,159.4
hormiga,276.29
hormona,294
html,21.25
http,21.25
hueca,21.25
humano,226.7
humedad,145.23
humo,67.3
hybrid,28.34
héliz,21.25
híbrido,120.43
hídrico,92.1
idear,56.68
identificación,155.86
identificador,24.8
idoneidad,17.71
idéntico,120.43
idóneo,24.8
ieee,14.17
iluminación,116.89
iluminar,46.05
imitar,85.01
impacto,701.36
impedancia,24.8
impermeable,17.71
implantación,67.3
implantado,21.25
implantar,74.39
implante,14.17
implementación,24.8
implementado,53.13
implementar,584.46
implementar él,38.96
implicar,517.16
impreciso,28.34
impredecibl,10.63
imprescindible,35.42
impresión,17.71
impreso,131.06
impresora,155.86
imprevisto,14.17
imprimibl,17.71
imprimir,74.39
impulso,134.6
inactivación,38.96
inactivo,56.68
inadecuado,35.42
inalámbrica,123.98
inalámbrico,350.68
incentivar,24.8
incentivo,46.05
incertidumbre,46.05
incidencia,60.22
incidir,28.34
incineración,53.13
incinerador,14.17
incompatible,28.34
inconveniente,92.1
incorrecto,63.76
incremental,24.8
incrementar,283.38
incremento,173.57
incrustado,35.42
indicador,123.98
inducción,106.27
inducida,10.63
inducido,70.84
inducir,184.19
industria,123.98
industrial,368.39
industriales,56.68
industrializado,38.96
ineficaz,21.25
ineficiente,28.34
ineludible,17.71
inercia,21.25
inercial,21.25
inert,10.63
inestable,56.68
infiltración,24.8
infineon,14.17
información,2072.19
informática,56.68
informático,386.1
infraestructura,439.23
infrarrojo,35.42
ingenieril,31.88
ingeniero,368.39
ingenieros,549.04
ingeniería,5922.57
ingenierías,14.17
inhibición,46.05
inhibidor,10.63
inhibir,70.84
iniciación,38.96
inicializar,10.63
inmovilización,35.42
inmune,81.47
innovación,152.31
inoculación,10.63
inoculado,10.63
inocular,21.25
inorgánico,35.42
inseguro,31.88
inserción,56.68
insertar,88.56
insolación,21.25
insolubl,17.71
insostenible,21.25
inspección,21.25
instalaciones,35.42
instalación,885.55
instalado,283.38
instantánea,14.17
instantáneo,35.42
institute,159.4
institution,28.34
instrucción,485.28
instrumentación,14.17
instruments,46.05
insulina,81.47
insumo,28.34
integración,184.19
integrado,481.74
integral,38.96
integrated,28.34
integridad,88.56
intel,255.04
inteligente,262.12
intelligence,21.25
intensivo,49.59
interaccionar,28.34
interacción,580.92
interactividad,17.71
interactivo,95.64
interactuar,134.6
interactúir,42.51
intercambiabl,28.34
intercambiador,21.25
interconectado,38.96
interconectar,31.88
interconexión,60.22
interdisciplinario,95.64
interface,35.42
interfaz,70.84
interferencia,194.82
interferir,74.39
internet,56.68
interoperabilidad,21.25
interrelacionada,10.63
interrelacionado,10.63
interrupción,88.56
interruptor,92.1
intervalo,102.72
intracelular,46.05
introducción,56.68
introducir,549.04
introducir él,28.34
intrusión,38.96
intrínseco,46.05
invasivo,21.25
invención,162.94
inventado,28.34
inventar,162.94
invento,116.89
inventor,106.27
inventos,38.96
invernadero,138.15
inversion,17.71
inverso,49.59
inversor,14.17
involucrar,187.74
involuntario,49.59
inyección,123.98
inyectar,77.93
ionizante,14.17
ipcc,21.25
iphone,116.89
ipod,10.63
ipods,24.8
iptv,10.63
irradiación,46.05
irradiancia,14.17
issues,17.71
iteración,145.23
iterativo,38.96
itunes,95.64
iónico,35.42
jacobs,28.34
java,106.27
javascript,21.25
jobs,28.34
jpeg,24.8
kalman,10.63
kbit,28.34
kbps,10.63
kilobyt,10.63
kinasa,35.42
kluwer,14.17
knockout,10.63
knowledge,28.34
kpmg,10.63
laboratories,17.71
laboratorio,92.1
laboratorios,35.42
laboratory,53.13
labs,38.96
laser,21.25
latencia,21.25
lavado,46.05
lavadora,24.8
lazo,138.15
lean,10.63
learn,14.17
learning,28.34
leds,24.8
legible,21.25
lenguaje,28.34
lent,49.59
lento,219.62
lessons,14.17
levadura,88.56
leña,14.17
libreta,21.25
ligando,92.1
ligasa,21.25
lignina,10.63
limitación,233.79
limpieza,14.17
limpio,155.86
lineal,350.68
linealidad,17.71
linear,24.8
lingüística,14.17
linux,123.98
liso,127.52
litio,35.42
liviano,28.34
lixiviación,21.25
lixiviado,17.71
llamada,177.11
localización,152.31
loci,14.17
locomoción,77.93
locus,31.88
lodo,109.81
logic,85.01
logística,17.71
logístico,46.05
lollipop,10.63
longitudinal,60.22
loop,17.71
lossless,24.8
luminoso,92.1
lumínico,21.25
lámina,88.56
láser,85.01
líneas,21.25
lípido,53.13
líquido,113.35
lógica,123.98
lógico,184.19
machinery,14.17
machines,21.25
macintosh,38.96
macro,24.8
macroscópica,10.63
macroscópico,14.17
maderera,10.63
maderero,17.71
magnetismo,38.96
magnetófono,17.71
magnético,233.79
malaria,24.8
maleza,21.25
malicioso,35.42
malla,35.42
malware,21.25
management,162.94
manejar,208.99
manejar él,14.17
manejo,272.75
manera,92.1
manipulación,106.27
manipulador,24.8
manipular,102.72
mantenimiento,499.45
manual,95.64
manufactura,116.89
manufacturing,35.42
mapeo,31.88
maquinaria,28.34
marcapaso,10.63
marconi,258.58
marcos,28.34
marketing,63.76
marte,159.4
master,21.25
matemática,148.77
matemático,332.97
materia,481.74
material,24.8
materiales,88.56
materials,31.88
mathematical,28.34
matlab,10.63
matricial,42.51
matrix,35.42
matriz,31.88
maximización,10.63
maximizar,77.93
maxwell,131.06
mbbr,10.63
mbit,31.88
mccormick,17.71
mecanismo,591.55
mecanización,14.17
mecanizado,17.71
mecanizar,10.63
mecatrónica,56.68
mechanical,28.34
mechanics,38.96
mecánica,170.03
mecánico,14.17
mediado,35.42
medicamentos,24.8
medición,10.63
medido,49.59
medidor,21.25
medioambiental,10.63
medioambiente,10.63
megavatio,53.13
mejora,527.79
mejorado,99.18
mejoramiento,60.22
mejorar,998.9
mejorar él,21.25
melanogaster,21.25
membrana,442.78
memoria,673.02
mems,10.63
mensaje,580.92
mensajero,99.18
mensajería,31.88
mensurable,10.63
menú,70.84
metabolismo,42.51
metabólico,31.88
metadato,38.96
metafase,31.88
metal,460.49
metalurgia,21.25
metalúrgico,38.96
metano,56.68
methods,46.05
metodología,262.12
metálico,201.91
metódico,17.71
mezclador,24.8
micro,24.8
microbiana,10.63
microbio,35.42
microbiología,24.8
microbiológico,14.17
microbián,81.47
microclima,14.17
microcontrolador,102.72
microelectrónico,10.63
microonda,53.13
microondas,38.96
microorganismo,294
microprocesador,141.69
microscópico,28.34
microservicio,63.76
microsoft,240.87
microsystems,14.17
micrófono,88.56
middleware,14.17
millardo,14.17
mimo,24.8
minador,24.8
minas,173.57
mineral,63.76
minería,113.35
mini,49.59
miniaturización,14.17
minimización,14.17
minimizar,226.7
mining,14.17
mips,53.13
mitigación,81.47
mitigar,88.56
mitosis,205.45
mobile,56.68
model,109.81
modelación,14.17
modelado,35.42
modelamiento,21.25
modelar,53.13
modeling,38.96
modelización,35.42
modelo,1944.67
models,31.88
modificación,21.25
modificado,368.39
modificador,21.25
modificar,389.64
modificar él,24.8
modo,173.57
modos,63.76
modulación,113.35
modulado,17.71
modular,42.51
modularidad,35.42
mojado,28.34
molde,46.05
moldeo,38.96
molecular,67.3
molécula,432.15
monitor,56.68
monitorear,35.42
monitoreo,63.76
monitorizar,35.42
monoaural,24.8
monolítico,46.05
montado,102.72
monóxido,24.8
mor él,31.88
moratoria,14.17
morse,35.42
mosfet,14.17
mosquito,21.25
moti,10.63
motor,194.82
motores,21.25
motorizado,42.51
motorola,77.93
motors,67.3
motriz,70.84
mover,297.55
mover él,92.1
movido,24.8
movilidad,67.3
muestra,350.68
muestrear,14.17
muestreo,116.89
multicanal,56.68
multicelular,14.17
multidisciplinar,46.05
multidisciplinario,35.42
multimedia,21.25
multimedio,10.63
multipista,28.34
multiple,14.17
multiplexación,14.17
multitarea,21.25
multitáctil,14.17
multiusuario,10.63
muscular,74.39
mutación,294
mutada,10.63
mutado,38.96
mutagénesis,14.17
mutant,24.8
máquina,892.64
máquinas,24.8
método,2008.43
métodos,56.68
mínimo,42.51
módem,131.06
módulo,311.71
móvil,24.8
móviles,56.68
múltiple,517.16
músculo,106.27
nano,237.33
nanométrico,31.88
nanopartícula,31.88
nanotecnología,24.8
navegación,272.75
navegador,63.76
necesario,1377.92
necesidad,899.72
necesitar,754.49
negativo,272.75
negocio,24.8
nematodos,10.63
neto,102.72
neumática,10.63
neumático,17.71
neural,35.42
neurociencia,17.71
neurología,14.17
neuronal,63.76
nexus,49.59
niebla,42.51
nikola,42.51
nist,134.6
nitrato,56.68
nitrógeno,95.64
nivelación,14.17
nocivo,38.96
nodo,233.79
norbert,42.51
normalizado,21.25
normativa,67.3
notación,88.56
nube,237.33
nuclear,502.99
nucleasa,60.22
nucleico,17.71
nucleótido,38.96
numérico,102.72
nutricional,24.8
nutrient,177.11
nutritivo,21.25
nvidia,81.47
oaci,35.42
object,38.96
objetivo,155.86
obstáculo,113.35
obtención,95.64
obtenibl,14.17
oceánico,53.13
octeto,17.71
ocultación,14.17
ocupacional,17.71
ocurrencia,31.88
oled,31.88
onda,952.85
opcional,53.13
operacional,99.18
operación,1030.78
operador,297.55
operario,46.05
operations,81.47
operativo,495.91
optical,21.25
optimización,279.83
optimizado,28.34
optimizar,233.79
optimization,67.3
oracle,24.8
ordenador,10.63
organismo,708.44
organizacional,49.59
organización,311.71
orgánico,453.4
orgánulo,17.71
orientado,386.1
ortogonal,38.96
oscilación,67.3
oscilador,24.8
oxidación,92.1
oxidante,14.17
oxidar,14.17
oxígeno,318.8
oyente,102.72
ozono,56.68
oído,49.59
pacificación,21.25
packet,24.8
palanca,70.84
panel,21.25
pantalla,24.8
paquete,534.87
parabólico,70.84
parachoques,21.25
paradigma,116.89
paralelo,92.1
parche,53.13
parchear,10.63
paridad,265.67
participativo,31.88
partícula,247.95
parámetro,364.85
parásita,17.71
pasivo,141.69
passport,21.25
pastilla,28.34
pasto,81.47
pastoreo,42.51
patentado,38.96
patentar,56.68
patente,205.45
patentes,21.25
patrones,35.42
pattern,17.71
patógeno,46.05
pauta,31.88
pdas,10.63
peatón,120.43
pedal,35.42
pegamento,31.88
peligroso,201.91
penetración,46.05
percepción,109.81
perforación,67.3
perforado,28.34
periférico,46.05
perjudicial,38.96
permeabilidad,28.34
permitir,3017.96
permutación,24.8
perpendicular,38.96
persistencia,35.42
personalización,10.63
personalizado,95.64
perturbación,95.64
perturbar,31.88
pesticida,21.25
petroquímico,21.25
petróleo,180.65
philips,134.6
phone,24.8
photovoltaics,21.25
pila,46.05
pinus,35.42
pionera,17.71
pipeline,10.63
piratería,53.13
pirólisis,24.8
pixel,14.17
placa,379.02
plaga,81.47
plain,10.63
plancha,109.81
planeación,42.51
planeamiento,28.34
planificación,340.05
planificado,42.51
planificador,31.88
planificar,81.47
planning,21.25
plano,191.28
plantación,272.75
plantado,24.8
plantar,332.97
planteamiento,38.96
plasticidad,21.25
platform,14.17
player,60.22
plazo,301.09
plegamiento,42.51
pluvial,42.51
plásmido,88.56
plástico,148.77
pocket,42.51
poda,24.8
polaridad,31.88
polarización,67.3
polea,35.42
policarbonato,10.63
policristalino,24.8
poliestireno,10.63
polietileno,21.25
polimerasa,21.25
polimérico,38.96
polipropileno,17.71
polipéptido,17.71
politecnico,10.63
politécnica,67.3
polo,92.1
polución,28.34
polymer,10.63
polímero,233.79
ponderación,14.17
popov,38.96
popularización,17.71
porosa,10.63
porosidad,14.17
poroso,21.25
portabilidad,24.8
portadora,49.59
portátil,276.29
posgrado,70.84
posibilidad,14.17
posibilitar,46.05
posible,301.09
posicionamiento,38.96
poste,53.13
postgrado,28.34
potable,85.01
potasio,38.96
potencia,811.17
potencial,230.24
potencialidad,14.17
power,138.15
pozo,113.35
practical,24.8
practice,24.8
precio,407.35
precisión,269.21
preciso,166.48
predecibl,10.63
predecible,31.88
predecir,113.35
predefinido,28.34
predeterminado,53.13
predicción,74.39
predictivo,21.25
preferible,38.96
preferido,60.22
prefijado,10.63
preindustrial,10.63
prematuro,35.42
prentice,35.42
prepago,14.17
preparación,14.17
prerrequisito,10.63
prescrito,17.71
prestación,81.47
prevención,123.98
prevenir,173.57
previsión,49.59
primo,145.23
principio,46.05
principios,35.42
principles,24.8
prioridad,113.35
privacidad,46.05
privacy,17.71
probabilidad,212.53
probabilístico,24.8
probado,46.05
problema,1792.36
problemática,49.59
problemático,35.42
procedimiento,315.26
procesado,21.25
procesador,10.63
procesamiento,17.71
procesar,180.65
proceso,70.84
procesos,60.22
process,21.25
processing,17.71
producción,138.15
product,31.88
production,49.59
productividad,180.65
productivo,177.11
producto,21.25
productos,56.68
products,24.8
profesional,308.17
profesión,187.74
professional,31.88
programable,81.47
programación,63.76
programador,106.27
programming,67.3
proliferación,60.22
prometedor,60.22
promotor,21.25
propagación,106.27
propagar,46.05
propenso,31.88
proporcional,152.31
proporcionar,1211.43
propulsión,74.39
propulsor,28.34
propósito,297.55
prospección,21.25
proteasoma,10.63
proteico,46.05
protein,17.71
proteína,17.71
proteínas,21.25
protocol,21.25
protocolo,435.69
proveedor,113.35
proveedores,14.17
proveer,166.48
provisto,46.05
proyectos,28.34
pruebas,42.51
práctico,396.73
prótesi,17.71
prótesis,85.01
pseudoaleatorio,17.71
pseudocódigo,21.25
public,24.8
puertos,28.34
pulgada,17.71
pulsación,31.88
pulso,42.51
puntero,14.17
puntual,46.05
purificación,35.42
purificado,17.71
python,31.88
páncreas,21.25
péptido,21.25
pérdida,499.45
píxel,49.59
qualcomm,31.88
quema,38.96
quick,56.68
quilla,31.88
quimero,17.71
quinasa,49.59
química,177.11
químico,10.63
qvga,14.17
radar,180.65
radiación,21.25
radiactivo,53.13
radiante,28.34
radio,1126.42
radioaficionado,10.63
radioaficionados,14.17
radioafición,70.84
radiocomunicación,70.84
radiodifusión,60.22
radioeléctrico,21.25
radiofrecuencia,49.59
radioisótopo,14.17
radiomódem,10.63
radiotelegrafía,10.63
radiotelegráfico,10.63
ralentizar,21.25
rama,524.25
rankine,35.42
ranura,46.05
ratio,42.51
raton,10.63
ratón,205.45
rayleigh,28.34
razonable,67.3
razonamiento,46.05
reacción,435.69
reactivo,53.13
reactor,28.34
realimentación,49.59
realimentado,14.17
recarga,38.96
recargabl,14.17
recepción,223.16
receptor,42.51
reciclabl,24.8
reciclado,28.34
reciclaje,113.35
reciclar,28.34
recipient,42.51
recipiente,60.22
recogida,38.96
recolección,99.18
recombinación,88.56
recombinado,17.71
recombinant,14.17
recombinante,53.13
recombinar,21.25
recomendable,38.96
rectilíneo,28.34
recubrir,21.25
recuperación,240.87
recurso,913.89
recursos,63.76
redefinir,14.17
redes,106.27
redistribuir,14.17
redox,14.17
reducción,35.42
reducir,1370.83
reducir él,46.05
reductor,17.71
redundancia,67.3
redundant,38.96
redundante,24.8
redundar,14.17
reemplazable,17.71
reenviar,14.17
referenciar,17.71
refinamiento,31.88
reflectant,14.17
reflectante,21.25
reflectividad,21.25
reflector,145.23
reforestación,24.8
reforestar,14.17
refrigeración,166.48
refrigerador,14.17
regeneración,53.13
regenerar,38.96
regenerativo,35.42
regulación,53.13
regulado,85.01
regulador,77.93
regular,184.19
regulatorio,24.8
rehabilitation,17.71
reiterado,24.8
rejilla,21.25
relacionado,853.67
relay,24.8
relleno,56.68
reloj,205.45
relé,24.8
relés,17.71
remediar,14.17
remitente,17.71
remoción,53.13
remoto,42.51
remover,53.13
rendimiento,17.71
renewable,14.17
renovable,343.59
rentabilidad,74.39
rentable,60.22
reordenar,14.17
reparación,145.23
repetición,85.01
repetidor,46.05
repetitivo,24.8
replicación,67.3
replicar,56.68
replicar él,14.17
report,38.96
reposacabeza,14.17
reproducción,417.98
reproducido,28.34
reproducir,478.2
reproducir él,24.8
reproductor,88.56
reproductores,102.72
requerido,230.24
requerimiento,170.03
requerir,1232.69
requeír,14.17
requirements,31.88
requisito,407.35
research,226.7
residual,449.86
residuo,10.63
residuos,74.39
resiliencia,24.8
resilient,10.63
resina,70.84
resistencia,417.98
resistente,208.99
resolver,322.34
resorte,24.8
respuesta,665.93
restricción,184.19
restrictivo,21.25
retardo,38.96
retención,60.22
reticulado,21.25
reto,70.84
retransmitir,35.42
retroalimentación,134.6
retroalimentar,10.63
retículo,35.42
reubicación,21.25
reutilizabl,21.25
reutilizable,10.63
reutilización,109.81
reutilizar,46.05
reversibl,17.71
reversible,17.71
reverso,17.71
revertir,56.68
reviews,17.71
revolucionar,35.42
rfid,173.57
riego,67.3
riesgo,619.89
rigidez,53.13
risc,258.58
roadster,10.63
robot,56.68
robotics,56.68
robotizado,10.63
robots,60.22
robustez,14.17
robusto,70.84
robótica,177.11
robótico,56.68
rodamiento,31.88
rodante,21.25
roku,332.97
romper él,24.8
rosar,17.71
rotacional,14.17
rotativo,21.25
rotor,74.39
rotura,159.4
router,24.8
rozamiento,31.88
rtty,14.17
rueda,407.35
ruido,304.63
rutinario,24.8
rápido,701.36
rígido,70.84
saccharomyces,10.63
safety,46.05
salida,605.72
saludable,42.51
samsung,46.05
saneamiento,77.93
sanitario,237.33
sanitarios,17.71
satelital,49.59
satellite,46.05
satisfacer,212.53
satisfactorio,46.05
saturación,31.88
satélite,534.87
sdds,28.34
secado,35.42
secretar,24.8
secuencia,499.45
secuenciación,24.8
secuencial,46.05
secure,28.34
security,42.51
sedimentación,63.76
sedimento,67.3
segregación,56.68
segregado,17.71
seguimiento,148.77
seguridad,1597.53
seguro,570.3
selectivo,74.39
sembrar,53.13
semiconductor,28.34
semiconductors,17.71
semáforo,31.88
sensibilidad,77.93
sensible,138.15
sensor,272.75
sensorial,49.59
separación,269.21
separado,53.13
serial,24.8
servicio,2093.44
servida,28.34
servidor,421.52
servidores,21.25
señal,1824.24
señales,17.71
señalización,17.71
señalizar,10.63
shannon,31.88
shockley,10.63
shuffle,127.52
siembra,70.84
sigla,269.21
silenciar,21.25
silicato,17.71
silicio,173.57
silicona,14.17
silvestre,60.22
silvicultura,123.98
silvícola,31.88
simple,513.62
simplicidad,35.42
simplificar,77.93
simulación,35.42
simulado,35.42
simulador,24.8
simular,60.22
simulated,17.71
simulation,31.88
simultáneo,95.64
simétrico,95.64
sincronización,95.64
sincronizar,46.05
sintetizado,17.71
sintonización,21.25
sintonizador,35.42
sintonizar,21.25
sintético,148.77
sistema,8788.21
sistemas,17.71
sistematizar,14.17
sistemático,88.56
situ,46.05
smart,31.88
sobrecarga,63.76
sobrecargar,10.63
sobrepasar,63.76
sofisticación,14.17
sofisticado,92.1
software,283.38
solar,283.38
solidificación,14.17
solubilidad,21.25
soluble,49.59
solucionar,102.72
solución,1158.3
solutions,21.25
somático,17.71
sonda,70.84
sonido,46.05
sony,233.79
soportado,24.8
soportar,315.26
soporte,318.8
sostenibilidad,70.84
sostenible,60.22
sotobosque,31.88
sperry,21.25
springer,46.05
sputnik,21.25
standards,38.96
stereo,24.8
stewardship,10.63
stirling,60.22
stmicroelectronics,21.25
store,53.13
streaming,38.96
subcampo,28.34
subcategoría,10.63
subconjunto,49.59
subdisciplina,46.05
subproducto,28.34
subrutina,21.25
subsistema,56.68
subsuelo,67.3
subterráneo,173.57
subunidad,63.76
subwoofer,38.96
subyacente,81.47
suciedad,21.25
suelo,1161.84
suelos,10.63
sulfato,56.68
sumidero,24.8
suministrado,31.88
suministrar,123.98
suministro,240.87
superficial,205.45
superponer,38.96
superpuesta,24.8
supervivencia,102.72
suplir,21.25
supply,17.71
surco,10.63
surround,120.43
susceptible,67.3
suscriptor,38.96
suspendido,67.3
sustainable,24.8
sustancia,184.19
sustentabilidad,17.71
sustentabl,21.25
sustentable,85.01
sustrato,85.01
system,240.87
systems,315.26
séptico,77.93
síntesis,24.8
sólido,53.13
sólidos,24.8
tableta,46.05
tablón,74.39
tabú,10.63
tacto,21.25
tala,180.65
talado,14.17
talar,35.42
talen,21.25
tamaño,821.79
tangencial,28.34
tangible,24.8
tarea,577.38
tarifa,102.72
tarjeta,17.71
tasa,435.69
tasación,14.17
tdma,24.8
technical,31.88
technologies,77.93
technology,201.91
tecnología,279.83
tecnologías,102.72
tecnológico,375.47
tegra,31.88
tejado,60.22
tejido,240.87
telecommunications,17.71
telecomunicaciones,95.64
telecomunicación,53.13
telefonía,155.86
telefónica,35.42
telefónico,109.81
telegrafía,24.8
telegraph,31.88
telegráfico,116.89
telephone,21.25
teletipo,14.17
televisor,99.18
teléfono,332.97
teléfonos,49.59
telégrafo,113.35
temperatura,797
tener él,31.88
tengan,24.8
tensión,665.93
terapéutico,46.05
tercero,38.96
termal,113.35
terminación,67.3
terminal,173.57
terminología,42.51
termodinámica,42.51
termodinámico,46.05
termoeléctrica,17.71
termoeléctrico,31.88
termoiónico,21.25
termonuclear,10.63
termoplástico,17.71
termosolar,10.63
terrestre,379.02
tesla,106.27
test,38.96
tetra,53.13
textual,28.34
teórico,276.29
thalián,10.63
timoshenko,21.25
tipo,2277.64
tirosina,24.8
titanio,21.25
titulación,145.23
tocadisco,131.06
tocadiscos,17.71
tolerancia,70.84
tolerante,31.88
tomcat,10.63
tools,17.71
topografía,21.25
tornillo,35.42
torsión,49.59
toshiba,17.71
touch,152.31
toxicidad,35.42
toxina,35.42
tracción,67.3
traffic,21.25
transactions,35.42
transceiver,10.63
transceptor,35.42
transcripción,162.94
transcription,10.63
transducción,14.17
transductor,35.42
transfer,17.71
transferencia,24.8
transferir,251.5
transformación,226.7
transformador,70.84
transgénesis,14.17
transgénico,10.63
transición,237.33
transistor,102.72
translocación,10.63
transmembrán,21.25
transmisión,35.42
transmisor,184.19
transmission,24.8
transmitido,88.56
transmitir,676.56
transmitir él,31.88
transparente,60.22
transpondedor,24.8
transportation,21.25
transporte,981.19
transversal,10.63
trasero,17.71
trasplantado,17.71
trasplantar,24.8
trasplante,31.88
tratado,77.93
tratamiento,917.43
trenzado,21.25
tridimensional,67.3
trigeneración,42.51
trivial,24.8
truehd,10.63
tráfico,56.68
trópico,24.8
tubería,187.74
tubo,290.46
tumoral,24.8
turbera,17.71
turbina,141.69
turing,21.25
tutorial,24.8
táctil,63.76
técnica,170.03
técnicas,31.88
técnico,708.44
técnicos,21.25
térmica,14.17
térmico,350.68
tóxico,85.01
ubiquitina,21.25
ultrasonido,10.63
ultravioleta,35.42
unidireccional,42.51
unificado,67.3
unified,14.17
unix,56.68
urbanismo,38.96
urbanista,14.17
urbano,31.88
usabilidad,24.8
usado,471.11
usar,1392.09
usar él,173.57
using,24.8
usual,46.05
usuario,35.42
utilidad,10.63
utilitario,28.34
utilizable,35.42
utilización,290.46
utilizado,850.13
utilizar,4757.18
utilizar él,184.19
vaciado,17.71
vacío,95.64
validación,63.76
valorización,21.25
vapor,421.52
variabilidad,24.8
variable,357.76
variación,244.41
variar,340.05
varilla,24.8
vatio,81.47
vauban,14.17
vector,113.35
vegetal,208.99
vehicular,24.8
vehículo,1314.16
vehículos,49.59
velocidad,1094.54
veloz,24.8
ventaja,495.91
ventajas,31.88
ventilación,35.42
ventilador,42.51
verificación,28.34
verificar,85.01
verilog,10.63
versatilidad,28.34
vertebrado,38.96
vertedero,120.43
vertical,219.62
vertido,17.71
vertiginoso,17.71
vhdl,10.63
viabilidad,99.18
viable,99.18
viajante,17.71
vial,116.89
vibración,173.57
viceversa,42.51
videoconsola,10.63
vidrio,194.82
viga,46.05
vinci,31.88
vinilo,92.1
virtual,297.55
virus,191.28
visibilidad,85.01
vision,35.42
visualización,60.22
vitalidad,21.25
vitro,28.34
vivero,31.88
vlsi,31.88
void,28.34
voip,17.71
volatilidad,17.71
voltaje,10.63
volátil,56.68
vulnerabilidad,99.18
válvula,173.57
vástago,63.76
vías,21.25
walkman,92.1
waste,14.17
wheel,24.8
wide,38.96
wiener,46.05
wifi,38.96
wimax,14.17
windows,237.33
wireless,162.94
workshop,21.25
xeon,17.71
yogur,17.71
zafiro,14.17
zanja,56.68
zapador,24.8
zilog,38.96
zinc,38.96
zune,255.04
ágil,24.8
ánodo,21.25
árbol,1112.25
árida,17.71
ético,95.64
índole,49.59
óptica,28.34
óptico,428.61
óptimo,297.55
útil,478.2
