selection_rank	term	freq_abs_domain	freq_rel_dom_ppm	freq_abs_global	freq_rel_glob_ppm	specificity_ratio	log_likelihood	n_articles	qid_wikidata	depth	nivel_abstraccion
1	paladianismo	7	15.48	12	0.03	1314.19	79.55	7			desconocido
2	deconstructivismo	41	90.68	81	0.19	962.18	449.14	6	Q238255		desconocido
3	pöppelmann	32	70.78	66	0.16	883.49	346.75	5			desconocido
4	googie	49	108.37	103	0.24	851.79	528.44	7	Q717220	2	generico
5	muqarna	33	72.99	79	0.19	673.42	344.54	10			desconocido
6	boullée	46	101.74	131	0.31	508.01	460.16	8			desconocido
7	mihrabs	12	26.54	35	0.08	489.76	119.34	6			desconocido
8	neorrús	5	11.06	15	0.04	469.36	49.38	5			desconocido
9	vastu	16	35.39	51	0.12	429.12	155.68	5			desconocido
10	iwán	37	81.83	125	0.29	394.68	354.90	9			desconocido
11	deconstructivista	39	86.26	132	0.31	393.65	373.91	6			desconocido
12	taut	51	112.80	176	0.41	382.99	486.63	9			desconocido
13	qibla	22	48.66	80	0.19	356.06	207.22	10			desconocido
14	terragni	20	44.23	77	0.18	329.37	185.74	6			desconocido
15	olgyay	9	19.91	37	0.09	301.73	82.23	5			desconocido
16	neoplasticismo	17	37.60	70	0.16	301.10	155.25	5			desconocido
17	berlage	26	57.50	113	0.27	280.53	234.25	5			desconocido
18	naryshkin	17	37.60	74	0.17	279.97	153.11	5			desconocido
19	historicismos	5	11.06	23	0.05	260.75	44.41	5			desconocido
20	gropius	138	305.22	688	1.62	235.53	1200.89	14			desconocido
21	ellora	22	48.66	111	0.26	232.04	190.86	5			desconocido
22	churrigueresco	9	19.91	46	0.11	228.33	77.82	5			desconocido
23	ciam	54	119.43	278	0.65	226.30	466.07	8			desconocido
24	banham	20	44.23	103	0.24	226.20	172.60	6			desconocido
25	deambulatorio	18	39.81	94	0.22	222.33	154.79	12			desconocido
26	reyner	13	28.75	70	0.16	214.09	110.91	5			desconocido
27	longhena	17	37.60	95	0.22	204.59	143.65	5			desconocido
28	eclecticismo	13	28.75	74	0.17	200.05	109.33	7			desconocido
29	scharoun	17	37.60	100	0.24	192.27	141.75	5			desconocido
30	neobizantino	28	61.93	166	0.39	190.46	232.99	5			desconocido
31	werkbund	39	86.26	232	0.55	189.69	324.24	8			desconocido
32	rastrelli	22	48.66	135	0.32	182.76	181.42	5			desconocido
33	hipóstila	6	13.27	37	0.09	181.69	49.41	6			desconocido
34	badami	16	35.39	102	0.24	174.64	130.62	5			desconocido
35	madrasa	98	216.75	693	1.63	154.61	778.17	13			desconocido
36	masjid	55	121.64	389	0.92	154.58	436.71	6			desconocido
37	palladiano	24	53.08	170	0.40	154.31	190.49	16			desconocido
38	rohe	109	241.08	775	1.82	153.63	864.25	22			desconocido
39	dominikus	8	17.69	57	0.13	153.26	63.40	6			desconocido
40	borromini	54	119.43	395	0.93	148.65	424.88	14			desconocido
41	prefabricación	12	26.54	88	0.21	148.22	94.35	10			desconocido
42	edificatoria	5	11.06	37	0.09	146.67	39.22	5			desconocido
43	tatlin	21	46.45	156	0.37	146.02	164.54	5			desconocido
44	mosque	73	161.46	552	1.30	143.06	569.21	18			desconocido
45	semicúpula	14	30.96	106	0.25	142.85	109.13	9			desconocido
46	arbotant	41	90.68	314	0.74	140.98	318.58	22			desconocido
47	rucabado	13	28.75	103	0.24	135.59	100.08	6			desconocido
48	neogriega	12	26.54	96	0.23	134.10	92.13	5			desconocido
49	archigram	9	19.91	72	0.17	134.10	69.10	6			desconocido
50	decorativismo	12	26.54	97	0.23	132.52	91.87	5			desconocido
51	racionalismo	221	488.79	1788	4.21	132.39	1691.51	36	Q2535546		desconocido
52	caravasar	22	48.66	178	0.42	132.38	168.38	7			desconocido
53	savoye	10	22.12	81	0.19	132.21	76.51	7			desconocido
54	gablet	19	42.02	157	0.37	129.24	144.58	10			desconocido
55	hipocausto	22	48.66	182	0.43	129.07	167.35	8	Q731794		desconocido
56	corbusier	204	451.19	1690	3.98	128.87	1551.18	34			desconocido
57	calefactor	16	35.39	133	0.31	128.37	121.55	7			desconocido
58	façade	17	37.60	143	0.34	126.65	128.72	11			desconocido
59	triforio	27	59.72	228	0.54	126.10	204.21	13			desconocido
60	maderno	29	64.14	245	0.58	126.03	219.31	7			desconocido
61	refrescamiento	7	15.48	60	0.14	123.98	52.72	6			desconocido
62	ledoux	60	132.70	525	1.24	121.12	449.31	12			desconocido
63	calefacción	20	44.23	180	0.42	117.34	148.58	11	Q11880006		desconocido
64	mogola	10	22.12	91	0.21	115.89	74.06	5			desconocido
65	bauhaus	196	433.50	1802	4.24	114.56	1447.35	26	Q124354		desconocido
66	latrobe	19	42.02	175	0.41	114.33	140.23	7			desconocido
67	tracería	78	172.51	723	1.70	113.52	574.65	26			desconocido
68	minbar	10	22.12	94	0.22	111.75	73.38	8			desconocido
69	architektur	25	55.29	237	0.56	110.70	183.01	6			desconocido
70	sezession	15	33.18	144	0.34	109.15	109.41	6			desconocido
71	jugendstil	20	44.23	197	0.46	106.07	144.80	9			desconocido
72	stijl	23	50.87	227	0.53	105.83	166.43	10			desconocido
73	mies	118	260.98	1165	2.74	105.80	853.77	22			desconocido
74	flamígero	50	110.59	495	1.17	105.47	361.48	21			desconocido
75	tange	25	55.29	249	0.59	104.77	180.43	9			desconocido
76	palladián	17	37.60	170	0.40	104.30	122.55	14			desconocido
77	inigo	14	30.96	142	0.33	102.67	100.51	6			desconocido
78	soane	16	35.39	164	0.39	101.48	114.51	5			desconocido
79	soufflot	12	26.54	124	0.29	100.58	85.68	7			desconocido
80	innen	8	17.69	83	0.20	100.13	57.06	7			desconocido
81	calentador	85	188.00	883	2.08	99.99	605.99	5			desconocido
82	frauenkirche	17	37.60	180	0.42	97.90	120.52	5			desconocido
83	bioclimático	45	99.53	477	1.12	97.78	318.93	8			desconocido
84	gehry	39	86.26	415	0.98	97.37	276.09	11			desconocido
85	klenze	15	33.18	160	0.38	97.11	106.11	5			desconocido
86	abacial	82	181.36	902	2.12	93.87	574.86	17			desconocido
87	zaha	26	57.50	290	0.68	92.45	181.52	14			desconocido
88	manuelino	18	39.81	202	0.48	91.83	125.44	7			desconocido
89	gatcpac	9	19.91	102	0.24	90.84	62.54	5			desconocido
90	trompas	8	17.69	91	0.21	90.48	55.53	5			desconocido
91	neogriego	17	37.60	195	0.46	89.65	117.70	12	Q1513688	3	especifico
92	soleamiento	5	11.06	58	0.14	88.56	34.50	5			desconocido
93	pevsner	24	53.08	279	0.66	88.35	165.51	10			desconocido
94	mocárabes	15	33.18	176	0.41	87.46	103.15	6			desconocido
95	arcado	9	19.91	106	0.25	87.10	61.82	6			desconocido
96	historicismo	50	110.59	599	1.41	85.49	341.70	27			desconocido
97	estilos	56	123.86	686	1.61	83.44	380.13	46			desconocido
98	postmodernismo	13	28.75	160	0.38	83.02	88.12	6			desconocido
99	minarete	65	143.76	801	1.89	82.90	440.42	17			desconocido
100	guas	14	30.96	174	0.41	82.14	94.61	5			desconocido
101	koolhaas	16	35.39	200	0.47	81.63	107.94	5			desconocido
102	neobarroco	11	24.33	140	0.33	80.05	73.80	8	Q911397	2	generico
103	termostato	28	61.93	364	0.86	78.23	186.64	8			desconocido
104	kairuán	15	33.18	196	0.46	77.79	99.83	6			desconocido
105	banister	8	17.69	106	0.25	76.63	53.01	6			desconocido
106	schinkel	24	53.08	320	0.75	76.11	158.73	8			desconocido
107	palladianismo	6	13.27	80	0.19	76.11	39.68	5			desconocido
108	mansart	17	37.60	231	0.54	74.57	111.78	5			desconocido
109	cielorraso	15	33.18	205	0.48	74.11	98.45	6			desconocido
110	constructivismo	54	119.43	739	1.74	74.00	354.26	11			desconocido
111	apisonado	19	42.02	262	0.62	73.40	124.35	8			desconocido
112	oiza	9	19.91	126	0.30	72.21	58.63	6			desconocido
113	edificatorio	9	19.91	127	0.30	71.60	58.48	8			desconocido
114	bauen	12	26.54	170	0.40	71.29	77.88	5			desconocido
115	selyúcido	23	50.87	327	0.77	71.02	149.10	5			desconocido
116	climatización	41	90.68	584	1.37	70.88	265.62	10	Q1798773		desconocido
117	cúpulas	9	19.91	129	0.30	70.40	58.19	5			desconocido
118	mendelsohn	34	75.20	498	1.17	68.78	218.33	10			desconocido
119	cúfico	11	24.33	163	0.38	67.93	70.38	5			desconocido
120	portail	9	19.91	136	0.32	66.52	57.22	5			desconocido
121	facade	13	28.75	197	0.46	66.32	82.58	10			desconocido
122	pugin	12	26.54	182	0.43	66.26	76.21	7			desconocido
123	decó	17	37.60	263	0.62	64.87	107.27	12			desconocido
124	собор	12	26.54	186	0.44	64.74	75.68	5			desconocido
125	hammam	7	15.48	109	0.26	64.42	44.08	5			desconocido
126	hipodámico	7	15.48	109	0.26	64.42	44.08	6			desconocido
127	ventilador	7	15.48	110	0.26	63.80	43.95	5	Q6498398		desconocido
128	intercesión	11	24.33	173	0.41	63.74	69.04	5			desconocido
129	eglise	27	59.72	425	1.00	63.68	169.42	13			desconocido
130	funcionalista	33	72.99	520	1.22	63.61	207.00	16			desconocido
131	arabesco	12	26.54	191	0.45	62.93	75.03	5			desconocido
132	funcionalismo	5	11.06	80	0.19	62.58	31.21	5	Q47942		desconocido
133	stam	15	33.18	241	0.57	62.30	93.50	6			desconocido
134	guarini	24	53.08	386	0.91	62.23	149.55	11			desconocido
135	serlio	14	30.96	226	0.53	61.99	87.13	7			desconocido
136	gótico	90	199.06	1453	3.42	61.98	560.12	29			desconocido
137	adobe	31	68.56	504	1.19	61.52	192.49	21			desconocido
138	zevi	7	15.48	114	0.27	61.41	43.44	5			desconocido
139	qasr	23	50.87	379	0.89	60.65	142.19	5			desconocido
140	mezquita	237	524.18	3956	9.31	59.82	1458.93	32			desconocido
141	estilo	130	287.52	2170	5.11	59.82	800.25	48			desconocido
142	bagh	19	42.02	320	0.75	59.25	116.62	6			desconocido
143	hagia	20	44.23	340	0.80	58.67	122.38	7			desconocido
144	polilobulado	12	26.54	206	0.48	58.06	73.19	8			desconocido
145	neoclasicista	5	11.06	86	0.20	57.95	30.48	5			desconocido
146	cumbrera	15	33.18	259	0.61	57.71	91.31	7			desconocido
147	isozaki	9	19.91	157	0.37	57.08	54.60	6			desconocido
148	samarra	31	68.56	541	1.27	57.06	188.04	8			desconocido
149	déco	12	26.54	212	0.50	56.32	72.49	8			desconocido
150	rascacielo	74	163.67	1308	3.08	56.29	446.96	32			desconocido
151	cupulado	8	17.69	143	0.34	55.63	48.14	8			desconocido
152	architecture	257	568.41	4621	10.88	55.28	1543.39	102			desconocido
153	transepto	128	283.10	2312	5.44	55.02	767.52	39			desconocido
154	jahan	35	77.41	633	1.49	54.94	209.78	5			desconocido
155	hastial	21	46.45	385	0.91	54.16	125.29	10			desconocido
156	saarinen	25	55.29	462	1.09	53.70	148.75	9			desconocido
157	posmodernismo	24	53.08	444	1.05	53.64	142.75	11			desconocido
158	radiante	99	218.96	1846	4.34	53.20	587.27	32			desconocido
159	lúcio	13	28.75	246	0.58	52.37	76.73	5			desconocido
160	contrarreformista	9	19.91	171	0.40	52.15	53.05	6			desconocido
161	absidiolo	11	24.33	210	0.49	51.89	64.73	6			desconocido
162	panoramio	24	53.08	460	1.08	51.67	141.04	17			desconocido
163	mendicant	22	48.66	427	1.00	50.99	128.73	10			desconocido
164	doesburg	13	28.75	258	0.61	49.81	75.48	5			desconocido
165	porch	15	33.18	298	0.70	49.75	87.07	11			desconocido
166	batlló	13	28.75	259	0.61	49.61	75.38	5			desconocido
167	hadid	29	64.14	582	1.37	49.23	167.74	14			desconocido
168	architettura	17	37.60	347	0.82	48.36	97.75	10			desconocido
169	catedral	30	66.35	619	1.46	47.81	171.85	21			desconocido
170	palladio	50	110.59	1032	2.43	47.80	286.39	19			desconocido
171	aalto	29	64.14	600	1.41	47.68	165.97	8			desconocido
172	temples	9	19.91	187	0.44	47.46	51.43	5			desconocido
173	seagram	10	22.12	208	0.49	47.41	57.12	5			desconocido
174	columnata	63	139.34	1312	3.09	47.35	359.72	28			desconocido
175	estuco	131	289.74	2755	6.48	46.86	745.41	58			desconocido
176	pagoda	23	50.87	486	1.14	46.63	130.66	7			desconocido
177	claristorio	6	13.27	127	0.30	46.55	34.06	5			desconocido
178	sobria	12	26.54	255	0.60	46.36	68.03	12			desconocido
179	streamline	10	22.12	214	0.50	46.02	56.55	7			desconocido
180	alminar	6	13.27	129	0.30	45.79	33.88	5			desconocido
181	austera	11	24.33	237	0.56	45.69	62.06	11			desconocido
182	neoclásico	10	22.12	216	0.51	45.57	56.37	6			desconocido
183	basilica	31	68.56	675	1.59	45.19	174.24	12			desconocido
184	iconostasio	18	39.81	396	0.93	44.70	100.80	7			desconocido
185	abovedada	17	37.60	374	0.88	44.70	95.20	13			desconocido
186	cathédrale	6	13.27	132	0.31	44.70	33.60	5			desconocido
187	abbaye	18	39.81	397	0.93	44.58	100.71	6			desconocido
188	adob	14	30.96	309	0.73	44.55	78.31	5			desconocido
189	hôtel	108	238.87	2385	5.61	44.52	603.98	16			desconocido
190	ifriqiya	15	33.18	333	0.78	44.28	83.73	5			desconocido
191	klerk	12	26.54	267	0.63	44.17	66.93	6			desconocido
192	lutyens	11	24.33	245	0.58	44.13	61.33	5			desconocido
193	racionalista	13	28.75	290	0.68	44.05	72.44	6			desconocido
194	breuer	32	70.78	716	1.69	43.92	178.12	10			desconocido
195	architectural	63	139.34	1421	3.34	43.55	349.66	28			desconocido
196	arcada	110	243.29	2521	5.93	42.83	607.01	46			desconocido
197	bernini	70	154.82	1610	3.79	42.67	385.78	22			desconocido
198	mansarda	14	30.96	322	0.76	42.67	77.16	6			desconocido
199	buckminster	9	19.91	209	0.49	42.24	49.43	5			desconocido
200	revival	11	24.33	256	0.60	42.15	60.36	6			desconocido
201	balaustr	11	24.33	257	0.60	41.97	60.28	5			desconocido
202	guarino	14	30.96	330	0.78	41.59	76.47	8			desconocido
203	rosetón	65	143.76	1534	3.61	41.54	354.88	26			desconocido
204	piranesi	13	28.75	309	0.73	41.23	70.79	7			desconocido
205	ornamentación	177	391.48	4208	9.90	41.22	963.79	82			desconocido
206	vanbrugh	11	24.33	262	0.62	41.14	59.86	5			desconocido
207	vilnius	40	88.47	955	2.25	41.04	217.47	8			desconocido
208	nervada	9	19.91	216	0.51	40.81	48.84	7			desconocido
209	templet	6	13.27	144	0.34	40.81	32.56	6			desconocido
210	ecléctica	9	19.91	217	0.51	40.62	48.75	8			desconocido
211	neobarroca	7	15.48	169	0.40	40.56	37.90	5			desconocido
212	posmoderno	52	115.01	1261	2.97	40.37	281.09	24			desconocido
213	venturi	31	68.56	752	1.77	40.36	167.55	13			desconocido
214	basilical	36	79.62	878	2.07	40.13	194.19	22			desconocido
215	decán	20	44.23	488	1.15	40.12	107.87	6			desconocido
216	contrafuert	11	24.33	269	0.63	40.02	59.28	9			desconocido
217	crafts	28	61.93	688	1.62	39.82	150.62	13			desconocido
218	vanvitelli	11	24.33	271	0.64	39.71	59.12	5			desconocido
219	abovedado	85	188.00	2096	4.93	39.68	456.65	55			desconocido
220	neoclasicismo	30	66.35	744	1.75	39.44	160.83	17			desconocido
221	gesù	30	66.35	751	1.77	39.06	160.27	11			desconocido
222	mendicante	6	13.27	151	0.36	38.84	31.99	5			desconocido
223	paestum	11	24.33	279	0.66	38.53	58.48	7			desconocido
224	palacet	12	26.54	305	0.72	38.45	63.75	9			desconocido
225	cathedral	91	201.27	2331	5.49	38.14	482.00	33			desconocido
226	conopial	16	35.39	412	0.97	37.93	84.58	11			desconocido
227	albañilería	30	66.35	775	1.82	37.80	158.40	11			desconocido
228	medianera	11	24.33	285	0.67	37.69	58.02	7			desconocido
229	vitruvio	38	84.05	986	2.32	37.63	200.30	17			desconocido
230	cruciforme	19	42.02	495	1.17	37.47	100.00	13			desconocido
231	nártex	11	24.33	289	0.68	37.14	57.71	8			desconocido
232	ornamentada	19	42.02	501	1.18	37.00	99.55	14			desconocido
233	palácio	14	30.96	372	0.88	36.71	73.14	5			desconocido
234	estufa	45	99.53	1198	2.82	36.64	234.91	14			desconocido
235	cluniacense	6	13.27	161	0.38	36.34	31.23	6			desconocido
236	basilique	9	19.91	245	0.58	35.80	46.58	7			desconocido
237	cruciform	9	19.91	246	0.58	35.65	46.51	7			desconocido
238	verticalidad	21	46.45	578	1.36	35.39	108.24	18			desconocido
239	suntuosidad	9	19.91	248	0.58	35.35	46.37	7			desconocido
240	volumetría	11	24.33	304	0.72	35.24	56.61	7			desconocido
241	fatimí	13	28.75	364	0.86	34.77	66.56	5			desconocido
242	chahar	11	24.33	308	0.72	34.77	56.32	5			desconocido
243	nouveau	122	269.83	3417	8.04	34.76	624.62	41			desconocido
244	monumentalidad	28	61.93	786	1.85	34.68	143.23	20			desconocido
245	philibert	17	37.60	478	1.13	34.62	86.91	5			desconocido
246	monreale	12	26.54	339	0.80	34.45	61.23	6			desconocido
247	hontañón	12	26.54	340	0.80	34.34	61.16	7			desconocido
248	cimborrio	22	48.66	631	1.49	33.91	111.60	10			desconocido
249	barroco	726	1605.71	20847	49.07	33.87	3681.23	100			desconocido
250	château	28	61.93	807	1.90	33.74	141.77	5			desconocido
251	reconstruida	17	37.60	492	1.16	33.60	85.94	14			desconocido
252	behrens	24	53.08	695	1.64	33.58	121.29	7			desconocido
253	amurallada	7	15.48	203	0.48	33.53	35.36	7			desconocido
254	ladrillo	695	1537.15	20285	47.74	33.30	3501.67	167			desconocido
255	dórica	21	46.45	613	1.44	33.30	105.80	14			desconocido
256	horno	385	851.51	11242	26.46	33.29	1939.44	43	Q36539		desconocido
257	esbeltez	9	19.91	263	0.62	33.26	45.32	9			desconocido
258	jónica	28	61.93	819	1.93	33.23	140.96	14			desconocido
259	esbelta	17	37.60	499	1.17	33.11	85.46	16			desconocido
260	electrodomésticos	9	19.91	268	0.63	32.62	44.99	9			desconocido
261	pelli	10	22.12	298	0.70	32.59	49.97	6			desconocido
262	erlach	8	17.69	239	0.56	32.51	39.94	5			desconocido
263	modernista	12	26.54	366	0.86	31.82	59.42	9			desconocido
264	nôtre	9	19.91	276	0.65	31.64	44.47	7			desconocido
265	perret	17	37.60	523	1.23	31.54	83.89	5			desconocido
266	niemeyer	41	90.68	1268	2.98	31.37	201.90	13			desconocido
267	prefabricado	34	75.20	1068	2.51	30.87	166.39	14			desconocido
268	vignola	13	28.75	409	0.96	30.82	63.58	11			desconocido
269	vernáculo	77	170.30	2429	5.72	30.73	376.17	34			desconocido
270	almohadillado	20	44.23	634	1.49	30.58	97.52	13			desconocido
271	ecléctico	129	285.31	4093	9.63	30.55	628.74	65			desconocido
272	acristalado	35	77.41	1115	2.62	30.42	170.31	19			desconocido
273	pritzker	21	46.45	671	1.58	30.33	102.06	13			desconocido
274	curvilíneo	18	39.81	576	1.36	30.28	87.43	14			desconocido
275	salesas	9	19.91	290	0.68	30.07	43.59	6			desconocido
276	theotokos	14	30.96	452	1.06	30.00	67.76	6			desconocido
277	isfahán	35	77.41	1132	2.66	29.95	169.27	6			desconocido
278	futurismo	20	44.23	647	1.52	29.94	96.72	8			desconocido
279	wren	34	75.20	1101	2.59	29.91	164.35	14			desconocido
280	mudéjar	14	30.96	456	1.07	29.73	67.52	8			desconocido
281	clasicista	67	148.19	2191	5.16	29.61	322.59	29			desconocido
282	mahal	39	86.26	1281	3.01	29.48	187.44	8			desconocido
283	dormición	15	33.18	495	1.17	29.33	71.95	9			desconocido
284	constructivo	201	444.56	6661	15.68	29.21	962.51	86			desconocido
285	edículo	9	19.91	299	0.70	29.13	43.05	8			desconocido
286	proyectista	7	15.48	233	0.55	29.08	33.46	7			desconocido
287	regionalismo	14	30.96	468	1.10	28.95	66.80	7			desconocido
288	tatami	7	15.48	234	0.55	28.95	33.40	5			desconocido
289	historiado	13	28.75	435	1.02	28.92	62.01	7			desconocido
290	owings	13	28.75	437	1.03	28.78	61.89	7			desconocido
291	istanbul	23	50.87	774	1.82	28.75	109.45	5			desconocido
292	decorativo	350	774.10	11790	27.75	28.72	1664.80	142			desconocido
293	ornamentado	56	123.86	1890	4.45	28.66	266.16	39			desconocido
294	ilusionista	7	15.48	239	0.56	28.32	33.11	5			desconocido
295	sobriedad	39	86.26	1333	3.14	28.29	184.40	28			desconocido
296	ventilar	15	33.18	514	1.21	28.22	70.85	9			desconocido
297	exedra	8	17.69	276	0.65	28.02	37.68	5			desconocido
298	fontane	14	30.96	489	1.15	27.67	65.60	5			desconocido
299	triglifo	9	19.91	316	0.74	27.52	42.08	6			desconocido
300	cluny	39	86.26	1372	3.23	27.46	182.20	11			desconocido
301	mixtilíneo	10	22.12	356	0.84	27.13	46.48	7			desconocido
302	lahore	45	99.53	1603	3.77	27.11	209.13	5			desconocido
303	giralda	17	37.60	606	1.43	27.09	78.98	8			desconocido
304	ablución	10	22.12	357	0.84	27.05	46.43	9			desconocido
305	románico	29	64.14	1045	2.46	26.79	134.12	9			desconocido
306	manierismo	29	64.14	1048	2.47	26.72	133.96	17			desconocido
307	parteluz	9	19.91	326	0.77	26.65	41.53	6			desconocido
308	voladizo	20	44.23	725	1.71	26.63	92.26	12			desconocido
309	villette	12	26.54	436	1.03	26.57	55.30	5			desconocido
310	dessau	26	57.50	951	2.24	26.39	119.49	7			desconocido
311	cisterciens	17	37.60	624	1.47	26.29	78.01	9			desconocido
312	empalizada	7	15.48	258	0.61	26.18	32.07	6			desconocido
313	cortona	20	44.23	740	1.74	26.08	91.46	5			desconocido
314	octogonal	102	225.60	3799	8.94	25.90	465.16	52			desconocido
315	erigida	13	28.75	485	1.14	25.85	59.24	12			desconocido
316	voluta	31	68.56	1165	2.74	25.66	140.83	18			desconocido
317	exuberancia	12	26.54	452	1.06	25.60	54.46	10			desconocido
318	metopa	13	28.75	491	1.16	25.53	58.93	8			desconocido
319	velde	16	35.39	606	1.43	25.46	72.44	9			desconocido
320	jónico	48	106.16	1843	4.34	25.10	216.06	27			desconocido
321	crucería	68	150.40	2636	6.20	24.86	304.81	31			desconocido
322	poligonal	70	154.82	2714	6.39	24.85	313.76	43			desconocido
323	mausoleo	124	274.25	4810	11.32	24.84	555.68	35			desconocido
324	urbanismo	96	212.33	3734	8.79	24.77	429.70	43			desconocido
325	bizantina	7	15.48	273	0.64	24.70	31.30	7			desconocido
326	esgrafiado	13	28.75	508	1.20	24.65	58.07	5			desconocido
327	rococó	24	53.08	950	2.24	24.33	106.61	15			desconocido
328	cenotafio	16	35.39	645	1.52	23.88	70.50	6			desconocido
329	grandiosidad	9	19.91	363	0.85	23.87	39.65	8			desconocido
330	brunelleschi	13	28.75	529	1.25	23.65	57.05	7			desconocido
331	rascacielos	151	333.97	6168	14.52	23.56	661.53	38			desconocido
332	baldassare	9	19.91	369	0.87	23.47	39.36	5			desconocido
333	cóncava	9	19.91	369	0.87	23.47	39.36	6			desconocido
334	sobrio	74	163.67	3046	7.17	23.37	323.09	40			desconocido
335	cisterciense	43	95.10	1783	4.20	23.20	187.13	21			desconocido
336	urbanista	22	48.66	915	2.15	23.13	95.61	15			desconocido
337	encalado	12	26.54	500	1.18	23.08	52.11	11			desconocido
338	aljafería	9	19.91	375	0.88	23.08	39.08	5			desconocido
339	selim	36	79.62	1501	3.53	23.07	156.28	7			desconocido
340	magnificencia	13	28.75	542	1.28	23.07	56.44	10			desconocido
341	paleocristián	14	30.96	584	1.37	23.06	60.76	10			desconocido
342	sasánida	13	28.75	543	1.28	23.02	56.39	5			desconocido
343	hannes	16	35.39	671	1.58	22.93	69.28	6			desconocido
344	moneo	12	26.54	506	1.19	22.80	51.83	6			desconocido
345	rathaus	7	15.48	296	0.70	22.74	30.20	5			desconocido
346	academicismo	15	33.18	638	1.50	22.60	64.54	13			desconocido
347	fachada	21	46.45	897	2.11	22.50	90.18	12			desconocido
348	konstantín	26	57.50	1123	2.64	22.25	111.10	7			desconocido
349	entablamento	38	84.05	1646	3.87	22.18	162.16	17			desconocido
350	porche	33	72.99	1430	3.37	22.17	140.80	27			desconocido
351	horizontalidad	8	17.69	347	0.82	22.15	34.12	7			desconocido
352	egas	16	35.39	696	1.64	22.09	68.15	6			desconocido
353	tipológico	11	24.33	480	1.13	22.02	46.79	10			desconocido
354	église	19	42.02	831	1.96	21.96	80.73	12			desconocido
355	vandelvira	9	19.91	395	0.93	21.89	38.18	5			desconocido
356	morisco	33	72.99	1452	3.42	21.83	139.83	12			desconocido
357	expresionismo	54	119.43	2386	5.62	21.74	228.37	22			desconocido
358	neoclásica	17	37.60	751	1.77	21.74	71.90	16			desconocido
359	ligereza	26	57.50	1161	2.73	21.50	109.43	21			desconocido
360	manierista	50	110.59	2238	5.27	21.45	210.21	22			desconocido
361	policromada	9	19.91	404	0.95	21.39	37.79	7			desconocido
362	balaustrada	39	86.26	1755	4.13	21.33	163.56	24			desconocido
363	soportal	16	35.39	720	1.69	21.33	67.10	11			desconocido
364	perrault	18	39.81	812	1.91	21.28	75.40	6			desconocido
365	siciliano	32	70.78	1449	3.41	21.20	133.82	7			desconocido
366	congregacional	9	19.91	408	0.96	21.17	37.62	7			desconocido
367	palmeta	8	17.69	366	0.86	20.98	33.30	6			desconocido
368	frontón	147	325.12	6742	15.87	20.92	611.12	50			desconocido
369	reurbanización	8	17.69	367	0.86	20.92	33.25	6			desconocido
370	prefabricada	11	24.33	508	1.20	20.78	45.58	6			desconocido
371	monástica	22	48.66	1017	2.39	20.76	91.13	14			desconocido
372	reconstruido	119	263.20	5507	12.96	20.73	492.66	61			desconocido
373	apuntado	85	188.00	3942	9.28	20.69	351.55	37			desconocido
374	cerramiento	21	46.45	975	2.29	20.66	86.81	13			desconocido
375	capitel	149	329.55	6928	16.31	20.63	615.51	60			desconocido
376	burnham	28	61.93	1308	3.08	20.53	115.41	5			desconocido
377	teja	99	218.96	4628	10.89	20.52	407.94	42			desconocido
378	fust	10	22.12	470	1.11	20.41	41.10	8			desconocido
379	pechina	31	68.56	1463	3.44	20.32	127.17	14			desconocido
380	ornamento	74	163.67	3519	8.28	20.16	302.49	48			desconocido
381	academicista	15	33.18	714	1.68	20.14	61.29	8			desconocido
382	ejemplificado	13	28.75	619	1.46	20.14	53.11	13			desconocido
383	skidmore	13	28.75	620	1.46	20.10	53.07	7			desconocido
384	moscow	44	97.32	2121	4.99	19.89	178.71	7			desconocido
385	archivo	4005	8857.95	193303	454.96	19.86	16257.20	168			desconocido
386	duomo	28	61.93	1352	3.18	19.85	113.64	9			desconocido
387	novohispano	23	50.87	1115	2.62	19.77	93.17	6			desconocido
388	escalonada	14	30.96	680	1.60	19.73	56.66	12			desconocido
389	moscovito	18	39.81	880	2.07	19.60	72.62	5			desconocido
390	pilastra	122	269.83	5990	14.10	19.52	491.22	41			desconocido
391	azulejo	88	194.63	4330	10.19	19.47	353.96	42			desconocido
392	escenográfico	12	26.54	594	1.40	19.35	48.13	11			desconocido
393	extramuros	12	26.54	594	1.40	19.35	48.13	8			desconocido
394	ventanal	60	132.70	2974	7.00	19.33	240.49	33			desconocido
395	cantero	38	84.05	1884	4.43	19.32	152.30	15			desconocido
396	neorrománico	13	28.75	645	1.52	19.31	52.08	8			desconocido
397	austero	47	103.95	2334	5.49	19.29	188.22	34			desconocido
398	estalinista	24	53.08	1193	2.81	19.27	96.07	11			desconocido
399	casetón	11	24.33	549	1.29	19.19	43.95	8			desconocido
400	albi	24	53.08	1200	2.82	19.16	95.80	5			desconocido
401	bizantín	122	269.83	6104	14.37	19.14	486.82	36			desconocido
402	baldaquino	11	24.33	552	1.30	19.09	43.83	7			desconocido
403	aqueménida	15	33.18	753	1.77	19.08	59.76	6			desconocido
404	preislámico	12	26.54	603	1.42	19.06	47.78	10			desconocido
405	mercadal	11	24.33	554	1.30	19.02	43.75	5			desconocido
406	sasánido	38	84.05	1921	4.52	18.94	150.88	8			desconocido
407	transfiguración	21	46.45	1065	2.51	18.88	83.25	8			desconocido
408	pirámid	52	115.01	2639	6.21	18.87	206.08	16			desconocido
409	retícula	15	33.18	761	1.79	18.87	59.46	6			desconocido
410	neorrenacentista	14	30.96	711	1.67	18.86	55.46	7			desconocido
411	calado	16	35.39	814	1.92	18.82	63.33	13			desconocido
412	siloé	11	24.33	560	1.32	18.81	43.53	5			desconocido
413	vidriado	27	59.72	1376	3.24	18.79	106.79	21			desconocido
414	italianizante	11	24.33	561	1.32	18.77	43.49	8			desconocido
415	neogótica	10	22.12	510	1.20	18.77	39.54	8			desconocido
416	kaaba	8	17.69	408	0.96	18.77	31.63	5			desconocido
417	isabelino	20	44.23	1023	2.41	18.72	78.96	15			desconocido
418	gili	20	44.23	1026	2.41	18.66	78.85	10			desconocido
419	escalonado	51	112.80	2629	6.19	18.57	200.60	34			desconocido
420	hinduista	44	97.32	2276	5.36	18.51	172.77	8			desconocido
421	bóveda	420	928.92	21814	51.34	18.43	1645.93	117			desconocido
422	aparejo	37	81.83	1925	4.53	18.40	144.88	14			desconocido
423	gothic	26	57.50	1353	3.18	18.39	101.80	10			desconocido
424	canecillo	15	33.18	783	1.84	18.33	58.64	5			desconocido
425	toruń	15	33.18	783	1.84	18.33	58.64	5			desconocido
426	salomónica	14	30.96	733	1.73	18.28	54.65	12			desconocido
427	estilístico	90	199.06	4723	11.12	18.24	350.92	56			desconocido
428	pervivencia	14	30.96	737	1.73	18.18	54.50	5			desconocido
429	sinan	9	19.91	475	1.12	18.13	34.99	5			desconocido
430	paja	99	218.96	5239	12.33	18.08	384.44	52			desconocido
431	modernismo	31	68.56	1654	3.89	17.93	119.89	21			desconocido
432	simplicidad	54	119.43	2885	6.79	17.91	208.71	39			desconocido
433	entrance	12	26.54	643	1.51	17.85	46.31	10			desconocido
434	apilado	10	22.12	536	1.26	17.85	38.59	6			desconocido
435	porticado	19	42.02	1019	2.40	17.84	73.30	17			desconocido
436	palacete	8	17.69	429	1.01	17.84	30.86	6			desconocido
437	tipología	90	199.06	4866	11.45	17.69	345.81	46			desconocido
438	arquivolta	27	59.72	1487	3.50	17.36	102.79	11			desconocido
439	cantería	30	66.35	1654	3.89	17.34	114.15	8			desconocido
440	toscana	14	30.96	775	1.82	17.27	53.16	6			desconocido
441	pareada	10	22.12	556	1.31	17.19	37.89	8			desconocido
442	ambulatorio	8	17.69	446	1.05	17.15	30.27	5			desconocido
443	alvar	25	55.29	1394	3.28	17.14	94.59	8			desconocido
444	argamasa	15	33.18	839	1.97	17.09	56.67	11			desconocido
445	columnilla	9	19.91	504	1.19	17.07	33.98	5			desconocido
446	cisterna	39	86.26	2188	5.15	17.04	147.11	12			desconocido
447	ejemplificar	36	79.62	2022	4.76	17.02	135.72	24			desconocido
448	perecedero	14	30.96	788	1.85	16.98	52.72	14			desconocido
449	monumental	239	528.60	13481	31.73	16.94	899.07	104			desconocido
450	despojado	21	46.45	1185	2.79	16.94	78.98	12			desconocido
451	decorado	371	820.55	20954	49.32	16.92	1394.71	126			desconocido
452	exuberante	35	77.41	1980	4.66	16.89	131.47	27			desconocido
453	grandioso	45	99.53	2553	6.01	16.84	168.79	29			desconocido
454	bofill	12	26.54	681	1.60	16.84	45.00	7			desconocido
455	techumbre	28	61.93	1597	3.76	16.75	104.74	17			desconocido
456	peristilo	10	22.12	571	1.34	16.73	37.39	9			desconocido
457	calentar	103	227.81	5918	13.93	16.63	383.86	31			desconocido
458	sustentable	33	72.99	1897	4.46	16.62	122.95	15			desconocido
459	carolingia	18	39.81	1037	2.44	16.58	66.99	10			desconocido
460	excavada	23	50.87	1331	3.13	16.51	85.40	12			desconocido
461	chartres	32	70.78	1852	4.36	16.50	118.82	9			desconocido
462	neues	12	26.54	698	1.64	16.42	44.44	5			desconocido
463	paisajista	30	66.35	1748	4.11	16.39	111.01	6			desconocido
464	rematada	19	42.02	1110	2.61	16.35	70.21	14			desconocido
465	ménsula	32	70.78	1873	4.41	16.32	118.13	19			desconocido
466	fortificada	22	48.66	1296	3.05	16.21	80.95	18			desconocido
467	palazzo	104	230.02	6147	14.47	16.16	382.02	23			desconocido
468	herradura	54	119.43	3192	7.51	16.15	198.35	22			desconocido
469	autarquía	9	19.91	533	1.25	16.12	33.03	5			desconocido
470	paleocristiano	9	19.91	533	1.25	16.12	33.03	7			desconocido
471	profús	11	24.33	652	1.53	16.11	40.35	10			desconocido
472	intrincado	27	59.72	1604	3.78	16.07	98.92	22			desconocido
473	losa	69	152.61	4102	9.65	16.06	252.70	26			desconocido
474	cocción	53	117.22	3155	7.43	16.04	193.97	15			desconocido
475	normar	30	66.35	1791	4.22	15.99	109.63	11			desconocido
476	friso	69	152.61	4137	9.74	15.92	251.59	38			desconocido
477	pilot	19	42.02	1141	2.69	15.90	69.22	10			desconocido
478	ostentación	10	22.12	602	1.42	15.86	36.39	10			desconocido
479	mampostería	123	272.04	7410	17.44	15.84	447.37	63	Q272999	2	generico
480	urbanístico	122	269.83	7357	17.32	15.83	443.51	45			desconocido
481	recargado	10	22.12	604	1.42	15.80	36.32	8			desconocido
482	mesoamericán	15	33.18	908	2.14	15.77	54.42	5			desconocido
483	paramento	26	57.50	1579	3.72	15.72	94.17	17			desconocido
484	terracota	12	26.54	729	1.72	15.71	43.46	9			desconocido
485	edificio	219	484.37	13329	31.37	15.68	792.32	65			desconocido
486	colosal	35	77.41	2131	5.02	15.68	126.60	20			desconocido
487	tubería	98	216.75	5970	14.05	15.67	354.38	20			desconocido
488	vidrio	11	24.33	673	1.58	15.60	39.69	10			desconocido
489	tímpano	40	88.47	2448	5.76	15.59	144.30	19			desconocido
490	chapitel	16	35.39	989	2.33	15.44	57.42	13			desconocido
491	monolítico	19	42.02	1175	2.77	15.43	68.17	12			desconocido
492	terma	34	75.20	2108	4.96	15.39	121.82	14			desconocido
493	acanto	10	22.12	620	1.46	15.39	35.83	8			desconocido
494	pináculo	34	75.20	2114	4.98	15.34	121.64	22			desconocido
495	beauvais	19	42.02	1183	2.78	15.32	67.93	8			desconocido
496	ruskin	11	24.33	685	1.61	15.32	39.32	7			desconocido
497	incrustación	31	68.56	1950	4.59	15.16	110.23	10			desconocido
498	califal	13	28.75	824	1.94	15.05	46.04	6			desconocido
499	buhardilla	11	24.33	699	1.65	15.01	38.90	9			desconocido
500	moma	22	48.66	1410	3.32	14.88	77.45	8			desconocido
