abdicar,114.14
abolición,176.39
abolido,72.63
abolir,383.91
absolutismo,51.88
absolutista,83.01
absorber,155.64
acaya,83.01
acepción,51.88
aconfesional,103.76
acuerdo,155.64
acuñar,93.38
adjetivo,83.01
administración,819.7
administrar,228.27
administrativo,954.58
admisión,280.15
admitido,41.5
admitir,311.28
adopción,134.89
adueñar,41.5
afganistán,415.04
african,83.01
africano,259.4
agencia,155.64
agenda,62.26
alamán,51.88
albania,207.52
alemana,197.14
algodón,83.01
aliados,62.26
alianza,311.28
aliar,62.26
ambición,83.01
analista,93.38
anarquía,51.88
anatolia,103.76
andorra,207.52
anexado,62.26
anexar,155.64
anexionado,41.5
anexionar,62.26
anexión,197.14
anexo,508.42
angola,197.14
anjou,176.39
antiguo,155.64
antiguos,134.89
antigüedad,83.01
antioquía,83.01
aparato,383.91
apartheid,249.02
aplicable,83.01
aplicado,145.26
aplicar,529.17
apoderar,103.76
apogeo,124.51
apresurar,41.5
aprobación,228.27
aprobar,622.56
apulia,51.88
aquitania,1089.47
arabia,415.04
arcaico,83.01
archipelágico,41.5
argumentar,280.15
aristocracia,176.39
aristocrático,83.01
arma,1556.39
armado,466.92
arrebatar,51.88
arroz,134.89
artículo,186.77
aruba,51.88
arábigo,41.5
asamblea,612.18
asegurar,363.16
asentar,186.77
asia,767.82
asignado,134.89
aspiración,83.01
asunto,632.93
atatürk,41.5
ateo,145.26
atila,31.13
atribución,72.63
atributo,103.76
augsburgo,83.01
austrohúngaro,72.63
autodenominar,31.13
autodeterminación,62.26
autogobierno,62.26
autonomía,560.3
autoproclamado,51.88
autoridad,72.63
autoritario,103.76
autónomo,632.93
aventurero,51.88
azul,166.01
años,93.38
baden,726.31
balcanes,93.38
bangladés,93.38
bantustán,767.82
baréin,62.26
basilea,103.76
baviera,280.15
bengala,155.64
bereber,31.13
berg,62.26
besarabia,41.5
bhopal,31.13
bielorrusia,176.39
bienestar,186.77
bilateral,83.01
birmania,290.53
bismarck,72.63
bizancio,51.88
bizantino,83.01
bizantín,93.38
bloque,114.14
bohemia,103.76
bombay,114.14
bonaparte,93.38
bosnia,217.89
botsuana,72.63
brandeburgo,72.63
bremen,93.38
bretaña,954.58
britania,114.14
británico,145.26
brunswick,62.26
brunéi,51.88
bucovina,41.5
budista,166.01
bulgaria,186.77
burguesía,166.01
burgués,41.5
burocracia,93.38
burocrático,41.5
burundi,51.88
burócrata,51.88
bután,72.63
báltico,51.88
bárbaro,72.63
bélico,114.14
búlgaro,145.26
cachemira,238.65
calabria,51.88
califato,197.14
cambiado,31.13
camboya,103.76
camerún,176.39
campesino,228.27
canalla,83.01
caos,62.26
capital,1328.12
capitalismo,176.39
capitalista,186.77
carente,41.5
carlomagno,93.38
carolingia,31.13
carolingio,41.5
carta,145.26
casimiro,93.38
casta,72.63
catalogar,134.89
catolicismo,155.64
católicos,93.38
cefalonia,207.52
ceilán,41.5
celta,62.26
centralismo,83.01
centralización,83.01
centralizado,197.14
centroafricana,41.5
cerdeña,114.14
ceremonial,83.01
cesión,93.38
chechenia,31.13
checoslovaquia,83.01
chiita,41.5
china,1535.64
chipre,217.89
chií,41.5
ciudadano,798.95
ciudadanía,290.53
civil,830.07
civilización,145.26
civilizado,31.13
civitates,51.88
clero,145.26
client,134.89
cliente,300.9
clodoveo,72.63
cláusula,103.76
coercitivo,41.5
cohesionado,31.13
colapsar,62.26
colapso,83.01
colegiado,41.5
colonia,705.56
colonial,363.16
colonialismo,41.5
colonias,72.63
colonización,103.76
colono,145.26
comerciar,83.01
comercio,726.31
comisionado,103.76
commonwealth,342.41
comoras,51.88
compromiso,93.38
comunismo,62.26
comunista,217.89
conceder él,31.13
concentrado,72.63
concepción,228.27
concepto,1099.85
concernir,41.5
concordato,31.13
concreto,134.89
conde,1089.47
condesa,145.26
condición,964.96
confederación,715.94
confederado,259.4
confederados,72.63
confesional,217.89
confesión,207.52
conflicto,1130.98
conformar,321.65
confundir,166.01
confundir él,62.26
congo,166.01
conquista,622.56
conquistado,103.76
conquistar,508.42
consejo,1213.98
consejos,103.76
consentimiento,72.63
considerar él,197.14
consolidación,83.01
constantino,114.14
constantinopla,155.64
constanza,103.76
constitucional,145.26
constitución,1577.14
constituir él,41.5
constitutiva,31.13
constitutivo,103.76
constituyente,300.9
consuetudinario,31.13
consultivo,51.88
contemporánea,72.63
continente,249.02
contradicción,62.26
contrapart,31.13
contrarrestar,62.26
control,1649.77
controlado,186.77
controlar,581.05
convención,321.65
convivencia,51.88
cooperación,72.63
corea,601.8
corinto,51.88
corona,736.69
corán,62.26
countries,41.5
creencia,238.65
creyent,134.89
crimea,176.39
cristianismo,269.77
cristiano,456.54
criterio,311.28
cruzada,72.63
cruzadas,51.88
cruzado,166.01
cuestión,425.41
curazao,41.5
cáucaso,134.89
dagoberto,83.01
danubio,197.14
danzig,62.26
deber,134.89
decadencia,93.38
declaración,83.01
declarativo,72.63
definición,404.66
definido,238.65
definir,643.31
delaware,134.89
delegado,114.14
delegar,124.51
delhi,166.01
delimitado,72.63
delincuencia,51.88
democracia,383.91
democrática,373.53
democrático,456.54
demócrata,62.26
denegar,41.5
dependencia,197.14
deponer,155.64
derecho,2926.01
derrocamiento,124.51
derrocar,103.76
descendiente,217.89
descentralización,93.38
descolonización,31.13
designación,114.14
desigual,83.01
desigualdad,83.01
desintegración,83.01
desmembramiento,41.5
despectivo,41.5
despojo,31.13
despotado,83.01
despotismo,93.38
determinado,342.41
detractor,41.5
devastar,51.88
dictador,83.01
dictadura,321.65
dictaminar,51.88
dictatorial,51.88
dieta,83.01
diferenciar,155.64
diferir,134.89
dignidad,93.38
dinamarca,352.78
dinastía,145.26
dinástico,145.26
diplomacia,51.88
diplomático,373.53
dirigente,51.88
disolución,238.65
disolver,321.65
disputa,207.52
distar,31.13
distinción,207.52
distinto,456.54
dividido,342.41
dividir,674.43
doctrina,41.5
dominación,166.01
dominado,176.39
dominante,228.27
dominio,41.5
ducado,1743.15
ducados,166.01
ducal,41.5
duque,269.77
duquesa,114.14
déspota,83.01
eclesiástico,249.02
economía,622.56
económico,1753.53
edad,93.38
edicto,41.5
efectivo,290.53
egeo,62.26
egipto,518.8
ejercer,664.06
ejército,1328.12
electivo,31.13
elector,83.01
electorado,72.63
eliminar él,41.5
elite,31.13
emergente,176.39
emir,155.64
emirato,996.09
emiratos,124.51
emperador,166.01
enclave,103.76
enfatizar,83.01
englobar,72.63
enmendar,41.5
enmienda,62.26
enriquecido,72.63
ente,72.63
entendido,51.88
entidad,1162.1
epiro,207.52
eritrea,62.26
ernesto,269.77
escindir,41.5
esclavista,238.65
esclavitud,425.41
esclavo,373.53
escocia,311.28
escocés,31.13
esparta,62.26
especia,72.63
estabilidad,114.14
estable,290.53
establecer,1898.79
establecido,581.05
establecimiento,383.91
establishment,31.13
estatal,1348.87
estatalidad,51.88
estatus,31.13
estatuto,103.76
estipular,62.26
estratégico,217.89
estricto,176.39
etiopía,114.14
etnia,342.41
eurasia,62.26
europa,1483.76
europea,498.04
europeo,778.19
evangelización,41.5
excepción,415.04
existencia,705.56
existente,311.28
existir,809.32
expandar,41.5
expandeír,93.38
expansión,435.79
expensas,41.5
expulsar,238.65
extender él,62.26
extensivo,51.88
exterior,321.65
externo,51.88
facto,342.41
facultado,51.88
fallido,332.03
favorecer,176.39
favorecido,62.26
federación,311.28
federado,570.68
federados,93.38
federal,933.83
federalismo,31.13
federativa,197.14
federativo,62.26
federico,394.28
feroe,41.5
feudal,41.5
feudalismo,93.38
feudo,114.14
fideicomiso,41.5
fiduciario,31.13
filipinas,290.53
finlandización,31.13
fiscal,134.89
fiyi,62.26
foreign,134.89
forma,41.5
formal,280.15
formas,259.4
forzar,124.51
fragmentado,41.5
fragmentar,62.26
franco,332.03
franconia,62.26
francos,114.14
frenar,62.26
friburgo,93.38
frontera,933.83
fronterizo,259.4
frágil,684.81
fría,238.65
fulco,51.88
funcionario,300.9
fundamentar,72.63
galia,93.38
gambia,93.38
garantizado,62.26
garantizar,300.9
gascuña,197.14
generalizar,51.88
geopolítica,31.13
geopolítico,41.5
germánica,93.38
germánico,269.77
globalización,51.88
gobernación,145.26
gobernado,518.8
gobernador,840.45
gobernant,41.5
gobernante,124.51
gobernanza,93.38
gobernar,1110.22
gobierno,3745.71
godofredo,166.01
gotha,72.63
government,72.63
gozar,228.27
groenlandia,62.26
guernsey,41.5
guerras,72.63
guerrilla,124.51
guido,114.14
guillermo,871.58
génova,93.38
habsburgo,186.77
hamburgo,134.89
hegel,83.01
hegemonía,124.51
hegemónico,93.38
helenístico,83.01
helvética,31.13
heredado,62.26
heredar,217.89
heredera,83.01
heredero,311.28
hereditario,197.14
hermanastro,51.88
herzegovina,103.76
hesse,114.14
heterogéneo,51.88
hindú,93.38
hispania,155.64
hispanoamericana,51.88
hispánica,51.88
hispánico,83.01
hobbes,41.5
hohenstaufen,62.26
honorífico,72.63
horda,134.89
hostil,103.76
hungría,373.53
ideología,228.27
ideológico,145.26
ideólogo,41.5
igual,31.13
igualdad,207.52
ilegítimo,62.26
imperial,269.77
imperialismo,31.13
imperio,31.13
imperios,166.01
implantar,62.26
implementación,176.39
implicar,394.28
imponer,373.53
imponer él,62.26
imposición,51.88
impuesto,435.79
imán,72.63
incapacidad,62.26
incapaz,114.14
incorporado,124.51
independencia,1566.76
independiente,1660.15
independizar,217.89
independizar él,31.13
india,1795.03
indian,72.63
indias,715.94
indiferencia,41.5
indio,332.03
indirecto,124.51
indonesia,342.41
industrializado,197.14
influencia,757.44
informal,93.38
inherente,62.26
injerencia,31.13
inmoral,41.5
instauración,51.88
institucional,155.64
institución,1120.6
instituido,31.13
insular,217.89
insulares,51.88
insurgente,41.5
integrado,383.91
interestatal,51.88
interferencia,62.26
intergubernamental,31.13
internacional,1950.67
interno,591.43
invadir,207.52
invasión,529.17
invasor,72.63
invocar,114.14
irak,373.53
iraní,31.13
irlanda,446.16
irán,581.05
islam,197.14
islamismo,41.5
islas,560.3
islámica,134.89
islámico,114.14
itálico,124.51
iure,51.88
jammu,207.52
jefferson,93.38
jequ,51.88
jerarquía,176.39
jerusalén,332.03
jerárquico,62.26
jordania,103.76
juche,41.5
judicial,383.91
jure,41.5
jurisdicción,383.91
jurídico,612.18
justicia,373.53
justificación,51.88
justificar,124.51
jónicas,62.26
kampuchea,41.5
kanato,342.41
kansas,166.01
kant,83.01
kazajistán,186.77
kemal,41.5
kentucky,591.43
kiev,134.89
kirguistán,93.38
kiribati,51.88
kosovo,145.26
kurdo,51.88
kuwait,62.26
laico,394.28
laos,145.26
lazo,93.38
leal,166.01
lealtad,166.01
legal,850.83
legalidad,134.89
legislación,238.65
legislar,31.13
legislativa,114.14
legislativo,332.03
legislatura,176.39
legitimación,31.13
legitimado,31.13
legitimar,62.26
legitimidad,269.77
legítimo,332.03
lenin,103.76
leona,72.63
lesoto,62.26
letonia,93.38
leyes,103.76
liberal,311.28
liberalismo,124.51
libertad,757.44
libia,269.77
libre,1431.88
liechtenstein,186.77
limitado,383.91
lincoln,249.02
lituania,124.51
loira,83.01
lombardo,62.26
luxemburgo,166.01
länder,166.01
líbano,124.51
lübeck,103.76
macedonia,103.76
macroeconómico,31.13
made,62.26
madrás,124.51
magno,62.26
magreb,72.63
mahoma,124.51
maine,103.76
malaca,62.26
malaui,41.5
malaya,51.88
maldivas,62.26
malta,269.77
mancomunidad,41.5
mandato,518.8
marianas,93.38
marino,103.76
marqués,311.28
marruecos,280.15
marx,145.26
marxista,83.01
maryland,249.02
marítimo,197.14
mayoritario,83.01
meca,51.88
media,342.41
medieval,373.53
mediterráneo,197.14
mehmed,51.88
membresía,176.39
meridional,166.01
mero,103.76
merovingio,72.63
mesopotamia,51.88
metrópoli,93.38
microestado,41.5
micronaciones,41.5
micronación,342.41
micronesia,93.38
minoría,134.89
misuri,342.41
moderna,51.88
moderno,1120.6
moldavia,332.03
monarca,31.13
monarquía,311.28
mongol,62.26
mongolia,217.89
monopolio,207.52
montenegro,176.39
monárquico,145.26
morea,103.76
moscovia,41.5
mozambique,124.51
multilateral,31.13
multinacional,83.01
multiétnico,134.89
mustafa,41.5
musulmán,300.9
mutuo,93.38
mónaco,259.4
nacionalidad,186.77
nacionalismo,62.26
nacionalista,145.26
naciones,1431.88
nación,1940.3
namibia,352.78
napoleón,207.52
napoleónica,83.01
napoleónico,51.88
nations,83.01
nativo,103.76
nauru,93.38
nazi,72.63
neerlandesa,31.13
negativa,83.01
neologismo,31.13
neologismos,31.13
neutral,186.77
neutralidad,166.01
nigeria,518.8
nilo,155.64
niue,31.13
nobiliario,124.51
noble,155.64
nobleza,238.65
noción,114.14
nominal,176.39
normando,62.26
normandía,145.26
normativo,51.88
noroeste,83.01
norte,1255.49
nuclear,2344.96
nupcia,83.01
nápoles,186.77
néyed,83.01
nómado,72.63
obligación,249.02
obligatorio,134.89
obrero,103.76
observador,155.64
obstante,549.92
occidental,747.07
occidentales,51.88
occidente,259.4
oceanía,114.14
ocupación,311.28
ocupado,269.77
ocupante,93.38
oldemburgo,62.26
oligarquía,51.88
omeya,93.38
omnipotente,31.13
omán,62.26
oponer,228.27
oposición,487.67
ordenamiento,72.63
organismo,383.91
organización,311.28
organizativo,62.26
oriental,466.92
orientales,93.38
oriente,373.53
ortodoxo,207.52
oscura,41.5
otan,166.01
otomano,228.27
pactar,62.26
pacto,155.64
pacífico,124.51
pagano,62.26
pahlavi,51.88
pakistán,383.91
palaos,72.63
palatinado,51.88
palatino,41.5
palestina,300.9
papúa,134.89
parlamento,62.26
partición,93.38
partidista,41.5
patria,155.64
paulatín,41.5
país,7263.14
países,684.81
peloponeso,72.63
penetración,51.88
pensador,51.88
península,373.53
percibir,124.51
perdurar,114.14
periferia,72.63
permanente,539.55
persa,176.39
persia,176.39
personal,93.38
pertenencia,72.63
peyorativo,51.88
piadoso,72.63
plebiscito,51.88
plena,41.5
pleno,352.78
plural,134.89
pluralidad,72.63
pluralismo,83.01
plurinacional,197.14
poder,684.81
poderoso,404.66
policial,415.04
policy,124.51
polis,456.54
political,62.26
politics,51.88
política,819.7
político,3745.71
pontificios,31.13
popular,757.44
portugués,155.64
posesión,477.29
potencia,715.94
potestad,62.26
practicar,249.02
pragmático,41.5
precepto,83.01
precipitar,51.88
predominio,62.26
preponderante,31.13
prestigio,134.89
pretensión,62.26
preámbulo,31.13
principado,114.14
principados,41.5
principesco,394.28
principio,93.38
privar,62.26
privilegiado,62.26
privilegio,145.26
proclamación,72.63
proclamado,83.01
proclamar,415.04
procurar,62.26
progresista,72.63
prohibir,197.14
proletariado,83.01
prominencia,41.5
promulgación,72.63
promulgado,72.63
propuesto,166.01
prosperar,62.26
protector,83.01
protectorado,228.27
protestante,51.88
provincias,269.77
provisional,114.14
provisión,72.63
prusia,508.42
prusiano,51.88
práctica,674.43
príncipe,964.96
putin,83.01
párrafo,93.38
pérsico,41.5
racial,124.51
rada,249.02
ratificación,51.88
ratificado,72.63
ratificar,145.26
reaccionario,31.13
real,1245.11
rebelde,124.51
recelo,41.5
rechtsstaat,259.4
reclamación,124.51
reclamado,31.13
reclamar,332.03
reclutamiento,51.88
recobrar,41.5
reconocer,1701.65
reconocido,581.05
reconocimiento,871.58
reconquistar,41.5
redefinir,31.13
reducido,238.65
referéndum,311.28
regencia,72.63
regente,155.64
regir,114.14
regímén,103.76
reich,300.9
reichstag,72.63
reinado,415.04
reinante,41.5
reinar,103.76
reino,3807.96
reinos,394.28
reintegrar,31.13
reivindicación,83.01
religioso,1483.76
religión,145.26
remitir,72.63
renania,62.26
renano,31.13
reorganizar,93.38
representante,622.56
republic,83.01
republicano,300.9
república,62.26
repúblicas,186.77
reservar,62.26
residencia,103.76
resolución,456.54
respetar,176.39
retener,145.26
revolucionario,207.52
revolución,498.04
revuelta,228.27
reza,41.5
riqueza,228.27
rival,93.38
romanización,41.5
romanizado,62.26
romano,529.17
ruanda,72.63
rule,41.5
rumanía,93.38
rusa,93.38
rusia,1307.37
ruso,93.38
régimen,134.89
saboya,93.38
sacro,581.05
sajonia,197.14
sajón,51.88
salida,498.04
salomón,114.14
samoa,62.26
sanción,166.01
sarre,62.26
satisfacer,207.52
satélite,124.51
saudita,155.64
saudí,83.01
sebastopol,72.63
secesión,404.66
secular,93.38
sede,259.4
sedentario,114.14
segregación,72.63
seguridad,477.29
separación,62.26
separado,394.28
septentrional,124.51
serbia,238.65
servidumbre,41.5
señorío,186.77
señoríos,41.5
shan,41.5
siam,114.14
sicilia,269.77
signatario,41.5
sikkim,62.26
silesia,72.63
simbólico,103.76
singapur,124.51
siria,321.65
soberano,342.41
soberanía,1151.73
social,2054.43
socialismo,83.01
socialista,404.66
socialistas,93.38
sociedad,1213.98
socioeconómico,83.01
sociopolítico,51.88
sojuzgar,31.13
solicitud,269.77
somalia,124.51
somalilandia,51.88
sometido,228.27
soviética,1348.87
soviéticas,93.38
soviético,466.92
stalin,114.14
state,404.66
states,290.53
status,31.13
suabia,103.76
suazilandia,114.14
subdivisión,145.26
subnacional,51.88
subordinación,51.88
subordinada,72.63
subordinado,134.89
subordinar,31.13
subsahariana,31.13
suceder,819.7
sucesión,290.53
sucesor,41.5
sudoeste,352.78
sudáfrica,923.46
sudán,664.06
sujeto,249.02
sultanato,72.63
sultán,404.66
sumisión,62.26
supeditado,41.5
superpotencia,83.01
supervisado,41.5
supervisar,114.14
supranacional,51.88
supremacía,51.88
supremo,197.14
supresión,62.26
surgido,103.76
surgimiento,103.76
sustancial,93.38
suzeranía,51.88
súbdito,207.52
tailandia,166.01
taiwán,186.77
tanganica,62.26
tapón,103.76
tarento,51.88
tayikistán,83.01
temor,93.38
tender,249.02
tennessee,217.89
teocracia,41.5
teocrático,62.26
teodorico,134.89
tercio,155.64
terminología,103.76
terranova,93.38
terrateniente,197.14
territorial,1079.1
territorio,269.77
territorios,155.64
terrorismo,114.14
terrorista,134.89
tesalónica,41.5
timor,72.63
togo,83.01
tolerancia,103.76
tolosa,280.15
tonga,51.88
totalitario,51.88
transjordania,103.76
transnistria,62.26
tratado,1130.98
tribal,217.89
tribu,581.05
tributario,280.15
tributo,300.9
trono,415.04
trípoli,62.26
tudor,41.5
turca,31.13
turco,31.13
turingia,145.26
turkmenistán,93.38
tutela,72.63
tuvalu,31.13
término,2282.7
títere,197.14
túnez,166.01
ucrania,487.67
ucraniano,435.79
uganda,93.38
ultramar,72.63
unidas,1058.34
unido,1286.61
unificación,41.5
unificado,145.26
unificar,114.14
unitario,207.52
unión,4648.41
urss,207.52
usurpación,31.13
uzbekistán,145.26
valaquia,197.14
varsovia,166.01
vasallaje,62.26
vasallo,83.01
vasto,103.76
vaticano,311.28
vea él,342.41
vecino,238.65
venecia,332.03
veneciano,62.26
verdún,62.26
vermont,62.26
versalles,103.76
vetar,93.38
veto,134.89
viabilidad,72.63
victorioso,83.01
vietnam,238.65
vigente,166.01
vigor,124.51
virginia,715.94
virrey,93.38
votante,93.38
votar,269.77
voto,705.56
vándalo,62.26
véase,41.5
vías,41.5
weber,72.63
weimar,103.76
wenceslao,62.26
westfalia,134.89
wettin,41.5
wurtemberg,62.26
yemen,228.27
yerno,31.13
yuan,166.01
yugoslavia,332.03
zanzíbar,51.88
áfrica,1016.84
árabe,72.63
árabes,93.38
élite,166.01
élites,41.5
étnico,466.92
índice,176.39
índico,72.63
