abdomen,112.81
abdominal,4.98
abducción,11.61
abeja,197.41
aberración,99.54
aberrante,34.84
abeto,34.84
abiótica,6.64
abiótico,8.29
ablación,58.06
ablativo,4.98
abono,51.43
abordaj,16.59
abordaje,48.11
abordar él,9.95
aborto,202.39
abrasión,8.29
absceso,13.27
absorber,159.26
absorber él,4.98
absorbido,23.22
absorción,154.28
abundancia,137.69
academic,28.2
accesorio,29.86
accidental,34.84
acelerado,43.13
acelerar,81.29
aceptabilidad,6.64
acervo,24.88
acetaminofén,4.98
acetilcolina,8.29
aciclovir,4.98
acidez,49.77
acidosis,24.88
acids,4.98
aclaramiento,33.18
acodo,11.61
acomodación,18.25
acompañant,6.64
aconsejable,31.52
acortamiento,11.61
acostado,13.27
acostar él,9.95
acrocianosis,4.98
acropaquia,4.98
actina,16.59
activación,114.47
activada,9.95
activado,34.84
activador,6.64
activadoro,4.98
activar,111.15
acuicultura,46.45
acumulación,9.95
acumular él,21.57
acumulativo,11.61
acuoso,31.52
acupuntura,6.64
acute,6.64
acuático,155.94
acuífero,24.88
acuñar,86.26
acúfeno,6.64
acúmulo,11.61
adaptabilidad,11.61
adaptabl,6.64
adaptar él,82.95
adaptation,9.95
adaptativa,14.93
adaptativo,74.65
adecuado,489.38
adecuar,28.2
adelgazamiento,14.93
adenina,4.98
adenocarcinoma,4.98
adenoid,21.57
adenoide,14.93
adenoidea,6.64
adenoma,13.27
adenopatía,13.27
adenopatías,4.98
adenosina,8.29
adenoviru,21.57
adenovirus,6.64
adherencia,51.43
adherido,26.54
adherir él,14.93
adipocito,6.64
adiposo,38.16
aditivo,19.91
adme,6.64
administrar,258.79
administrar él,18.25
adnasa,8.29
adnc,19.91
adnmt,51.43
adnn,9.95
adormecimiento,8.29
adquirido,141.01
adrenalina,18.25
aducción,11.61
adultez,8.29
adulto,296.95
adults,6.64
advances,13.27
advenimiento,26.54
adverso,137.69
adyuvante,6.64
aerobio,4.98
aerobiología,19.91
aerosol,33.18
aeruginós,31.52
aeróbico,49.77
aesthetic,14.93
afección,343.4
afectación,180.82
afectado,74.65
afectar,1247.51
afectar él,21.57
afecto,14.93
afiliir,4.98
afinidad,69.67
aflojamiento,4.98
afonía,4.98
agalla,16.59
agar,9.95
agarosa,8.29
agenesia,13.27
agente,456.21
agonista,33.18
agotamiento,44.79
agrandada,4.98
agrandado,9.95
agrandamiento,21.57
agravamiento,14.93
agravar,44.79
agravar él,6.64
agregación,16.59
agresividad,28.2
agresivo,76.31
agricultura,222.3
agricultural,11.61
agriculture,63.04
agrobiodiversidad,4.98
agroecología,19.91
agroecosistema,24.88
agroforestería,18.25
agroindustrial,9.95
agronomía,26.54
agronómico,26.54
agroquímico,4.98
agrupamiento,23.22
agrícola,457.86
agrónomo,29.86
agudeza,28.2
agudo,585.6
aguijón,11.61
aguja,122.76
ahogamiento,11.61
ahogo,4.98
aine,9.95
aire,773.06
aislado,165.89
aislamiento,92.9
aislante,14.93
aislar,77.97
ajustar,89.58
alargamiento,24.88
alarmante,9.95
albahaca,8.29
albendazol,4.98
albicans,14.93
albinismo,6.64
albúmina,13.27
alcalino,29.86
alcaloid,24.88
alcohol,159.26
alcohólico,86.26
aldosterona,6.64
aleatorio,77.97
aleatorizado,9.95
alelo,4.98
alergeno,6.64
alergia,13.27
alergias,8.29
aleta,76.31
aleteo,6.64
alevín,11.61
alfa,11.61
alfo,21.57
alga,117.78
algae,4.98
algodón,18.25
algoritmo,152.62
aliento,21.57
alimentación,31.52
alimentado,41.47
alimentar él,56.4
alimentario,210.68
alimenticio,71.33
alimento,13.27
alimentos,38.16
alineamiento,89.58
aliviar,111.15
aliviar él,4.98
alivio,53.09
almacenar,132.71
almidón,16.59
alogénica,9.95
alometría,4.98
alteraciones,21.57
alteración,9.95
alterado,82.95
alterar,212.34
altruismo,19.91
alveolar,4.98
alveolitis,21.57
alveolo,33.18
alvéolo,121.1
alzheimer,26.54
alélica,16.59
alélico,21.57
alérgeno,51.43
alérgico,159.26
amantadina,9.95
amarela,16.59
ambiental,751.49
ambientalismo,18.25
ambientalista,18.25
ambiente,18.25
ambiguo,34.84
ambliopía,18.25
ambulatorio,46.45
ameritar,13.27
amianto,9.95
amigdalectomía,4.98
amigdalitis,23.22
amilasa,8.29
amiloidosis,8.29
aminoglucósido,8.29
aminoácido,167.55
amiotrófico,8.29
amniocentesis,14.93
amniótico,44.79
amoxicilina,21.57
amplicón,9.95
amplificación,58.06
amplificado,9.95
amplificar,28.2
ampolla,18.25
amputación,36.5
amputado,21.57
amputar,19.91
amígdala,38.16
anabolismo,4.98
anabólico,6.64
anaerobias,6.64
anaerobio,8.29
anaeróbica,4.98
anaeróbico,38.16
anafase,8.29
analgésico,31.52
analizado,43.13
analizar,373.26
analizar él,16.59
analysis,41.47
analítica,13.27
analítico,49.77
anastomosis,8.29
anatomista,19.91
anatomopatológico,6.64
anatomopatólogo,6.64
anatomy,24.88
anatomía,210.68
anatómica,68.02
anatómico,149.3
ancestral,82.95
ancestro,114.47
anclado,39.81
andamiaje,6.64
anecdótico,18.25
anegamiento,6.64
anemia,8.29
anestesia,13.27
anestesiado,8.29
anestesiólogo,11.61
anestésico,41.47
aneuploidía,9.95
aneurisma,4.98
angina,23.22
angiografía,16.59
angiogénesis,11.61
angiología,16.59
angioplastia,26.54
angiosperma,44.79
anhidrosis,11.61
anhídrido,4.98
anidación,8.29
anillado,14.93
animal,202.39
animalia,13.27
animalium,8.29
animals,26.54
anomalía,223.96
anomalías,4.98
anorexia,21.57
anormal,209.02
anormalidad,106.17
anosmia,8.29
ansiedad,9.95
antebrazo,102.85
antecedentes,6.64
anthracis,6.64
anti,11.61
antiarrítmico,6.64
antibacteriano,8.29
antibiótico,48.11
antibióticos,13.27
anticoagulación,18.25
anticoagulado,4.98
anticoagulant,26.54
anticonceptivo,9.95
anticonvulsivo,4.98
anticuerpo,374.92
anticuerpos,4.98
antidepresivo,24.88
antifaz,8.29
antifosfolípido,6.64
antigénica,8.29
antigénico,34.84
antihistamínico,4.98
antiinflamatorio,26.54
antimicrobiana,6.64
antimicrobiano,13.27
antineoplásico,8.29
antinuclear,9.95
antioxidant,8.29
antioxidante,4.98
antipirético,4.98
antipsicótico,8.29
antiséptico,13.27
antitripsín,8.29
antitumoral,18.25
antiviral,8.29
antiácido,4.98
antropocéntrico,11.61
antropogénica,4.98
antropogénico,14.93
antropología,59.72
antropológico,26.54
antropometría,8.29
antrópico,8.29
antígeno,8.29
análisis,87.92
anómalo,46.45
anóxico,4.98
aorta,76.31
aortar,4.98
aorto,14.93
aparato,26.54
apareamiento,46.45
aparear,16.59
aparear él,11.61
apariencia,4.98
apego,19.91
apendicitis,8.29
apetito,33.18
apgar,8.29
apicultura,9.95
aplanamiento,9.95
aplicabilidad,11.61
aplicación,640.35
aplicado,202.39
aplicador,4.98
aplicar,472.79
aplicar él,49.77
apnea,63.04
aponeurosis,8.29
apoptosis,34.84
aporte,104.51
applications,16.59
applied,14.93
approach,24.88
approaches,8.29
apraxia,8.29
aprendido,19.91
aprisco,4.98
apropiado,142.67
aprovechamiento,46.45
aproximación,99.54
aptitud,68.02
apéndiz,26.54
apícola,8.29
apófisis,11.61
apósito,6.64
arabidopsis,19.91
aracnología,8.29
arado,14.93
aragonez,6.64
arboricultura,4.98
arbórea,13.27
arbóreo,18.25
arce,11.61
archaea,11.61
arcilloso,13.27
ardor,21.57
areola,39.81
arguir,8.29
arinto,23.22
aristóteles,72.99
arnm,6.64
arnr,13.27
arns,11.61
arnt,11.61
aroma,54.74
arquea,53.09
arqueogenética,4.98
array,21.57
arreflexia,21.57
arreflexio,4.98
arritmia,43.13
arritmias,13.27
arroz,177.51
arrozal,11.61
arruga,6.64
arsénico,101.19
arteria,11.61
arterial,8.29
arteriola,4.98
arterioso,18.25
arteriovenosa,23.22
arthropoda,4.98
articulación,174.19
articular,49.77
artificial,313.54
artritis,58.06
artropatía,4.98
artrópodo,72.99
asbesto,33.18
asbestosis,16.59
ascaris,6.64
ascitis,16.59
ascomycota,6.64
asepsia,6.64
asexual,24.88
asfixia,63.04
asimetría,31.52
asimétrico,24.88
asintomática,13.27
asintomático,56.4
asistencial,18.25
asistido,81.29
asiático,13.27
asma,56.4
asmática,8.29
asmático,28.2
asno,13.27
asociado,774.72
asociados,21.57
asocial,6.64
asociar,338.42
asociar él,48.11
aspecto,633.71
asperger,179.16
aspergillus,18.25
aspergilosis,14.93
aspiración,8.29
aspirado,19.91
aspirativo,13.27
aspirina,29.86
assessment,18.25
assist,9.95
astenia,8.29
asthma,13.27
astigmatismo,43.13
astrobiología,34.84
astrocito,14.93
astrocitoma,4.98
aséptico,8.29
ataxia,9.95
ataxio,21.57
atelectasia,6.64
atención,41.47
atenuación,21.57
atenuado,18.25
aterosclerosis,9.95
atmosférico,71.33
atrapamiento,46.45
atresia,9.95
atribuible,21.57
atrofia,13.27
atrofiar,4.98
atropina,8.29
atrófico,18.25
atsdr,6.64
aturdimiento,11.61
atípico,102.85
auditivo,53.09
aumentada,8.29
aumentado,56.4
aumentar,1026.88
aumentar él,11.61
aumento,19.91
aureus,48.11
auricular,11.61
aurícula,26.54
auscultación,26.54
auscultar,6.64
ausencia,243.86
australasian,8.29
autismo,4.98
autista,36.5
autoanticuerpo,24.88
autoantígeno,6.64
autoayuda,8.29
autoestima,16.59
autofecundación,11.61
autoinjerto,6.64
autoinmune,9.95
autoinmunidad,18.25
autoinmunitaria,24.88
autoinmunitario,11.61
autoinmún,51.43
autolimitado,8.29
automatizado,19.91
automatizar,9.95
autopsia,38.16
autorrealizar él,4.98
autosoma,13.27
autosómica,9.95
autosómico,242.2
autóctono,84.61
autólogo,23.22
autótrofo,4.98
auxilio,54.74
avance,326.81
aves,13.27
avian,13.27
aviar,16.59
aviario,41.47
avicena,11.61
avicultura,6.64
avispa,16.59
avium,8.29
avulsión,9.95
avícola,36.5
axial,44.79
axila,19.91
axilar,13.27
axonal,34.84
axón,91.24
ayurveda,4.98
azatioprina,9.95
azitromicina,14.93
azufre,43.13
azúcar,180.82
aíslar,19.91
aórtico,104.51
baas,11.61
babeo,8.29
bacillus,16.59
bacilo,36.5
bacteria,14.93
bacteriana,6.64
bacteriano,74.65
bacteriología,26.54
bacterián,157.6
bacteriófago,24.88
bactriano,4.98
baer,9.95
baipás,31.52
balance,74.65
balanceada,4.98
bancal,26.54
bandada,13.27
bandeja,23.22
bandeo,21.57
barbecho,8.29
bario,11.61
bariátrico,6.64
barotrauma,16.59
barrera,132.71
barrica,19.91
barriga,6.64
bartholomew,9.95
basal,84.61
basidiomiceto,4.98
basis,8.29
basocelular,6.64
bastardo,6.64
basófilo,6.64
bateson,14.93
bayesián,8.29
bazo,16.59
bebé,253.82
becker,39.81
becking,11.61
behavioural,11.61
beijerinck,14.93
beneficiar él,18.25
beneficio,277.04
beneficioso,106.17
benefits,4.98
benigno,126.08
berilio,28.2
berne,59.72
beta,64.7
beti,8.29
bicapa,9.95
bicarbonato,11.61
bidimensional,16.59
bienestar,117.78
bifenilo,4.98
bifurcación,16.59
bilateral,126.08
biliar,14.93
bilis,24.88
binocular,6.64
bioactivo,6.64
bioacumulación,4.98
biocenosis,11.61
biochemistry,8.29
biocombustibl,6.64
biocompatibl,14.93
bioconductor,6.64
biodegradación,6.64
biodisponibilidad,31.52
biodisponible,4.98
biodiversidad,84.61
bioeléctrico,11.61
bioenergético,6.64
bioestadística,11.61
biofísica,34.84
biofísico,29.86
biogeografía,28.2
biogeográfico,23.22
biogeoquímico,39.81
biogénesis,4.98
bioindicador,11.61
bioinformática,19.91
bioinformático,36.5
bioingeniería,14.93
biol,19.91
biological,33.18
biologie,6.64
biology,131.06
biología,247.18
biológica,6.64
biológico,4.98
bioma,24.88
biomarcador,24.88
biomarcadores,4.98
biomasa,99.54
biomaterial,44.79
biomecánica,19.91
biomecánico,34.84
biomedical,11.61
biomedicina,36.5
biometría,4.98
biomolecular,11.61
biomolécula,46.45
biomédica,19.91
biomédico,77.97
biophysics,4.98
biopsia,11.61
bioquímica,48.11
bioquímico,145.99
biorreactor,8.29
biorremediación,26.54
biosemiótica,9.95
biosemiótico,4.98
biosfera,16.59
biosíntesis,18.25
biota,18.25
biotechnology,13.27
biotecnología,18.25
biotecnológico,11.61
biotransformación,19.91
biotrauma,11.61
biotrituradora,4.98
bioética,6.64
bipap,4.98
bipolar,23.22
bisont,8.29
bisturí,31.52
biólogo,167.55
biónica,18.25
biónico,29.86
biótica,4.98
biótico,48.11
blancas,28.2
blando,122.76
blast,21.57
blefaroplastia,26.54
bleomicina,6.64
bloqueador,18.25
blot,14.93
boca,263.77
bodega,16.59
bodegas,31.52
bodeguero,8.29
bombeado,6.64
bombear,29.86
bombeo,23.22
bonsai,18.25
bonsái,169.21
bookchin,9.95
bordetella,6.64
borroso,18.25
botulinum,18.25
botulismo,6.64
botulínico,31.52
botánica,164.23
bovino,29.86
bradicardia,4.98
brain,43.13
branquia,11.61
braquial,51.43
brevilíneo,9.95
briología,6.64
bromatología,4.98
bromatológico,4.98
bromuro,9.95
broncoalveolar,6.64
broncoconstricción,13.27
broncodilatador,8.29
broncoespasmo,21.57
bronconeumonía,23.22
broncopleural,6.64
broncopulmonar,4.98
broncoscopia,9.95
broncoscopio,9.95
bronquial,185.8
bronquiectasia,41.47
bronquiectasias,4.98
bronquio,21.57
bronquioliti,4.98
bronquiolitis,49.77
bronquiolo,49.77
bronquiti,6.64
bronquitis,127.74
brote,175.85
brucelosis,4.98
brundtland,6.64
brusca,6.64
brusco,39.81
bubónico,9.95
bucal,84.61
buceo,36.5
buche,16.59
buffon,11.61
bulla,18.25
bulto,13.27
burbuja,107.83
burkholderia,6.64
bursa,4.98
bursitis,6.64
bypass,6.64
bífido,21.57
caballo,671.87
caballus,8.29
cabelludo,21.57
cabernet,28.2
cabra,79.63
cacao,34.84
cachorro,19.91
cadera,14.93
caducifolio,16.59
caenorhabditis,14.93
cafeína,19.91
cajal,14.93
calabaza,24.88
calambre,19.91
calcificación,18.25
calcificado,9.95
calcinosis,11.61
calcio,164.23
caldo,28.2
calentamiento,53.09
caliciform,4.98
caliciformes,4.98
calidad,640.35
caliente,126.08
calloso,9.95
calor,225.61
caloría,24.88
calostro,18.25
calvicie,6.64
calórico,13.27
camada,71.33
cambiant,26.54
cambios,9.95
camello,19.91
camélido,21.57
canaleta,4.98
canalopatías,8.29
canario,18.25
cancer,8.29
canceroso,53.09
cancerígeno,16.59
candida,11.61
candidato,6.64
candolle,13.27
canibalismo,36.5
canino,13.27
cansancio,29.86
cantidad,995.36
canín,39.81
capacidad,16.59
capacitado,28.2
capilar,68.02
caprino,21.57
capsular,26.54
capullo,34.84
caquexia,4.98
caracol,28.2
caracter,210.68
caracterización,44.79
caracterizado,149.3
caracterizar,416.39
característica,924.02
carbamazepina,4.98
carbohidrato,180.82
carbono,333.44
carbunco,6.64
carbónico,9.95
carcinogénesis,6.64
carcinoma,28.2
carcinógeno,13.27
cardiac,6.64
cardiaca,4.98
cardiaco,136.03
cardiogénico,14.93
cardiología,44.79
cardiomiopatía,9.95
cardiopatía,36.5
cardiopulmonar,34.84
cardiorrespiratorio,16.59
cardiovascular,4.98
cardiólogo,26.54
cardíaca,76.31
cardíaco,404.78
care,38.16
caricia,14.93
cariotipo,39.81
carne,311.88
carnero,44.79
carnitina,4.98
carnívora,9.95
carnívoro,38.16
carotenoid,11.61
carpiano,56.4
carpo,28.2
cartilaginoso,11.61
cartilaginós,11.61
cartílago,76.31
carótido,6.64
caso,3228.27
casta,34.84
castaña,14.93
castelão,19.91
castración,11.61
catabolismo,9.95
catabólica,4.98
catalizar,34.84
catalítico,31.52
catarata,204.05
catarral,11.61
catarrhalis,14.93
catarro,18.25
categorización,19.91
categorizar,21.57
cateterismo,18.25
catión,16.59
catálisis,41.47
catéter,71.33
caucásico,6.64
caudal,18.25
causa,1249.17
causado,502.66
causal,109.49
causante,24.88
causar,1250.83
causas,13.27
cauterización,6.64
cauterizar,6.64
cautividad,13.27
cava,6.64
cavernoso,16.59
cavidad,258.79
cavitación,14.93
cavo,14.93
cavum,8.29
cebado,29.86
cebador,13.27
cebo,14.93
cebra,9.95
cefalea,26.54
cefalorraquídeo,4.98
cefalosporina,9.95
ceftriaxona,6.64
cefálico,28.2
ceguera,23.22
ceja,13.27
celacanto,4.98
celdilla,13.27
celera,4.98
cell,28.2
cellular,18.25
celss,4.98
celular,13.27
celulosa,38.16
celíaco,33.18
centers,9.95
centrifugación,6.64
centrifugar,6.64
centrómero,8.29
centígrado,8.29
cepa,9.95
cepillado,6.64
cepillar,4.98
cera,41.47
cercado,9.95
cercenar,6.64
cerda,29.86
cerdo,265.43
cereal,66.36
cerebelo,24.88
cerebeloso,6.64
cerebelós,14.93
cerebral,338.42
cerebro,13.27
cerebrovascular,26.54
cerevisiae,14.93
cerradura,14.93
cervical,107.83
cestodo,4.98
cesárea,4.98
cetoacidosis,4.98
cetosis,4.98
cetrería,11.61
chagas,13.27
charcot,9.95
chardonnay,33.18
chemicals,4.98
chert,4.98
chiari,11.61
chil,4.98
chimpancé,71.33
chlamydia,9.95
chlamydophila,14.93
chronic,9.95
chupar,8.29
cianobacteria,16.59
cianosi,8.29
cianosis,39.81
cibernética,8.29
cibernético,14.93
cicatricial,13.27
cicatriz,149.3
cicatrización,77.97
cicatrizar,4.98
ciclasa,4.98
ciclina,9.95
ciclo,481.09
ciclofosfamida,19.91
ciclosporina,13.27
ciencia,899.14
científico,310.22
cifoescoliosis,4.98
cifosis,8.29
cigarrillo,58.06
cigoto,21.57
ciliar,29.86
cilio,13.27
cincel,14.93
cintura,92.9
cinás,6.64
cinética,9.95
cinético,51.43
circadiano,34.84
circulación,179.16
circulante,18.25
circulatoria,4.98
circulatorio,87.92
circunscribir,9.95
cirrosis,19.91
cirugía,421.37
cirujano,21.57
cirujanos,14.93
cisgénero,8.29
cisplatino,8.29
citalopram,4.98
citocina,19.91
citoesqueleto,4.98
citogenética,24.88
citogenético,24.88
citología,41.47
citológica,6.64
citológico,19.91
citomegalovirus,11.61
citometría,13.27
citopatología,11.61
citoplasma,49.77
citoplasmático,11.61
citoplásmico,8.29
citoquina,36.5
citosina,11.61
citosol,9.95
citosín,6.64
citotóxico,18.25
ciático,11.61
cladista,8.29
clado,51.43
cladograma,14.93
cladística,6.64
clamidia,4.98
clarificar,11.61
claritromicina,8.29
clavulánico,6.64
clavícula,13.27
climate,23.22
climatología,14.93
climático,240.54
clin,21.57
clinic,19.91
clinical,6.64
cloaca,9.95
clonación,31.52
clonado,8.29
clonal,8.29
clonar,13.27
cloranfenicol,9.95
cloro,31.52
clorofila,23.22
cloruro,36.5
clostridium,31.52
clínica,94.56
clínico,4.98
clítoris,16.59
clúster,18.25
coagulación,81.29
coagular,9.95
coartación,4.98
cobalto,14.93
cobertizo,23.22
cochrane,23.22
cociente,44.79
coclear,9.95
cocodrilo,43.13
codificant,34.84
codificante,19.91
codificar,170.87
codo,96.22
codominante,6.64
codón,31.52
coenzima,6.64
coevolucionar,6.64
coevolución,9.95
cofactor,13.27
cognición,16.59
cognitiva,28.2
cognitivo,84.61
cohorte,21.57
colapsado,18.25
colapso,132.71
colateral,34.84
colchicina,8.29
colector,11.61
colesterol,31.52
colgajo,82.95
coli,41.47
colinérgico,8.29
colirio,19.91
colmena,61.38
coloboma,4.98
colocación,84.61
colombicultura,8.29
colombofilia,11.61
colonizar,48.11
coloración,51.43
colorant,11.61
coloreado,24.88
columela,8.29
columnar,4.98
colágeno,74.65
colémbolo,6.64
colónico,4.98
combatir él,8.29
combinación,311.88
combinar él,13.27
comedero,8.29
comestibl,29.86
comestible,16.59
comezón,4.98
comisura,8.29
comorbilidad,34.84
compactación,11.61
comparación,388.19
comparado,162.57
comparar,232.25
comparar él,21.57
comparative,8.29
comparativo,102.85
comparison,9.95
compartimento,89.58
compartimiento,28.2
compensar,72.99
compensatorio,18.25
competidora,6.64
complejidad,106.17
complejo,423.03
complementario,97.88
complicaciones,13.27
complicación,587.26
complicado,89.58
complicar,41.47
complicar él,11.61
componente,13.27
comportamental,16.59
comportamiento,23.22
compost,9.95
comprensivo,14.93
comprensión,217.32
compresivo,4.98
compresión,310.22
comprimar,4.98
comprimeir,4.98
comprimido,6.64
comprimir,49.77
compuesto,291.97
computacional,13.27
computado,9.95
computarizada,18.25
computarizado,97.88
computational,28.2
comunicativo,16.59
común,1434.97
concavidad,9.95
concelhos,14.93
concentración,489.38
concepts,8.29
conceptualizar,8.29
concernir,13.27
concha,64.7
concluyent,23.22
concluyente,19.91
concomitant,11.61
concomitante,16.59
concurrent,8.29
condensación,34.84
condicionante,4.98
condicionar,33.18
condiciones,11.61
condición,1030.19
conducta,150.96
conducto,116.12
conductual,68.02
conectividad,26.54
conectivo,58.06
conectivopatía,13.27
confiable,34.84
confirmar él,11.61
conformacional,14.93
conformación,64.7
conforme,8.29
congelación,112.81
congestionado,8.29
congestivo,23.22
congestión,9.95
congénita,155.94
congénito,9.95
conjugación,19.91
conjuntiva,14.93
conjuntival,6.64
conjuntivitis,16.59
conjuntivo,28.2
conllevar,142.67
conocimiento,613.8
consanguinidad,9.95
consanguíneo,9.95
consciencia,18.25
consecuente,33.18
consensuado,11.61
consensus,6.64
conservacionista,18.25
conservación,54.74
conservada,33.18
conservancy,13.27
consiguiente,44.79
consistir,618.78
constipación,4.98
constitutiva,13.27
consulte,8.29
consumido,38.16
consumidor,8.29
consumir,192.44
consumo,429.66
contagiar,18.25
contagio,71.33
contagiosa,11.61
contagioso,11.61
contagiós,26.54
contaminación,9.95
contaminado,104.51
contaminant,91.24
contaminante,4.98
contaminar,31.52
contenidir,4.98
continuado,39.81
contorno,71.33
contracción,4.98
contractibilidad,6.64
contractura,49.77
contraen,11.61
contraindicación,28.2
contraindicado,16.59
contralateral,23.22
contrapulsación,64.7
contributions,13.27
controlada,6.64
controlado,217.32
controlar,388.19
controlar él,14.93
contusión,61.38
convalecencia,9.95
convencional,184.14
conveniente,54.74
convenir,48.11
convergente,14.93
convulsiones,8.29
convulsión,39.81
conífera,28.2
corazón,509.29
cordado,4.98
cordero,69.67
cordón,56.4
cori,14.93
coriónica,6.64
corneal,97.88
cornet,61.38
cornete,26.54
coronal,14.93
coronario,126.08
coronavirus,39.81
corporal,359.99
corpúsculo,13.27
corral,94.56
corrección,6.64
correctivo,21.57
correcto,192.44
corregir,174.19
corregir él,8.29
correlacionado,16.59
correlacionar,44.79
correlacionar él,9.95
correlación,84.61
cortante,13.27
corteza,107.83
cortical,33.18
corticoespinal,6.64
corticoesteroid,16.59
corticoid,59.72
corticoide,4.98
corticosteroid,4.98
corticosteroides,8.29
cortisol,6.64
corto,59.72
corynebacterium,8.29
cosecha,214
cosechado,19.91
cosechar,54.74
cosmovisión,14.93
cosmético,53.09
costal,16.59
costilla,86.26
costoso,84.61
costra,11.61
cotrimoxazol,6.64
covalente,18.25
covid,16.59
coágulo,44.79
cpap,6.64
craneal,152.62
craneoencefálico,11.61
craneofacial,31.52
craneosinostosis,11.61
creatina,9.95
creatinina,8.29
crecimiento,18.25
crepitación,4.98
crepitant,14.93
crepitante,4.98
crest,21.57
criada,24.88
criadero,14.93
criador,81.29
crianza,16.59
criar,117.78
criar él,8.29
cribado,24.88
crick,23.22
criobiología,6.64
criocirugía,16.59
crioterapia,6.64
criptogenético,6.64
criptógama,11.61
cristalino,154.28
cristalografía,14.93
criterio,310.22
criterios,18.25
critical,18.25
crohn,14.93
cromatina,101.19
cromatografía,6.64
cromosoma,680.16
cromosomas,61.38
cromosómica,69.67
cromosómico,92.9
cromátida,6.64
cronobiología,14.93
crop,6.64
crops,8.29
crouzon,8.29
crucial,92.9
crup,19.91
cruzamiento,33.18
cráneo,160.92
cría,13.27
críptico,11.61
crónico,685.14
cuadrantectomía,6.64
cualitativo,23.22
cuantificación,28.2
cuantificar,72.99
cuantificar él,6.64
cuantitativo,129.4
cubital,63.04
cubrir él,24.88
cucurbita,19.91
cuello,374.92
cuerpo,1415.07
cuestionario,6.64
cuidado,331.79
cuidador,23.22
cuidados,33.18
cuidadoso,34.84
cultivable,16.59
cultivada,4.98
cultivado,194.09
cultivador,23.22
cultivar,46.45
cultivar él,8.29
cultivo,9.95
cunicultura,6.64
cura,101.19
curación,101.19
curar,76.31
curare,6.64
curativo,24.88
curr,13.27
curvatura,48.11
cushing,11.61
cutánea,59.72
cutáneo,117.78
cutícula,36.5
cuvier,14.93
cuádricep,4.98
cámbium,6.64
cáncer,102.85
cánula,6.64
cápside,9.95
cápsula,104.51
cárdena,8.29
cárnico,13.27
cáscara,24.88
célula,9.95
células,9.95
cíclico,33.18
cítrico,14.93
córnea,187.46
danio,4.98
darwin,136.03
darwinismo,16.59
darwinián,8.29
dawkins,16.59
dañado,97.88
dañar,124.42
dañar él,13.27
dañino,54.74
daño,618.78
debatir él,6.64
deber él,74.65
debido,131.06
debilidad,18.25
debilitamiento,18.25
debilitant,4.98
decreciente,19.91
decrecimiento,18.25
decremento,6.64
decúbito,13.27
dedo,225.61
defecto,298.61
defectuoso,31.52
deficiencia,11.61
deficiente,44.79
definir él,24.88
definitions,6.64
defoliación,6.64
deformación,72.99
deformante,9.95
deformidad,136.03
degeneración,71.33
degenerada,4.98
degenerar,13.27
degenerativo,49.77
deglución,34.84
deglutir,11.61
degradación,4.98
degradado,21.57
degradar,69.67
degradar él,8.29
dehesa,18.25
deleción,101.19
deletéreo,6.64
demarcado,39.81
demencia,23.22
demografía,14.93
demostrar,799.6
dendrita,23.22
dendrocronología,13.27
dendrología,8.29
dendrítica,14.93
dendrítico,6.64
denervación,6.64
denisovano,4.98
denominar,514.27
dental,8.29
dentario,19.91
dentición,8.29
dentina,4.98
depender,860.98
depleción,6.64
deposición,26.54
depredación,33.18
depredador,13.27
depredadora,6.64
depresivo,16.59
deprimido,26.54
deprimir,6.64
depuración,21.57
deriva,81.29
derivaciones,11.61
derivación,66.36
derivado,255.47
dermatitis,11.61
dermatología,19.91
dermatológico,14.93
dermatomiositis,46.45
dermatólogo,38.16
dermis,26.54
derrame,4.98
desajuste,6.64
desalineación,6.64
desarrollar él,82.95
desarrollo,2068.68
descamación,4.98
descartar,114.47
descartar él,6.64
descarte,8.29
descendencia,109.49
descendente,44.79
descomponedor,4.98
descomponer,51.43
descomposición,79.63
descompresión,179.16
descompuesto,6.64
descongestionant,6.64
desconocimiento,13.27
descontrolado,19.91
descriptivo,43.13
descrita,11.61
descubrimiento,303.58
deseable,31.52
deseado,89.58
desecación,11.61
desecho,119.44
desencadenado,18.25
desencadenant,11.61
desencadenante,11.61
desencadenar,81.29
desencadenar él,8.29
desequilibrado,8.29
desequilibrio,53.09
desertificación,16.59
desfibrilación,9.95
desfibrilador,9.95
desfiguración,8.29
desgarre,4.98
desgarro,36.5
deshecho,6.64
deshidratación,28.2
deshidrogenasa,8.29
desinfección,9.95
desinfectante,6.64
deslumbramiento,4.98
deslustrado,4.98
desmayo,13.27
desmielinización,19.91
desmielinizant,6.64
desmielinizante,23.22
desnaturalización,14.93
desnaturalizar,6.64
desnutrición,19.91
desorden,114.47
desoxirribonucleico,6.64
despierto,9.95
despolarización,9.95
despolarizar,9.95
desprendida,6.64
desprendimiento,6.64
desproporcionado,14.93
destete,9.95
desventaja,49.77
desviación,4.98
desviado,14.93
detección,258.79
detectabl,11.61
detectable,8.29
detectado,24.88
detectar,451.23
detectar él,29.86
deterioro,97.88
determinación,8.29
determinado,549.11
determinant,8.29
determinar,686.8
determinar él,24.88
determinismo,16.59
determinista,13.27
detrito,13.27
developmental,18.25
device,11.61
dexametasona,6.64
diabetes,8.29
diabética,8.29
diabético,8.29
diafragma,6.64
diafragmático,53.09
diagnosis,4.98
diagnostic,14.93
diagnosticada,4.98
diagnosticado,66.36
diagnosticar,272.06
diagnosticar él,18.25
diagnóstico,162.57
diagnósticos,6.64
diana,54.74
diarrea,44.79
diastólico,21.57
dicotiledóneas,11.61
dicotómico,6.64
dieta,26.54
dietas,9.95
dietoterapia,6.64
dietética,14.93
dietético,39.81
diferenciación,144.33
diferenciado,66.36
diferencial,119.44
diferenciar,177.51
diferenciar él,48.11
diferir,147.64
dificultad,51.43
dificultades,9.95
dificultar,71.33
difteria,19.91
difusa,13.27
difuso,23.22
difús,44.79
digerido,8.29
digerir,44.79
digestivo,164.23
digestión,71.33
digitalización,13.27
dilatación,56.4
dilatado,19.91
dilatador,4.98
dilatar,14.93
dillenius,6.64
dilucidar,21.57
dilución,8.29
diluido,13.27
diluir,14.93
dinosaurio,220.64
dinámica,169.21
dioptría,11.61
dioscórides,19.91
diploide,8.29
diploides,6.64
diplopía,34.84
directions,11.61
directriz,33.18
disartria,6.64
disautonomía,14.93
discal,8.29
discapacidad,126.08
disciplina,590.58
disciplinas,102.85
discreto,68.02
discriminar,13.27
discussion,8.29
disease,4.98
diseases,28.2
diseasesdb,4.98
disecar,16.59
diseccionar,6.64
disección,38.16
diseminación,36.5
diseminado,14.93
diseminar,24.88
diseminar él,8.29
disestesia,4.98
disfagia,59.72
disfonía,26.54
disforia,21.57
disforio,6.64
disfuncional,11.61
disfunción,145.99
disgenesia,4.98
disimilitud,4.98
dislexia,6.64
disminución,414.73
disminuido,64.7
disminuir,527.54
dismórfico,9.95
disnea,19.91
disneo,86.26
disociación,29.86
disociado,11.61
disord,4.98
disorders,34.84
disostosis,6.64
disparidad,13.27
dispersar él,16.59
dispersión,117.78
displasia,31.52
displásico,4.98
disponibilidad,112.81
dispositivo,6.64
disrupción,13.27
distal,4.98
distender,6.64
distensibilidad,11.61
distensión,23.22
distintiva,18.25
distocia,9.95
distrofia,227.27
distrofina,43.13
distrofín,13.27
distrés,16.59
disyunción,6.64
diurético,6.64
divergencia,64.7
divergeír,16.59
divergir,6.64
diversidad,46.45
diversificación,38.16
diverso,179.16
divertículo,9.95
dividir él,46.45
dián,11.61
diástole,19.91
dióxido,150.96
dnasa,8.29
dobzhansky,14.93
dolencia,41.47
dolor,72.99
doloroso,89.58
domesticación,76.31
domesticada,8.29
domesticado,23.22
domesticar,82.95
dominancia,19.91
dominante,4.98
dominio,23.22
doméstico,180.82
donador,16.59
donant,6.64
donante,48.11
dopamina,33.18
dormancia,8.29
dorsal,81.29
dorso,43.13
dosificación,23.22
dosificar,6.64
dosis,11.61
douro,13.27
doxiciclina,6.64
drenaj,11.61
drenaje,155.94
drenar,51.43
droga,243.86
dromedario,4.98
drosophila,26.54
drug,29.86
drugs,9.95
drástico,28.2
duane,16.59
duchenne,66.36
duhamel,8.29
duodeno,8.29
duplicación,71.33
déficit,8.29
dérmico,18.25
dímero,29.86
ebers,6.64
eclosionar,13.27
ecocardiografía,19.91
ecocentrismo,6.64
ecofisiología,6.64
ecografía,4.98
ecological,63.04
ecologismo,33.18
ecologista,44.79
ecology,129.4
ecología,199.07
ecológica,21.57
ecológico,734.91
ecosistema,8.29
ecosistemas,6.64
ecosistémico,24.88
ecotoxicología,4.98
ectasia,6.64
ectodermo,24.88
ectodérmico,6.64
ectotermo,8.29
ectópico,6.64
ecólogo,48.11
edafología,9.95
edema,28.2
edáfico,6.64
efectividad,91.24
efectivo,255.47
efecto,1705.38
efedrina,4.98
eficacia,220.64
eficaz,290.31
eficiencia,137.69
eficiente,129.4
efusión,4.98
ehrlich,9.95
ejemplo,2120.11
ejercicio,413.07
elastasa,13.27
elasticidad,26.54
electrocardiograma,13.27
electrodiagnóstico,4.98
electrodo,49.77
electroencefalografía,11.61
electroencefalograma,4.98
electrofisiología,9.95
electrofisiológica,4.98
electrofisiológico,16.59
electroforesi,8.29
electroforesis,13.27
electrolito,31.52
electrolítico,8.29
electromiografía,11.61
electromiograma,8.29
electroterapia,4.98
elevado,323.49
eliminación,237.23
eliminar él,23.22
elongación,8.29
elsevier,26.54
elucidación,4.98
elucidar,6.64
elástica,8.29
elástico,28.2
embarazo,217.32
embolia,97.88
embolismo,4.98
embolización,11.61
embriogénesis,9.95
embriología,66.36
embriológico,16.59
embrionario,92.9
embrión,210.68
emergencia,184.14
emergencias,58.06
emerging,14.93
eminencia,9.95
emisor,24.88
empalme,29.86
empatía,23.22
empeoramiento,26.54
empeorar,96.22
empeorar él,4.98
empiema,6.64
emplear él,28.2
empírico,63.04
enanismo,11.61
encamado,4.98
encamamiento,4.98
encapsular,11.61
encefalitis,21.57
encefalopatía,9.95
encefálico,16.59
encharcamiento,4.98
encode,4.98
encéfalo,19.91
encía,16.59
endocarditis,6.64
endocitosis,18.25
endocrina,18.25
endocrino,41.47
endocrinología,18.25
endocrinólogo,9.95
endocrín,16.59
endoftalmitis,8.29
endogamia,38.16
endogámico,16.59
endometrial,26.54
endometrio,9.95
endonucleasa,8.29
endoplasmático,8.29
endoplásmico,13.27
endoscopia,9.95
endoscopio,18.25
endoscópico,16.59
endosimbiosis,4.98
endosoma,11.61
endotelial,21.57
endotelio,9.95
endotoxina,8.29
endotraqueal,19.91
endovascular,14.93
endovenosa,6.64
endovenós,6.64
endógena,6.64
endógeno,43.13
endógén,14.93
energético,127.74
energía,713.34
enferma,16.59
enfermedad,175.85
enfermedades,1025.22
enfermero,26.54
enfermería,39.81
enfermo,205.71
enfisema,24.88
enfisemo,4.98
enfocar,92.9
enfoque,479.43
enfriamiento,34.84
engler,13.27
englobada,4.98
englobar,44.79
engorde,11.61
engrosamiento,43.13
enjambre,16.59
enjaulado,4.98
enlazable,9.95
enmascarar,9.95
enología,19.91
enológico,11.61
enraizamiento,6.64
enriquecimiento,36.5
enrojecido,8.29
enrojecimiento,46.45
enrollado,13.27
ensamblaj,13.27
ensamblaje,36.5
ensanchamiento,8.29
ensayo,313.54
ensembl,6.64
ensillar,4.98
entendimiento,51.43
entomología,36.5
entorno,496.02
entrecortado,9.95
entrecruzar,6.64
entumecimiento,43.13
entérico,6.64
envejecer,33.18
envejecimiento,8.29
environment,33.18
environmental,13.27
environments,4.98
envoltura,26.54
enzima,567.35
enzimología,8.29
enzimática,38.16
enzimático,165.89
enólogo,23.22
eosinofilia,26.54
eosinofílico,19.91
eosinófilar,6.64
eosinófilo,44.79
epidemiología,16.59
epidemiológico,61.38
epidermis,19.91
epidermoide,14.93
epidural,4.98
epidémica,6.64
epidémico,16.59
epidérmica,13.27
epidérmico,14.93
epidídimo,8.29
epigenetic,9.95
epigenoma,14.93
epigenética,49.77
epigenético,160.92
epigenómica,9.95
epiglotitis,6.64
epilepsia,33.18
epiléptico,8.29
epinefrina,9.95
epistaxis,18.25
episódico,11.61
epitelial,76.31
epitelio,66.36
epoc,157.6
epífisis,4.98
epítopo,11.61
epónimas,36.5
equilibrado,58.06
equilibrio,230.59
equina,26.54
equino,16.59
equus,13.27
equín,21.57
erectus,41.47
ergonomía,6.64
erguida,13.27
eritema,19.91
eritematosa,8.29
eritematoso,24.88
eritrocito,66.36
eritromicín,13.27
eritropoyetina,13.27
erosión,77.97
erradicación,33.18
erradicado,4.98
erradicar,24.88
eréctil,19.91
escala,371.6
escalofrío,11.61
escalofríos,9.95
escama,66.36
escamosa,23.22
escamoso,9.95
escamós,11.61
escaneo,9.95
escapular,8.29
escarlatín,4.98
escherichia,24.88
escisión,46.45
esclarecimiento,6.64
escleral,21.57
esclerodermia,46.45
esclerosis,8.29
esclerótica,21.57
escoliosis,8.29
escopolamina,6.64
escorrentía,26.54
escrotal,4.98
escáner,26.54
escápula,9.95
esencial,310.22
esférico,48.11
esfínter,23.22
eslabón,16.59
esmerilado,6.64
esofagiti,4.98
esofágico,49.77
espaciamiento,4.98
espasmo,38.16
espasmódico,8.29
espasticidad,6.64
especiación,51.43
especialidad,423.03
especialidades,9.95
especialista,14.93
especialización,58.06
especificidad,76.31
espectro,9.95
espectrometría,28.2
especular,8.29
específico,1035.17
especímén,72.99
esperable,4.98
esperma,51.43
espermatogonia,4.98
espermatogénesis,6.64
espermatozoid,34.84
espermatozoide,6.64
espesar,6.64
espeso,29.86
espinaca,8.29
espinal,9.95
espiración,36.5
espiratorio,21.57
espirometría,8.29
espolón,14.93
espondilótico,4.98
esponja,94.56
esponjoso,14.93
espontáneo,165.89
espora,61.38
espumoso,4.98
esputo,8.29
espástico,16.59
esqueleto,8.29
esquelética,14.93
esquelético,87.92
esquilar,6.64
esquistosomiasis,6.64
esquizofrenia,4.98
esquizoide,4.98
estabilización,29.86
estabilizar,53.09
estabilizar él,8.29
estacional,79.63
estacionalidad,9.95
estacionario,26.54
estadístico,136.03
estafilococo,8.29
estandarizado,29.86
estandarizar,14.93
estanque,53.09
estenosis,24.88
estepa,14.93
estereoscópico,6.64
estereotipado,21.57
estereotáctico,18.25
estereotáxico,6.64
esterilidad,9.95
esterilización,4.98
esternal,6.64
esternón,77.97
esteroid,33.18
esteroide,4.98
esteroideo,24.88
esteroides,6.64
estertor,23.22
estetoscopio,9.95
estigma,31.52
estigmatización,6.64
estimar,325.15
estimulación,87.92
estimulado,14.93
estimulante,23.22
estimular,129.4
estiramiento,34.84
estirar,16.59
estiércol,63.04
estocástico,39.81
estoma,26.54
estomacal,13.27
estornudar,16.59
estornudo,31.52
estrabismo,9.95
estratificación,11.61
estratificar,6.64
estrechamiento,33.18
estreptococo,18.25
estreptococos,6.64
estreptocócico,33.18
estresant,16.59
estresante,6.64
estreñimiento,19.91
estriado,33.18
estridor,26.54
estroma,19.91
estromatolito,8.29
estructura,1262.44
estructural,230.59
estrés,215.66
estrógeno,61.38
estudiado,107.83
estudiar,1254.15
estudiar él,26.54
estudio,3634.71
estéril,44.79
estética,23.22
estético,195.75
estímulo,209.02
estómago,66.36
esófago,6.64
etanol,34.84
etario,9.95
ethical,6.64
etiología,6.64
etiológico,33.18
etiopatogenia,13.27
etiquetado,14.93
etnobiología,11.61
etnobotánica,19.91
etnobotánico,21.57
etnozoología,16.59
etología,13.27
etológico,6.64
etólogo,19.91
eucariota,36.5
eucariótico,6.64
eugenesia,16.59
eutrofización,4.98
evaluación,237.23
evaluador,6.64
evaluar,273.72
evaluar él,13.27
evaluation,14.93
evaporación,24.88
evapotranspiración,13.27
evidencia,441.27
evidenciar él,6.64
evitación,13.27
evitar,743.2
evitar él,23.22
evocado,33.18
evolucionado,19.91
evolucionar,233.91
evolucionario,6.64
evolucionismo,9.95
evolucionista,29.86
evolución,766.42
evolution,79.63
evolutionary,36.5
evolutivo,608.83
exacerbación,28.2
exacerbar,19.91
exagerado,24.88
examen,318.51
examinada,6.64
examinado,9.95
examinar,189.12
excavatum,6.64
excedente,11.61
excesivo,223.96
exceso,194.09
excitabilidad,8.29
excitabl,4.98
excitación,24.88
excitatorio,11.61
excrecencia,4.98
excreción,61.38
excremento,26.54
excretado,6.64
excretar,29.86
excretor,9.95
exhalación,13.27
exhalar,6.64
exocitosis,14.93
exoesqueleto,23.22
exoma,6.64
exotropía,8.29
expansor,6.64
expectoración,4.98
experimentación,64.7
experimental,265.43
experimento,277.04
exploración,141.01
exploratorio,13.27
exponencial,31.52
exponer él,18.25
exportado,19.91
exportador,31.52
exposure,8.29
expresión,484.41
expression,13.27
expuesto,144.33
extender él,53.09
extension,13.27
extensivo,56.4
extensor,11.61
externo,449.57
extinción,200.73
extirpación,149.3
extirpado,13.27
extirpar,81.29
extracción,9.95
extracelular,76.31
extracorpóreo,34.84
extradural,11.61
extraer,220.64
extrahospitalaria,6.64
extrahospitalario,11.61
extraocular,11.61
extrapolación,9.95
extrapolar,8.29
extrapulmonar,6.64
extremidad,273.72
extremófilo,6.64
extrínseco,31.52
exudación,9.95
exudado,8.29
exudativo,8.29
exámenes,6.64
exógeno,11.61
exón,41.47
facial,296.95
facies,11.61
facilitar,277.04
facoemulsificación,36.5
factor,1234.24
factores,14.93
fago,14.93
fagocitar,13.27
fagocitosis,16.59
falang,8.29
falciform,6.64
fallot,6.64
falopio,11.61
faloplastia,36.5
falta,18.25
faltant,8.29
faringe,59.72
faringitis,76.31
faringoamigdalitis,8.29
farmacocinética,11.61
farmacodinámica,4.98
farmacodinámico,16.59
farmacogenómica,4.98
farmacología,51.43
farmacológico,134.37
farmacoterapia,4.98
farmacéutico,63.04
farmacólogo,6.64
farming,19.91
farms,6.64
faríngeo,9.95
fascia,19.91
fasciculación,9.95
fasta,6.64
fatiga,16.59
favorecer,180.82
febril,18.25
fecal,29.86
fecundación,59.72
fecundado,6.64
fecundar,9.95
feder,6.64
feedlot,11.61
felino,9.95
fellowship,11.61
feminización,16.59
femoral,29.86
femtosegundo,16.59
fenitoína,4.98
fenol,11.61
fenotipo,192.44
fenotípica,18.25
fenotípico,77.97
fenético,14.93
fenólico,8.29
fenómeno,355.01
feral,8.29
ferina,9.95
fermentación,121.1
fermentar,9.95
fernão,14.93
feromona,26.54
ferropénico,4.98
fertilidad,81.29
fertilización,4.98
fertilizado,9.95
fertilizant,8.29
fertilizante,28.2
fertilizar,21.57
ferus,8.29
fetal,4.98
feto,4.98
fibra,267.09
fibrilación,13.27
fibrina,28.2
fibrinós,4.98
fibroblasto,28.2
fibrosis,46.45
fibroso,24.88
fibrós,21.57
fibrótico,6.64
ficología,9.95
fiebre,34.84
fijación,107.83
fijador,14.93
filacp,4.98
filamento,38.16
filamentoso,4.98
filogenia,29.86
filogenética,31.52
filogenético,13.27
filogeografía,6.64
filogénesis,4.98
filoxera,11.61
filtración,34.84
filtrado,19.91
filtrar,66.36
filtro,76.31
filum,11.61
fish,13.27
fisher,53.09
fisicoquímica,4.98
fisicoquímico,11.61
fisiología,175.85
fisiológica,77.97
fisiológico,210.68
fisiopatología,34.84
fisiopatológico,24.88
fisioterapeuta,9.95
fisioterapia,36.5
fisiólogo,54.74
fisión,18.25
fisura,18.25
fitogeografía,26.54
fitogeográfica,16.59
fitomejoramiento,4.98
fitopatología,6.64
fitoquímica,6.64
fitosanitario,11.61
fitosociología,14.93
flacidez,6.64
flap,69.67
flebología,4.98
flema,14.93
flemático,4.98
flexible,66.36
flexionado,6.64
flexionar,21.57
flexionar él,4.98
flexión,44.79
flexor,14.93
floral,64.7
floricultura,29.86
florístico,11.61
fluctuación,24.88
fluctuar,18.25
fluido,139.35
flujo,564.04
fluorescencia,36.5
fluorescent,19.91
fluorescente,23.22
fluoroquinolona,6.64
fluoróforo,9.95
flácido,19.91
focal,28.2
foco,102.85
folding,4.98
foliar,24.88
folicular,6.64
food,51.43
foramen,16.59
forense,64.7
forestal,195.75
formadora,6.64
forraj,11.61
forraje,41.47
forrajero,8.29
foránea,8.29
fosa,86.26
fosfato,6.64
fosfodiesterasa,4.98
fosfolípido,6.64
fosforilación,19.91
fosilización,11.61
fosilizar,6.64
fossils,4.98
fotocoagulación,14.93
fotodinámico,8.29
fotoperiodismo,11.61
fotoperiodo,4.98
fotorreceptor,13.27
fotorrefractiva,11.61
fotosintética,4.98
fotosintético,31.52
fotosíntesis,91.24
fraccionado,11.61
fractura,79.63
fracturas,4.98
fragmentación,43.13
fragmentado,16.59
frecuencia,724.95
frecuente,809.56
fresa,16.59
freud,154.28
freático,9.95
fries,8.29
frijol,49.77
frisch,9.95
from,119.44
frotar,9.95
frotis,13.27
fructosa,11.61
frutal,51.43
fruticultura,24.88
frénico,14.93
fría,26.54
frío,96.22
fuchs,14.93
fumador,51.43
fumar,66.36
fumigación,18.25
funcional,6.64
funcionalidad,54.74
funcionamiento,277.04
funcionant,8.29
función,1426.68
functional,19.91
fundamental,381.55
fundamentals,8.29
fundamentar,31.52
fungal,4.98
fungi,13.27
fungicida,16.59
fusiform,8.29
fusiforme,6.64
fusionado,41.47
fármaco,797.94
fármacos,16.59
fémur,43.13
fértil,64.7
férula,13.27
fétido,4.98
físico,786.33
fístula,6.64
fólico,13.27
fósforo,4.98
fósil,144.33
fúngico,48.11
gaba,16.59
gabapentín,4.98
gafa,36.5
galeno,53.09
gallina,136.03
gallus,18.25
galvani,13.27
galénico,8.29
gameto,44.79
gametogénesis,4.98
gametófito,8.29
gamma,77.97
gammagrafía,16.59
ganadera,6.64
ganadero,112.81
ganadería,51.43
ganado,315.2
ganglio,184.14
ganglionar,8.29
gangliósido,16.59
ganso,41.47
gardening,24.88
garganta,169.21
garrapata,16.59
gasa,8.29
gaseoso,28.2
gaseós,9.95
gasometría,16.59
gastroenteritis,6.64
gastroenterólogo,6.64
gastroesofágico,21.57
gastrointestinal,9.95
gastrostomía,4.98
gato,141.01
gaucher,4.98
gaylord,6.64
gelatina,9.95
genealogía,31.52
genealógica,9.95
genealógico,33.18
generalidad,9.95
generalización,33.18
generalizado,154.28
generar él,11.61
generativo,19.91
genereviews,8.29
genes,31.52
genet,9.95
genetic,28.2
genetical,6.64
genetics,39.81
genetista,28.2
genital,66.36
genitalium,4.98
genitourinario,6.64
genodermatosis,11.61
genoma,51.43
genomas,11.61
genome,46.45
genomes,9.95
genomics,28.2
genotipo,107.83
genotoxicidad,8.29
gentamicina,6.64
genética,175.85
genético,1934.31
genómica,89.58
genómico,187.46
geobotánica,23.22
geography,16.59
geoquímica,4.98
geoquímico,6.64
gerd,11.61
geriatría,21.57
geriátrico,21.57
germen,36.5
germinación,23.22
germinal,64.7
germinar,16.59
gerontología,26.54
gessner,8.29
gestacional,8.29
gestación,43.13
gestante,4.98
geógrafo,39.81
giemsa,8.29
gierke,4.98
gillies,8.29
gimnosperma,8.29
ginecología,18.25
ginecológica,4.98
ginecológico,19.91
ginecomastia,14.93
ginecólogo,18.25
ginecólogos,4.98
girasol,11.61
glandular,14.93
glaucoma,51.43
glial,14.93
glicerol,28.2
glicoproteína,16.59
glicosilación,6.64
glifosato,9.95
glioma,9.95
globulina,8.29
glomerular,11.61
glomerulonefritis,8.29
glosofaríngeo,4.98
glotis,21.57
glucocorticoid,34.84
glucogenosis,9.95
glucoproteína,11.61
glucosa,175.85
glucémico,14.93
glucógeno,94.56
glucólisis,26.54
glucósido,18.25
glutatión,6.64
gluten,34.84
glándula,253.82
glándulas,4.98
glóbulo,124.42
glúteo,81.29
golgi,28.2
gonadal,6.64
goodall,6.64
gossypium,14.93
gota,69.67
goteo,21.57
gouveio,6.64
gradient,23.22
gradiente,41.47
gradual,58.06
gram,46.45
grampositivo,4.98
gramínea,29.86
granja,230.59
granjero,48.11
grano,154.28
granulación,11.61
granular,13.27
granulocito,11.61
granuloma,26.54
granulomas,9.95
granulomatosa,11.61
granulomatosis,33.18
granulomatós,54.74
grasa,6.64
graso,24.88
grava,19.91
grave,4.98
gravedad,247.18
gravis,9.95
gravitropismo,8.29
gregor,29.86
grew,6.64
gripal,11.61
gripe,33.18
growth,26.54
grundriss,4.98
grupa,11.61
gránulo,13.27
grás,8.29
guanina,6.64
guidelines,6.64
guisant,23.22
guisante,9.95
gusano,6.64
guyon,9.95
gástrico,44.79
génica,16.59
génico,255.47
gónada,6.64
habitable,14.93
hacinamiento,9.95
haeckel,38.16
haemophilus,39.81
halcón,29.86
haldane,19.91
hallazgo,215.66
handicap,39.81
haplogrupo,11.61
haplogrupos,14.93
haploides,4.98
haplotipo,23.22
hapmap,9.95
health,77.97
hebra,59.72
hectolitro,29.86
heimlich,6.64
helada,38.16
helenismos,13.27
helicobacter,9.95
helio,28.2
helmont,6.64
hemaglutinina,31.52
hematocrito,24.88
hematoencefálico,11.61
hematología,29.86
hematológica,16.59
hematológico,8.29
hematoma,4.98
hematopoyesis,4.98
hematopoyética,6.64
hematosis,6.64
hematí,9.95
hembra,18.25
hemidiafragma,4.98
hemifacial,4.98
hemiptera,6.64
hemisferio,71.33
hemitórax,11.61
hemo,8.29
hemodinámica,6.64
hemodinámico,26.54
hemodiálisis,4.98
hemofilia,9.95
hemoglobina,51.43
hemograma,4.98
hemolinfa,19.91
hemolítico,9.95
hemoptisis,36.5
hemoptoico,4.98
hemorragia,8.29
hemorroid,4.98
hemorrágica,4.98
hemorrágico,18.25
hemotórax,6.64
hemático,11.61
hemólisis,8.29
hendido,14.93
hendidura,38.16
hennig,9.95
heno,29.86
hepatitis,33.18
hepatocito,16.59
hepático,122.76
herbario,24.88
herbicida,46.45
herbivoría,39.81
herbívoro,24.88
heredabilidad,23.22
heredabl,9.95
heredado,41.47
heredar él,4.98
heredir,6.64
hereditario,242.2
hereditary,8.29
herencia,240.54
herida,172.53
hernia,13.27
herniación,8.29
hernias,8.29
herpes,8.29
herpetología,8.29
herr,13.27
herramienta,447.91
hervir,11.61
heterocigosidad,18.25
heterocigosis,9.95
heterocigota,6.64
heterocigoto,16.59
heterocromatina,4.98
heterogeneidad,36.5
heterogéneo,54.74
heterótrofo,6.64
hialino,4.98
hialurónico,11.61
hiatal,4.98
hiato,21.57
hibernación,24.88
hibernar,9.95
hibridación,124.42
hibridar,21.57
hidratación,18.25
hidrato,51.43
hidrocefalia,18.25
hidrofóbico,8.29
hidrogel,4.98
hidrolasa,6.64
hidrología,23.22
hidrológico,23.22
hidronefrosis,4.98
hidroponir,8.29
hidroponía,44.79
hidropónico,43.13
hidrosfera,8.29
hidroxiapatita,6.64
hidrólisis,14.93
hierbas,6.64
higiene,49.77
higiénico,11.61
hiliar,9.95
hilio,13.27
hinchado,16.59
hinchar,8.29
hinchar él,4.98
hinchazón,4.98
hiperactividad,21.57
hipercapnia,16.59
hipercolesterolemia,4.98
hiperemia,4.98
hiperestesia,4.98
hiperextensión,6.64
hiperglucemia,9.95
hipermetropía,39.81
hiperpigmentación,6.64
hiperplasia,28.2
hiperpolarización,4.98
hiperreactividad,8.29
hiperreflexia,9.95
hipersecreción,11.61
hipersensibilidad,76.31
hipertensión,19.91
hipertiroidismo,9.95
hipertrofia,49.77
hipertrófico,14.93
hiperventilación,6.64
hipo,8.29
hipoacusia,6.64
hipocampo,28.2
hipocrático,9.95
hipodérmico,11.61
hipofaringe,4.98
hipoglucemia,8.29
hipoparatiroidismo,8.29
hipoplasia,53.09
hiporreflexia,4.98
hipotensión,9.95
hipotermia,36.5
hipotetizar,16.59
hipotiroidismo,16.59
hipotonía,18.25
hipotálamo,11.61
hipotónico,8.29
hipoventilación,19.91
hipovolemia,11.61
hipoxemia,43.13
hipoxia,8.29
hipócrates,44.79
hipófisis,14.93
hipótesis,11.61
hipóxico,13.27
hisopo,8.29
histerectomía,164.23
histeria,9.95
histiocito,4.98
histocompatibilidad,11.61
histología,23.22
histológica,9.95
histológico,68.02
histona,109.49
histopatología,13.27
histopatológico,16.59
histoquímico,4.98
histólogo,6.64
hodgkin,16.59
hoja,41.47
hojarasca,9.95
holístico,54.74
hombro,111.15
homeostasis,43.13
hominidae,4.98
homo,177.51
homocigota,6.64
homocigoto,8.29
homogéneo,46.45
homología,9.95
homínido,16.59
homóloga,8.29
homólogo,63.04
hongo,393.17
hooke,21.57
hormigueo,26.54
hormona,267.09
hormonal,8.29
horner,23.22
hortaliza,33.18
horticultor,49.77
horticultura,43.13
hortícola,11.61
horvitz,4.98
hospedador,54.74
hospedero,34.84
hospitalario,109.49
hospitalización,71.33
hospitalizado,29.86
hospitalizar,18.25
hueco,26.54
huerto,54.74
hueso,535.83
huevo,303.58
human,117.78
humana,33.18
humano,48.11
humedad,164.23
humedecer,6.64
humidificación,11.61
humidificador,8.29
humo,81.29
humoral,16.59
humus,16.59
huso,24.88
hutchinson,16.59
huxley,36.5
huésped,199.07
hybridization,8.29
hábitat,268.75
hábitats,51.43
hábito,107.83
hámster,6.64
hídrico,58.06
hígado,150.96
hístico,6.64
iatrogénico,9.95
ibuprofeno,11.61
ictiología,9.95
ictus,9.95
identificable,16.59
identificación,240.54
identificar,625.42
idiopathic,6.64
idiopático,82.95
ignorado,11.61
iliaco,4.98
illness,4.98
illumina,14.93
ilíaco,16.59
imagenología,11.61
imaging,8.29
immunology,6.64
impedancia,14.93
implant,4.98
implantabl,8.29
implantación,99.54
implantado,31.52
implantar,58.06
implantar él,8.29
implante,8.29
implicación,94.56
implicado,139.35
implicar,462.84
implications,14.93
importador,13.27
impotencia,9.95
impredecibl,6.64
impregnada,4.98
imprescindible,36.5
improductivo,8.29
impronta,29.86
improve,4.98
inactiir,18.25
inactivación,38.16
inactivado,11.61
inactivar,13.27
inadecuado,59.72
inadvertido,14.93
inaparente,4.98
inapropiado,23.22
incapacidad,9.95
incapacitante,4.98
incentivar,21.57
incidencia,311.88
incisión,270.41
inclemencia,9.95
inclusivo,19.91
incomodidad,9.95
incompleto,68.02
inconsciente,79.63
incontinencia,29.86
incontrolado,13.27
incorrecto,51.43
incrementado,14.93
incrementar,268.75
incrementar él,11.61
incremento,240.54
incubación,46.45
indeseable,13.27
indeseado,14.93
indicación,129.4
indicado,104.51
indicador,69.67
indicativo,18.25
indiferenciado,13.27
indirecto,4.98
indispensable,39.81
individualizado,19.91
individualizar,6.64
individuo,952.22
individuos,9.95
indoloro,23.22
inducción,59.72
inducida,16.59
inducido,69.67
inducir,162.57
inducir él,6.64
industrializado,24.88
ineficaz,26.54
inerir,19.91
inert,28.2
inerte,34.84
inervación,19.91
inervado,8.29
inespecífica,4.98
inespecífico,29.86
infanticidio,13.27
infarto,49.77
infecciones,18.25
infecciosas,6.64
infeccioso,262.11
infección,38.16
infectado,200.73
infectar,119.44
infectar él,14.93
infectious,11.61
infectividad,4.98
inferencia,24.88
inferir,49.77
infertilidad,14.93
infestación,9.95
infiltración,4.98
infiltrado,24.88
inflamaciones,13.27
inflamación,16.59
inflamado,19.91
inflamar,19.91
inflamatoria,63.04
inflamatorio,8.29
inflar,14.93
infliximab,6.64
influenza,4.98
influenzae,46.45
influenzavirus,33.18
influir,218.98
informado,31.52
informatics,8.29
infradiagnosticado,4.98
inframamario,4.98
infrecuent,16.59
infrecuente,33.18
infusión,33.18
infértil,8.29
ingeniería,248.84
ingerida,6.64
ingerido,11.61
ingerir,63.04
ingesta,142.67
ingestión,36.5
ingle,19.91
ingresado,19.91
inguinal,31.52
ingurgitación,6.64
inhabilidad,6.64
inhalación,102.85
inhalada,6.64
inhalado,48.11
inhalador,6.64
inhalar,51.43
inherente,49.77
inhibición,43.13
inhibido,4.98
inhibidor,8.29
inhibidores,18.25
inhibidoro,6.64
inhibir,101.19
inhibitorio,19.91
initiation,4.98
initiative,14.93
injertado,8.29
injertar,16.59
injerto,9.95
inmadurez,4.98
inmaduro,21.57
inmovilidad,6.64
inmovilización,23.22
inmovilizar,18.25
inmune,205.71
inmunidad,114.47
inmunitaria,23.22
inmunitario,174.19
inmunización,6.64
inmunizado,9.95
inmunizar,4.98
inmunocomprometido,6.64
inmunodeficiencia,8.29
inmunodepresión,4.98
inmunodeprimido,9.95
inmunofluorescencia,14.93
inmunogenicidad,13.27
inmunoglobulina,53.09
inmunohistoquímica,4.98
inmunohistoquímico,14.93
inmunología,64.7
inmunológico,195.75
inmunosupresión,16.59
inmunosupresor,26.54
inmunosuprimido,6.64
inmunoterapia,8.29
innato,36.5
inocua,4.98
inoculación,21.57
inocular,6.64
inocuo,6.64
inorgánico,64.7
inotrópico,13.27
insecticida,33.18
insecto,6.64
insectívora,4.98
inseminación,16.59
insensibilidad,8.29
insensible,11.61
inserción,122.76
insertado,19.91
insertar,99.54
insertar él,8.29
insidioso,8.29
insomnio,28.2
insostenible,13.27
inspection,4.98
inspiratorio,19.91
instintivo,13.27
institutes,9.95
instrumentación,31.52
insuficiencia,21.57
insuficiente,54.74
insuflación,6.64
insular,66.36
insulina,9.95
insumo,36.5
integrador,19.91
integration,8.29
integrative,8.29
integrativo,4.98
intensidad,197.41
intensificación,16.59
intensiva,31.52
intensivo,268.75
intensivos,24.88
interaccionar,31.52
interacción,6.64
interaction,6.64
interactuar,72.99
interactúir,24.88
intercambiado,8.29
intercambio,200.73
intercelular,16.59
intercostal,34.84
interdependencia,24.88
interdependient,4.98
interdisciplinar,14.93
interdisciplinaria,4.98
interdisciplinario,77.97
interespecífico,9.95
interfalángica,4.98
interfase,14.93
interferente,4.98
interferir,69.67
interferón,11.61
intermediario,33.18
intermitente,38.16
internación,8.29
interpersonal,13.27
interrelacionado,14.93
interrelacionar,4.98
interrelación,39.81
interrogante,13.27
intersexo,6.64
intersexual,46.45
intersexualidad,9.95
intersticial,142.67
intersticio,28.2
intervencionista,19.91
intervención,423.03
intervenido,11.61
interventricular,4.98
intervertebral,9.95
intestinal,132.71
intestino,200.73
intolerancia,33.18
intoxicación,9.95
intra,4.98
intraabdominal,6.64
intraaórtico,11.61
intracardíaco,4.98
intracelular,84.61
intracitoplasmático,4.98
intracraneal,31.52
intraespecífico,6.64
intraluminal,16.59
intramuscular,11.61
intranasal,13.27
intranuclear,4.98
intraocular,159.26
intraoperatorio,14.93
intrapulmonar,4.98
intratable,6.64
intratorácico,9.95
intrauterino,11.61
intrauterín,9.95
intravascular,6.64
intravenoso,132.71
introgresión,8.29
intrínseco,68.02
intrón,14.93
intubación,33.18
intuitiva,4.98
invaginación,11.61
invasiva,38.16
invasivo,189.12
invernadero,72.99
inverso,51.43
invertebrado,43.13
investigación,1376.91
investigador,389.85
inviable,9.95
involucrar,182.48
involuntario,41.47
inyección,121.1
inyectabl,8.29
inyectable,13.27
inyectado,19.91
inyectar,34.84
ionización,24.88
ionizado,14.93
ionizante,43.13
ipsilateral,13.27
iridectomía,6.64
iris,74.65
irradiación,31.52
irradiado,16.59
irradiar,24.88
irradiar él,8.29
irreversible,68.02
irrigación,36.5
irrigado,9.95
irrigar,18.25
irritabilidad,11.61
irritable,9.95
irritación,64.7
irritant,16.59
irritante,31.52
irritativo,11.61
ishs,9.95
isocianato,6.64
isoforma,18.25
isquemia,9.95
isquémica,9.95
isquémico,26.54
isrs,6.64
issue,43.13
isótopo,38.16
ivermectina,6.64
ivig,23.22
iónico,51.43
jadeo,4.98
jardinería,13.27
jaula,107.83
jeringa,18.25
jirovecii,6.64
jussieu,6.64
justificado,18.25
justus,11.61
kandel,8.29
kanner,11.61
karolinska,4.98
kawaoka,6.64
kerner,6.64
kilobás,6.64
kinesiología,11.61
klebsiella,23.22
klinefelter,4.98
klug,8.29
kluwer,6.64
konrad,31.52
krebs,19.91
labio,174.19
labios,4.98
laboratorio,364.96
labranza,44.79
labrar,21.57
laceración,87.92
lacrimal,4.98
lactancia,34.84
lactant,4.98
lactante,4.98
lactobacillus,8.29
lagrimal,23.22
lagrimeo,9.95
lamarck,16.59
lamelar,9.95
laminar,13.27
lana,59.72
lancet,21.57
landsteiner,8.29
langerhans,11.61
laparoscopia,24.88
laparoscopía,6.64
laparoscópica,13.27
laparoscópico,58.06
laparotomía,14.93
laringe,9.95
laringitis,21.57
laringoscopio,4.98
laringotraqueobronquitis,6.64
larva,141.01
laríngea,16.59
laríngeo,23.22
lasek,13.27
lasik,109.49
lateir,8.29
latencia,39.81
latente,33.18
latido,36.5
latitudinal,11.61
lavado,29.86
lavar él,23.22
leber,23.22
leche,157.6
lechera,6.64
lechuga,13.27
leclerc,11.61
leeuwenhoek,28.2
legionella,26.54
legumbr,36.5
lent,121.1
lente,112.81
lenteja,16.59
lento,214
leonhart,6.64
lepidóptero,13.27
leporino,11.61
lepra,18.25
lesionado,34.84
lesión,9.95
letal,58.06
letalidad,14.93
letargo,19.91
leucemia,48.11
leucocitario,4.98
leucocito,49.77
leucocitosis,11.61
leucotrieno,9.95
levadura,63.04
levantar él,28.2
leve,4.98
lewontin,23.22
leñosa,31.52
libido,16.59
lidia,34.84
lidocaína,11.61
liebig,13.27
lifting,9.95
ligado,187.46
ligadura,18.25
ligamento,84.61
ligamiento,24.88
ligar,18.25
lignina,9.95
limitación,129.4
limitant,6.64
limitante,26.54
limitar él,21.57
limnología,4.98
limo,13.27
limpiar él,13.27
linaj,43.13
linfa,11.61
linfocito,16.59
linfocitos,6.64
linfocítico,11.61
linfoide,4.98
linfoma,39.81
linfática,6.64
linfático,141.01
lingual,9.95
lingüística,11.61
linneo,82.95
linné,6.64
lipasa,8.29
lipoideo,11.61
lipoma,4.98
lipoproteína,9.95
liposolubl,8.29
liposucción,28.2
lippincott,8.29
lipídico,31.52
liquenología,8.29
lisosoma,4.98
lisosomal,18.25
litotricia,11.61
llenado,6.64
lobar,29.86
lobectomía,13.27
lobular,4.98
localización,162.57
localizar él,16.59
loci,6.64
locomoción,26.54
locomotor,16.59
locu,14.93
locus,9.95
loeffler,9.95
logopedia,4.98
lombriz,11.61
lomo,16.59
longevidad,16.59
lorenz,24.88
losardo,8.29
lubricant,8.29
lumbar,43.13
lumen,14.93
luminal,8.29
lung,18.25
lupus,38.16
lyme,13.27
lácteo,39.81
láctico,28.2
láser,91.24
lípido,89.58
líquido,4.98
líquén,63.04
lóbulo,159.26
maceración,14.93
maceta,92.9
macho,16.59
macroglosia,4.98
macromolecular,6.64
macromolécula,34.84
macronutrient,21.57
macroscópica,6.64
macroscópico,28.2
macrófago,119.44
macrólido,14.93
macular,13.27
madeja,4.98
madre,6.64
maduración,68.02
madurez,6.64
magnesio,33.18
magnetoencefalografía,4.98
magno,9.95
magnética,6.64
magnético,159.26
malabsorción,11.61
malacología,24.88
malaria,28.2
malestar,77.97
maleza,39.81
malformaciones,18.25
malformación,6.64
malignidad,11.61
maligno,150.96
malla,91.24
malnutrición,14.93
malpighi,23.22
malthus,14.93
maltrato,4.98
malvasia,14.93
malvasía,6.64
mama,283.68
mamaria,23.22
mamario,126.08
mamografía,6.64
mamoplastia,29.86
mamífero,4.98
mandibular,29.86
mandíbula,222.3
manejo,16.59
manera,82.95
manguito,6.64
manifestado,9.95
manifestar,162.57
manifestar él,41.47
manifiesto,18.25
manipulación,92.9
manual,77.97
mapear,18.25
mapeo,56.4
marcación,8.29
marcaje,11.61
marcapaso,16.59
marchitamiento,4.98
mareo,38.16
marfan,9.95
markov,11.61
martinus,11.61
masaje,16.59
mascarilla,38.16
masculinidad,58.06
masculinización,13.27
masculinizante,8.29
mastectomia,13.27
mastectomía,9.95
masticación,14.93
masticar,33.18
mastocito,8.29
matadero,18.25
matemático,245.52
materna,14.93
mathematical,28.2
matidez,9.95
matriz,144.33
maxilar,43.13
maxilofacial,8.29
maximizar,36.5
mayr,13.27
mcardle,8.29
mcclintock,18.25
mdwiki,11.61
measuring,4.98
mecanicista,8.29
mecanismo,877.57
mecanización,21.57
mechanism,6.64
mechanisms,8.29
meckel,4.98
meconial,14.93
meconio,53.09
mecánico,363.31
mediado,64.7
mediador,26.54
medial,29.86
mediastino,4.98
mediastínico,23.22
medibl,8.29
medica,11.61
medicación,66.36
medical,72.99
medicamento,8.29
medicamentos,53.09
medicamentós,11.61
medicina,340.08
medicinal,8.29
medicine,71.33
medición,132.71
medicus,4.98
medido,28.2
medioambiental,116.12
medioambiente,16.59
medir él,14.93
medline,31.52
medlineplus,34.84
medscape,9.95
medular,56.4
megafauna,13.27
meiosis,53.09
meiótico,9.95
mejilla,28.2
mejora,260.45
mejoramiento,49.77
mejorar,710.02
mejoría,77.97
melanogaster,13.27
melanoma,4.98
mellitus,4.98
melón,13.27
membrana,4.98
mendel,122.76
mendelian,4.98
mendeliana,4.98
mendeliano,16.59
meninges,11.61
meningioma,11.61
meningitis,21.57
meningocele,4.98
menopausia,24.88
mensajera,21.57
mensajero,43.13
menstruación,16.59
menstrual,29.86
mental,323.49
mentón,18.25
mercadeo,14.93
merck,8.29
merlot,23.22
merosina,6.64
mers,9.95
mesencéfalo,16.59
mesenquimal,8.29
mesentérico,6.64
mesh,6.64
mesoamericano,9.95
mesodermo,13.27
mesotelioma,6.64
metaanálisis,18.25
metabolismo,21.57
metabolito,179.16
metabolización,8.29
metabolizar,26.54
metaboloma,21.57
metabolómica,6.64
metabolómico,41.47
metabólico,310.22
metafase,19.91
metagenomas,8.29
metagenómica,18.25
metagenómico,19.91
metano,28.2
metanálisis,4.98
metaplasia,26.54
metastásico,39.81
metazoos,4.98
methods,18.25
meticilina,4.98
metilación,172.53
metilado,19.91
metilo,14.93
metodología,84.61
metodológico,23.22
metotrexato,11.61
metástasis,16.59
mezclar él,14.93
mialgia,4.98
miastenia,21.57
miasténico,14.93
micción,4.98
micobacteria,6.64
micofenolato,8.29
micología,19.91
micoplasma,6.64
micra,9.95
micro,19.91
microarray,6.64
microbial,8.29
microbiana,59.72
microbiano,53.09
microbio,139.35
microbiology,18.25
microbiología,46.45
microbiológico,21.57
microbioma,16.59
microbián,142.67
microbiólogo,18.25
microcefalia,6.64
microcirugía,24.88
microclima,19.91
microcítico,21.57
microdeleción,9.95
microesfera,4.98
microfósil,6.64
micrognatia,4.98
microgravedad,9.95
micronutrient,41.47
micronúcleo,11.61
microorganismo,368.28
micropartícula,8.29
microsatélit,8.29
microscopia,11.61
microscopio,175.85
microscopía,14.93
microscópico,101.19
microtúbulo,14.93
microvascular,16.59
micrómetro,9.95
midriasis,4.98
miel,13.27
mielina,48.11
mielitis,23.22
mieloide,8.29
mieloma,8.29
mielopatía,11.61
migrar,43.13
migraña,4.98
mildiu,6.64
miligramos,8.29
mimetismo,14.93
mimetizar,4.98
mimosa,8.29
mineral,77.97
mineralización,6.64
miniaturización,8.29
minimizar,81.29
miocardio,58.06
miocardiopatía,8.29
miocito,6.64
miocárdico,24.88
mioglobina,4.98
mioglobín,8.29
miopatía,11.61
miopatías,9.95
miopía,61.38
miosis,13.27
miositis,16.59
mirtazapín,4.98
miríada,4.98
mitigación,18.25
mitigar,33.18
mitocondria,137.69
mitocondrial,228.93
mitosis,38.16
mitral,16.59
mitótica,6.64
mitótico,26.54
miúda,8.29
mmhg,21.57
moco,49.77
modelación,8.29
modelado,26.54
modelar,59.72
modelización,19.91
modelling,8.29
models,19.91
moderado,121.1
modificación,275.38
modificado,185.8
modulador,9.95
modular,21.57
modularidad,4.98
mofetilo,6.64
moho,33.18
molar,18.25
moldear,16.59
molecular,142.67
molestia,61.38
molibdeno,8.29
molusco,63.04
molécula,585.6
monceau,6.64
monitorear,23.22
monitoreo,41.47
monitorización,29.86
monitorizado,6.64
monitorizar,16.59
monocatenario,8.29
monocigótico,6.64
monocito,11.61
monoclonal,33.18
monocotiledónea,4.98
monocotiledóneas,8.29
monocular,6.64
monocultivo,19.91
monofilia,9.95
monofilético,26.54
monogénico,6.64
mononeuriti,4.98
mononeuropatía,4.98
mononucleosis,6.64
monta,19.91
monzónica,6.64
moquillo,4.98
moraxella,9.95
morbilidad,59.72
morbimortalidad,4.98
mordedura,18.25
mordida,21.57
morfina,23.22
morfogénesis,21.57
morfología,31.52
morfológica,8.29
morfológico,122.76
morfometría,77.97
morgagni,9.95
morphogenesis,4.98
mortalidad,8.29
mortem,18.25
mosaicismo,14.93
mosca,82.95
moscatel,19.91
mosquito,38.16
mosto,14.93
motilidad,28.2
motoneurona,18.25
motor,28.2
motora,6.64
motoro,69.67
movilidad,77.97
mrna,6.64
mucina,14.93
mucociliar,4.98
mucosa,39.81
mucosidad,36.5
mucoso,19.91
mucós,19.91
muda,26.54
muela,9.95
muestra,537.49
muestreado,6.64
muestreo,44.79
multicelular,21.57
multicéntrico,4.98
multidisciplinar,21.57
multidisciplinario,51.43
multidisciplinary,4.98
multifactorial,14.93
multifacético,8.29
multifocal,21.57
multigeneracional,6.64
multinucleada,8.29
multiplicación,26.54
multiplicar,51.43
multiplicar él,11.61
multiplicidad,11.61
multisistémico,8.29
multiómica,11.61
murmullo,6.64
muscular,11.61
musculatura,72.99
musculoesquelética,4.98
musculoesquelético,18.25
musgo,43.13
muslo,59.72
mutacional,8.29
mutación,4.98
mutado,14.93
mutagénesis,8.29
mutant,23.22
mutante,19.91
mutar,13.27
mutilación,28.2
mutualismo,31.52
mutualista,9.95
muñeca,106.17
muñón,6.64
mycobacterium,43.13
mycoplasma,13.27
mácula,14.93
márkov,9.95
médica,69.67
médico,625.42
médula,18.25
ménière,9.95
método,23.22
métodos,11.61
mínimo,38.16
múltiple,429.66
múltiples,11.61
músculo,8.29
músculos,6.64
nadh,6.64
nadph,11.61
nalga,41.47
nanométrico,4.98
nanopartícula,71.33
nanotecnología,13.27
narciso,14.93
narcissus,39.81
narcótico,8.29
nariz,11.61
nasal,34.84
nasofaringe,18.25
nasogástrico,4.98
natur,13.27
natural,1235.9
naturaleza,578.97
naturalista,63.04
nature,87.92
ncbi,18.25
neandertal,19.91
neanderthalensis,14.93
nebulización,9.95
necesario,831.12
necesitar,452.89
necropsia,9.95
necrosante,6.64
necrosis,9.95
necrotizante,8.29
necrótica,4.98
necrótico,6.64
nefrología,6.64
nefrona,4.98
negativas,8.29
negativo,301.92
neisseria,9.95
nematodiasis,4.98
nematodo,4.98
nematodos,14.93
neologismo,11.61
neonatal,58.06
neonato,26.54
neonatología,6.64
neoplasia,58.06
neoplasias,6.64
neoplásica,13.27
neoplásico,6.64
neotropical,11.61
neovascularización,4.98
nervio,6.64
nervioso,11.61
neumatocele,4.98
neumatosis,8.29
neumococo,8.29
neumoconiosis,4.98
neumología,9.95
neumomediastino,19.91
neumonectomía,8.29
neumonitis,8.29
neumonía,102.85
neumopatía,11.61
neumotórax,11.61
neumática,14.93
neumólogo,13.27
neumónico,11.61
neural,11.61
neuralgia,13.27
neuralgias,6.64
neuraminidasa,38.16
neurinoma,24.88
neuritis,39.81
neuroanatomía,16.59
neurobiología,11.61
neurobiológico,8.29
neuroblastoma,33.18
neurociencia,23.22
neurocirugía,28.2
neurocirujano,16.59
neurocognitivo,4.98
neurodegenerativo,14.93
neurodesarrollo,4.98
neurodiversidad,4.98
neuroendocrino,8.29
neurofarmacología,19.91
neurofibroma,24.88
neurofibromas,13.27
neurofibromatosis,8.29
neurofisiología,51.43
neurofisiológico,13.27
neurogénico,4.98
neuroimagen,14.93
neurological,13.27
neurología,56.4
neurológica,4.98
neurológico,290.31
neuroma,16.59
neuromuscular,13.27
neurona,383.21
neuronal,112.81
neuropathy,9.95
neuropatía,19.91
neuropatías,8.29
neuropatío,4.98
neuropsicofarmacología,9.95
neuropsiquiatría,8.29
neuropático,21.57
neuroscience,8.29
neurosis,13.27
neurosurgery,4.98
neurotransmisor,97.88
neurotrófico,6.64
neurotípico,13.27
neurotóxico,6.64
neurólogo,28.2
neutralizant,8.29
neutro,34.84
neutrófilo,64.7
nicho,49.77
nicotina,18.25
nicotínico,8.29
nikolaas,8.29
ninds,14.93
niosh,13.27
nistagmo,19.91
nitrato,34.84
nitrificant,8.29
nitrogenada,14.93
nitrogenado,19.91
nitroso,11.61
nitrógeno,6.64
nocicepción,4.98
nociceptor,11.61
nocivo,72.99
nodulación,11.61
nodular,18.25
nomenclatura,28.2
noradrenalina,8.29
norepinefrina,8.29
normal,686.8
nosocomial,13.27
notch,6.64
notificado,6.64
notocorda,4.98
novo,43.13
nucleación,16.59
nucleasa,4.98
nucleico,53.09
nucleolar,4.98
nucleolo,4.98
nucleoproteína,6.64
nucleótido,160.92
nuez,31.52
nutricional,127.74
nutricionista,16.59
nutrición,64.7
nutrient,409.76
nutriente,21.57
nutrigenómica,9.95
nutrimento,11.61
nutriología,4.98
nutrir,21.57
nutrir él,4.98
nutrition,11.61
nutritiva,6.64
nutritivo,44.79
náusea,41.47
néctar,26.54
nítrico,16.59
nódulo,97.88
nómada,18.25
obesidad,6.64
obeso,9.95
objetal,8.29
oblicuo,24.88
obliterante,14.93
observabl,14.93
observable,11.61
observacional,9.95
observación,282.02
observado,127.74
observar,635.37
observar él,38.16
obsesivo,16.59
obstetras,4.98
obstetricia,11.61
obstetrics,4.98
obstrucción,21.57
obstructiva,6.64
obstructivo,107.83
obstruido,13.27
obstruir,23.22
obstétrica,6.64
obstétrico,18.25
obtención,106.17
obtener él,31.52
ocasionado,39.81
ocasionar,182.48
occipital,34.84
occupational,9.95
oceanografía,18.25
ocluido,4.98
ocluir,9.95
oclusión,31.52
ocular,345.06
oculista,6.64
oculomotor,13.27
oculoplástico,6.64
ocupacional,16.59
ocurrencia,29.86
ocurrir,953.88
odinofagia,8.29
odontogénico,14.93
odontología,11.61
odontológico,6.64
odum,16.59
oftalmología,43.13
oftalmológico,19.91
oftalmoplejia,4.98
oftalmoplejía,6.64
oftalmoscopio,8.29
oftalmólogo,39.81
oftálmico,14.93
oikos,4.98
olericultura,8.29
olfativo,26.54
olfato,38.16
oligoelemento,11.61
oligonucleótido,18.25
olor,66.36
ombligo,11.61
omec,4.98
omim,11.61
omnívoro,8.29
omóplato,6.64
oncogén,28.2
oncology,9.95
oncología,26.54
oncológica,6.64
oncológico,38.16
oncólogo,9.95
ontogenia,9.95
ontología,11.61
ooforectomía,16.59
opacidad,39.81
opacificación,11.61
operative,4.98
operatorio,9.95
opioid,8.29
opiáceo,6.64
oporto,64.7
optimización,31.52
optimizada,4.98
optimizar,39.81
opérculo,16.59
oral,248.84
orbitario,19.91
oreja,81.29
organic,26.54
organismo,1914.4
organismos,14.93
organisms,4.98
organoléptica,4.98
organoponía,4.98
orgánico,423.03
orgánulo,56.4
orientar él,9.95
orientativo,4.98
orificio,56.4
origen,34.84
originado,63.04
originar,267.09
originar él,16.59
orina,4.98
ornitología,28.2
orofaringe,9.95
orofaríngea,8.29
orphanet,4.98
ortesis,6.64
orthomyxoviridae,13.27
orthos,4.98
ortopedia,21.57
ortopnea,4.98
ortopédica,9.95
ortopédico,84.61
ortostático,59.72
ortólogo,4.98
oseltamivir,13.27
osificación,14.93
osificado,6.64
osmótica,6.64
osmótico,13.27
osteocito,4.98
osteología,4.98
osteoporosis,38.16
osteotomía,54.74
otitis,19.91
otorrinolaringología,19.91
otorrinolaringológica,13.27
otorrinolaringólogo,16.59
ovario,8.29
oveja,280.36
ovelha,11.61
overview,24.88
oviducto,8.29
ovino,26.54
ovocito,26.54
ovárico,16.59
oxcarbazepina,4.98
oxidación,59.72
oxidant,8.29
oxidar,13.27
oxidasa,11.61
oxidativo,36.5
oxigenación,36.5
oxigenado,19.91
oxigenar,9.95
oxigenoterapia,4.98
oximetría,4.98
oxígeno,6.64
ozono,16.59
oído,11.61
paciente,23.22
pacientes,24.88
padecer,194.09
padecer él,9.95
padecimiento,38.16
paisaje,282.02
paisajismo,13.27
paladar,41.47
paleoambiental,4.98
paleobiología,18.25
paleobotánico,6.64
paleoclimatología,4.98
paleoecología,8.29
paleoecológico,4.98
paleoentomología,6.64
paleogenética,6.64
paleomastozoología,4.98
paleontology,8.29
paleontología,19.91
paleovirología,4.98
paleozoología,4.98
paliación,6.64
paliar,13.27
paliativo,38.16
palidez,4.98
palinología,6.64
pallidum,6.64
paloma,184.14
palomar,36.5
palpabl,4.98
palpación,13.27
palpar,6.64
palpebral,36.5
panal,16.59
pancoast,16.59
pancreatitis,8.29
pancreática,4.98
pancreático,19.91
pandémico,13.27
pantorrilla,6.64
papila,28.2
papilar,8.29
papiledema,8.29
papiloma,14.93
paracetamol,4.98
paradigm,8.29
paradigma,72.99
paradójico,19.91
paraesternal,4.98
parafilético,24.88
parafina,9.95
parainfluenza,21.57
paralítico,24.88
paranasal,53.09
paraneoplásico,9.95
parasimpático,13.27
parasitar,13.27
parasitaria,6.64
parasitario,19.91
parasitismo,18.25
parasitología,14.93
parasitosis,9.95
parasitólogo,6.64
paratiroid,6.64
paratraqueal,11.61
paravertebral,4.98
parche,79.63
parcheado,8.29
parcial,197.41
pared,328.47
parenquimatós,4.98
parental,39.81
parenteral,26.54
parentesco,43.13
paresia,18.25
parestesia,34.84
parietal,36.5
parir,26.54
parkinson,34.84
parotiditis,13.27
paroxístico,18.25
parpadeo,11.61
parra,6.64
parsimonia,9.95
parsimonio,13.27
partenogénesis,9.95
parto,205.71
partícula,228.93
parálisi,6.64
parálisis,23.22
parámetro,159.26
parásito,18.25
parénquima,84.61
parótida,4.98
parótido,4.98
pasatiempo,14.93
pasivo,66.36
pastar,26.54
pasteur,81.29
pasteurización,6.64
pastizal,77.97
pasto,144.33
pastoreo,190.78
pata,116.12
patho,6.64
pathology,29.86
patients,11.61
pato,46.45
patogenia,31.52
patogenicidad,18.25
patogénesis,16.59
patogénica,8.29
patogénico,28.2
patología,51.43
patologías,6.64
patológica,4.98
patológico,218.98
patrones,9.95
patrón,535.83
patógeno,116.12
patólogo,43.13
pauling,11.61
pauta,44.79
pavo,41.47
pecho,290.31
pectina,4.98
pectoral,14.93
pectus,19.91
pecuaria,6.64
pecuario,14.93
pedernã,23.22
pediatra,16.59
pediatric,8.29
pediatría,24.88
pedigrí,8.29
pediátrica,18.25
pediátrico,77.97
pedículo,16.59
peeling,8.29
peep,8.29
pelaje,43.13
pellet,6.64
pelvis,54.74
pelvián,8.29
pene,86.26
penetración,39.81
penetrancia,14.93
penetrant,19.91
penetrante,29.86
penetrar,74.65
penicilina,49.77
penjing,11.61
pepino,16.59
percepción,97.88
perceptible,14.93
percutáneo,46.45
perezoso,6.64
perfil,164.23
perforación,4.98
perfundido,4.98
perfusión,66.36
periamigdalino,9.95
peribronquial,11.61
pericardio,8.29
pericárdico,6.64
periferia,46.45
periférico,325.15
perinatal,28.2
perineal,4.98
periodicidad,18.25
periodontal,6.64
perioperatorio,16.59
periostio,6.64
periquita,13.27
peritoneal,18.25
peritoneo,8.29
perivascular,11.61
perjudicial,79.63
permacultura,24.88
permafrost,8.29
permeabilidad,48.11
permeable,18.25
peroné,8.29
perrera,19.91
perro,233.91
perruna,6.64
persistencia,33.18
persistente,121.1
persistir,92.9
personalizado,39.81
perspective,6.64
perturbación,49.77
peróxido,16.59
pesquería,9.95
peste,68.02
pesticida,84.61
pezón,61.38
physi,4.98
physiological,21.57
physiology,11.61
phytophthora,9.95
picazón,11.61
pichón,13.27
picor,18.25
picotear,4.98
piel,733.25
pienso,23.22
pierna,189.12
pigmentación,11.61
pigmentada,6.64
pigmentario,14.93
pigmento,44.79
pigmentós,8.29
pinot,41.47
pinza,29.86
pinzado,6.64
piojo,9.95
pionera,13.27
pires,14.93
piscicultura,6.64
pituitario,13.27
placebo,6.64
placenta,4.98
placentaria,6.64
placentario,11.61
plaga,152.62
plaguicida,33.18
plant,63.04
planta,2604.52
plantación,169.21
plantado,38.16
plantador,11.61
plantae,9.95
plantar,126.08
plantar él,6.64
plantarum,44.79
plantas,26.54
plaqueta,29.86
plasma,24.88
plasmaféresis,18.25
plasmodium,8.29
plasmática,49.77
plasmático,59.72
plastic,34.84
plasticidad,9.95
platelminto,6.64
plazo,381.55
plegamiento,18.25
pleura,121.1
pleural,306.9
pleurodesi,8.29
pleurítico,8.29
plexo,58.06
pliegar,9.95
pliegue,54.74
ploidía,9.95
plos,6.64
pluricelular,13.27
pluripotencial,6.64
pluripotent,4.98
pluvial,19.91
plántula,34.84
plásmido,23.22
plástica,39.81
plástico,207.37
plásticos,9.95
pmid,77.97
pneumocystis,19.91
pneumoniae,99.54
pneumophila,11.61
poda,46.45
podar,21.57
podredumbre,13.27
polen,24.88
poliangeíti,9.95
poliangitis,18.25
policondritis,4.98
policultivo,14.93
polietileno,11.61
polifenol,11.61
polifilético,9.95
poligénica,6.64
poligénico,13.27
polimerasa,21.57
polimiositi,9.95
polimiositis,9.95
polimorfismo,6.64
polimórfico,8.29
polineuritis,9.95
polineuropatía,58.06
polineuropatías,4.98
polinización,6.64
polinizador,6.64
polinizar,13.27
polio,34.84
poliol,14.93
poliomielitis,54.74
poliovirus,28.2
poliposis,13.27
polipéptido,14.93
polisacárido,14.93
polisomnografía,13.27
pollito,11.61
pollo,109.49
polluelo,13.27
polvo,175.85
polymorphism,4.98
polínico,19.91
pomada,4.98
pompe,23.22
ponedora,24.88
pontocerebeloso,6.64
population,36.5
populations,9.95
porcentaje,152.62
porcina,4.98
porcino,13.27
porción,162.57
porfirina,14.93
poro,33.18
poroto,9.95
portador,68.02
portaobjeto,18.25
posibilitar,41.47
posible,283.68
positrón,14.93
posología,13.27
posoperatorio,34.84
posparto,6.64
posquirúrgica,4.98
post,11.61
posterolateral,6.64
postnatal,4.98
postoperatoria,24.88
postoperatorio,66.36
postquirúrgico,6.64
postraumático,9.95
postsináptico,66.36
postulado,34.84
postural,19.91
potasio,4.98
potenciación,9.95
potenciador,13.27
potencial,6.64
potenciales,8.29
potencialidad,13.27
potenciar,46.45
potential,6.64
practicant,21.57
practices,6.64
prado,8.29
praxis,18.25
precaución,33.18
precisar,104.51
precisión,185.8
preciso,195.75
preclínico,36.5
precoz,84.61
predación,4.98
predador,21.57
predecibl,8.29
predecir,167.55
predicción,16.59
predicho,11.61
predictibilidad,4.98
predictivo,11.61
predictor,8.29
predisponent,8.29
predisponer,6.64
predisponir,24.88
predisposición,46.45
predispuesto,13.27
prednisona,28.2
predominancia,8.29
predominio,29.86
preeclampsia,4.98
preexistent,21.57
preexistente,11.61
preferible,19.91
preferir él,4.98
prefrontal,13.27
prehospitalario,26.54
preimplantacional,11.61
prematuro,76.31
prenatal,84.61
prentice,14.93
preoperatorio,6.64
preparado,13.27
presbicia,14.93
prescribir,31.52
prescripción,31.52
prescrito,9.95
presencia,14.93
presente,582.28
preservación,74.65
presináptica,6.64
presináptico,39.81
presión,19.91
prevaleciente,4.98
prevalencia,160.92
prevalente,9.95
prevención,49.77
prevenibl,4.98
prevenir,293.63
prevenir él,14.93
prevention,13.27
preventivo,79.63
preñado,16.59
primario,321.83
primate,76.31
primatología,9.95
primordio,53.09
principalmente,9.95
principio,14.93
principles,41.47
priori,14.93
probabilidad,267.09
probabilístico,9.95
probable,237.23
problemas,18.25
problemático,36.5
procariota,4.98
procedimiento,924.02
procedimientos,31.52
procedure,4.98
procesamiento,101.19
proceso,1960.85
prodromus,9.95
producir,2584.61
producir él,145.99
productividad,134.37
productivo,114.47
productor,94.56
profase,8.29
professionals,6.64
profilaxis,18.25
profiláctico,14.93
profusión,9.95
profármaco,4.98
progenie,9.95
progenitor,48.11
progesterona,13.27
prognosis,4.98
progresar,86.26
progresivo,258.79
progresión,84.61
prolapso,24.88
proliferación,76.31
proliferar,19.91
prolongación,4.98
prolongado,207.37
prometedor,44.79
promotor,23.22
pronación,6.64
prono,4.98
pronóstico,41.47
propagación,119.44
propagar,82.95
propagar él,23.22
propensión,9.95
propenso,61.38
propiocepción,14.93
proporcionar,663.57
proporción,247.18
propágulo,4.98
prosencéfalo,4.98
prospectivo,13.27
prostaglandina,9.95
proteasa,31.52
proteica,26.54
proteico,82.95
protein,16.59
proteoma,4.98
proteus,18.25
proteína,16.59
proteínas,18.25
proteínico,14.93
proteómica,21.57
proteómico,19.91
protista,4.98
protozoario,14.93
protozoología,4.98
protozoos,26.54
protruir,9.95
protrusión,18.25
protuberancia,21.57
protésico,9.95
protón,44.79
proveer,157.6
provocado,104.51
provocar,778.04
proximal,81.29
prozac,4.98
próstata,26.54
prótesi,18.25
prótesis,129.4
pseudoartrosis,4.98
pseudociencia,13.27
pseudomonas,51.43
psicoactiva,6.64
psicoanalítico,61.38
psicoanálisis,13.27
psicodinámico,9.95
psicofarmacología,9.95
psicofármaco,4.98
psicología,122.76
psicológico,157.6
psicomotor,8.29
psicopatología,6.64
psicosis,11.61
psicosocial,14.93
psicosomático,24.88
psicoterapia,29.86
psicoterapéutico,4.98
psicólogo,51.43
psiquiatra,39.81
psiquiatría,41.47
psiquiátrico,92.9
psychiatry,9.95
psíquico,59.72
pteridofita,4.98
ptosis,38.16
pubertad,39.81
pubmed,4.98
pudico,8.29
pudrir,8.29
puerro,8.29
pulga,13.27
pulgar,44.79
pulmonale,16.59
pulmonar,9.95
pulmonary,16.59
pulmón,18.25
pulsión,36.5
pulso,44.79
pulsátil,16.59
punción,36.5
puntuación,14.93
puntual,38.16
punzant,8.29
punzante,13.27
pupa,9.95
pupila,61.38
pupilar,23.22
purina,8.29
purkinje,4.98
purulenta,6.64
purulento,31.52
putativo,14.93
putrefacción,19.91
pylori,13.27
pyogén,11.61
pyrame,6.64
páncreas,54.74
pápula,13.27
párpado,137.69
pélvico,41.47
péptico,4.98
péptido,68.02
pérdida,38.16
pólipo,38.16
queloid,4.98
quemadura,34.84
quemante,4.98
quemazón,6.64
queratectomío,11.61
queratina,11.61
queratocono,9.95
queratomileusis,6.64
queratoplastia,6.64
quijada,6.64
quilotórax,11.61
quimiocina,4.98
quimioterapia,4.98
quimérico,4.98
quinacrina,6.64
quinasa,33.18
quinina,6.64
quirófano,14.93
quirúrgica,6.64
quirúrgico,4.98
quist,4.98
quiste,6.64
quitina,19.91
química,127.74
químico,59.72
quístico,111.15
rabia,18.25
rabo,13.27
racir,16.59
radiación,265.43
radiactividad,9.95
radiactivo,39.81
radial,9.95
radical,43.13
radicular,41.47
radiculopatía,11.61
radiobiología,6.64
radiocirugía,77.97
radiofrecuencia,18.25
radiografía,23.22
radiográfica,4.98
radiográfico,6.64
radioisótopo,11.61
radiología,8.29
radiológica,13.27
radiológico,56.4
radionucleido,8.29
radiosensibilidad,8.29
radioterapia,8.29
radiólogo,9.95
ralentizar,14.93
rama,678.5
ramificación,44.79
ramificar,13.27
rapaz,11.61
rapidez,56.4
raquitismo,4.98
raquídeo,11.61
rara,345.06
rare,18.25
raro,280.36
rasgo,330.13
raspado,4.98
raspar,8.29
rastrojo,11.61
rathke,4.98
ratinho,4.98
ratio,18.25
ratón,21.57
raynaud,26.54
rayos,74.65
reabsorbir,19.91
reabsorción,23.22
reacción,13.27
reactiva,19.91
reactividad,24.88
reactivo,41.47
readaptación,4.98
reafirmación,6.64
realizar él,134.37
reanimación,14.93
reasignación,21.57
rebatir,8.29
rebaño,74.65
recambio,14.93
recaptación,23.22
recaída,31.52
receptor,11.61
recesivo,199.07
recetar,16.59
recherche,11.61
reciclaje,34.84
reciclar,26.54
recidiva,11.61
recipient,33.18
recirculación,9.95
recklinghausen,14.93
recogida,36.5
recolección,61.38
recolectado,14.93
recolocación,6.64
recolocar,6.64
recombinación,48.11
recombinant,6.64
recombinante,24.88
recombinar,4.98
recomendable,63.04
recomendado,68.02
recomendar,310.22
recomiendir,4.98
reconocerlas,4.98
reconstrucción,202.39
reconstruction,14.93
reconstructiva,9.95
reconstructive,21.57
reconstructivo,56.4
recorder,8.29
recría,11.61
rectal,13.27
recto,4.98
recubierta,11.61
recubrir,33.18
recuento,6.64
recuperación,260.45
recurrencia,41.47
recurrente,131.06
recurrir él,8.29
recíproco,36.5
redefinir,9.95
redescubrimiento,11.61
redox,6.64
reduccionista,6.64
reducción,18.25
reducir,920.7
reducir él,28.2
reductasa,6.64
reductivo,8.29
reductor,18.25
reductoro,9.95
reexpansión,6.64
refinar,13.27
reflejo,104.51
reflujo,8.29
refracción,39.81
refractario,29.86
refractiva,9.95
refractivo,121.1
regar,18.25
regeneración,72.99
regenerar,28.2
regeneration,8.29
regenerativo,29.86
regions,8.29
regresión,49.77
regulación,245.52
regulador,33.18
regular,197.41
regulatory,6.64
regurgitación,6.64
rehabilitación,14.93
rehabilitador,6.64
reimplantación,6.64
reinfección,8.29
reintervención,8.29
reintroducción,14.93
reintroducir,21.57
rejuvenecer,6.64
rejuvenecimiento,13.27
relacionado,1013.6
relacionar,200.73
relajación,26.54
relajar,18.25
related,11.61
reliability,4.98
remanente,11.61
remediación,36.5
remisión,33.18
remoción,18.25
remolacha,14.93
renal,179.16
rendimiento,257.13
renina,6.64
rentabilidad,28.2
reoperación,6.64
reotrauma,8.29
reparación,225.61
reparadora,6.64
reparadoro,9.95
reparar él,9.95
repentino,53.09
repercutir,18.25
reperfusión,4.98
repetición,82.95
repetido,74.65
repetitiva,29.86
repetitivo,74.65
replantar,11.61
replicación,116.12
replicar,54.74
replicar él,13.27
reportado,31.52
reposicionamiento,24.88
reposicionar,8.29
reposo,92.9
reproducción,26.54
reproducibilidad,16.59
reproducibl,4.98
reproducible,4.98
reproducir él,26.54
reproductivo,144.33
reproductor,26.54
reproductora,13.27
reptil,8.29
requerido,91.24
requerimiento,44.79
requerir,1093.23
requerir él,8.29
rerio,4.98
resecado,4.98
resecar,9.95
resección,84.61
reservorio,54.74
resfriado,82.95
residual,63.04
residuo,192.44
resiliencia,19.91
resina,34.84
resistente,170.87
resolver él,21.57
resonancia,21.57
resorción,6.64
respirable,4.98
respiración,19.91
respirado,4.98
respirador,14.93
respirar,214
respiratoria,8.29
respiratorio,1443.27
respiratory,14.93
respuesta,16.59
restricción,4.98
restrictivo,49.77
restringen,6.64
restringido,71.33
resultante,126.08
retardado,9.95
retardo,21.57
retención,4.98
retenedor,4.98
reticular,9.95
retina,142.67
retinitis,4.98
retinián,14.93
retinol,4.98
retinopatía,11.61
retracción,28.2
retraso,107.83
retroalimentación,33.18
retroesternal,6.64
retroperitoneal,9.95
retrotransposón,4.98
retroviru,19.91
retrovirus,19.91
rett,13.27
retículo,13.27
reumatismo,13.27
reumatoide,16.59
reumatología,24.88
reumatológica,9.95
reumático,23.22
reutilización,18.25
revascularización,16.59
reversibilidad,6.64
reversibl,9.95
reversible,31.52
revertir,43.13
revestimiento,39.81
revolucionar,34.84
reye,11.61
rheumatology,4.98
ribavirina,4.98
riboflavina,4.98
ribosoma,33.18
ribosomal,11.61
ribosómico,16.59
riego,147.64
riesgo,1247.51
riesgós,6.64
riesling,23.22
rigidez,59.72
rimantadín,6.64
riniti,11.61
rinitis,24.88
rinología,8.29
rinoplastia,4.98
rinorrea,38.16
rinosinusal,6.64
rinosinusitis,26.54
rinovirus,13.27
ritonavir,8.29
rituximab,9.95
rizado,14.93
riñón,36.5
robótica,9.95
rociar,9.95
rodaja,13.27
rodilla,81.29
ronco,6.64
ronquera,4.98
ronquido,11.61
roriz,14.93
rosado,9.95
rosalind,9.95
rosenzweig,9.95
rotacional,11.61
rotar,26.54
rotura,4.98
roupeiro,8.29
rubor,6.64
rubéola,6.64
ruidoso,18.25
rumen,6.64
rumiant,21.57
rutinario,34.84
rápido,535.83
saccharomyces,11.61
saco,109.49
sacper,4.98
sacrificado,13.27
sage,16.59
sagital,18.25
salbutamol,9.95
salinidad,21.57
saliva,46.45
salivación,6.64
salival,34.84
salivar,11.61
salmonella,21.57
salmón,77.97
salud,817.85
saludable,111.15
salvaje,127.74
salín,58.06
samhita,11.61
sanger,33.18
sangrado,6.64
sangrante,4.98
sangrar,16.59
sangre,1114.8
sanguinolento,14.93
sanguíneo,555.74
sanidad,23.22
sanitario,8.29
sano,199.07
sapiens,86.26
sarampión,6.64
sarcoidosis,6.64
sarcoma,18.25
sarmiento,26.54
sarpullido,9.95
sars,46.45
sativum,8.29
saturabl,4.98
saturación,68.02
saturar,11.61
saunders,21.57
sauvignon,36.5
scholia,6.64
schulte,6.64
schwann,18.25
schwannoma,14.93
schwannomas,6.64
screening,8.29
scripps,8.29
sdra,26.54
seara,6.64
sebácea,6.64
secado,33.18
secar,33.18
secar él,11.61
seccionar,6.64
secpre,8.29
secreción,192.44
secretada,8.29
secretado,14.93
secretar,41.47
secretor,4.98
secretoro,4.98
secuenceír,6.64
secuencia,880.89
secuenciación,16.59
secuenciada,4.98
secuenciado,21.57
secuencial,28.2
secuenciar,59.72
seda,145.99
sedación,28.2
sedante,6.64
sedentario,14.93
sedentarismo,4.98
sedimentación,14.93
sedimento,61.38
segmentación,16.59
segmentado,14.93
segmentario,26.54
segmento,240.54
segregar,33.18
seguimiento,137.69
selection,18.25
selectividad,9.95
selectivo,228.93
selenio,8.29
sembrado,16.59
sembradora,11.61
sembrar,54.74
semejanza,53.09
semen,26.54
semental,13.27
semileñosa,4.98
semilla,268.75
seminal,18.25
semiología,11.61
semioquímico,9.95
semiseco,6.64
semiótico,6.64
seno,215.66
sensación,214
sensibilidad,6.64
sensibilización,21.57
sensibilizado,4.98
sensible,182.48
sensitiva,16.59
sensitivo,51.43
sensorial,184.14
sensory,6.64
sepsis,26.54
septal,33.18
septicemia,4.98
septo,16.59
septum,11.61
sequedad,51.43
sequencing,19.91
sericicultura,16.59
serina,11.61
serología,9.95
serológica,9.95
serológico,11.61
seroma,6.64
seroso,6.64
serotipo,28.2
serotonina,19.91
serratia,4.98
serós,11.61
sesgado,14.93
sesgo,31.52
seta,23.22
severidad,51.43
severo,288.65
sewall,11.61
sexo,441.27
señal,424.69
señalización,109.49
señuelo,11.61
shock,39.81
shotgun,6.64
shunt,6.64
sibilancia,41.47
sibilancias,4.98
sick,14.93
sida,46.45
siega,16.59
siembra,89.58
sigla,179.16
sigloxix,6.64
sigmund,23.22
signals,11.61
significante,26.54
significativo,364.96
signo,361.65
signos,18.25
silbido,9.95
silenciamiento,16.59
silico,14.93
silicona,74.65
silicosis,64.7
silvestr,79.63
silvestre,14.93
silvestres,33.18
silvicultura,26.54
simbiont,8.29
simbiosis,23.22
simbiótica,14.93
simbiótico,14.93
simetría,68.02
similitud,150.96
simio,38.16
simpático,61.38
simulación,8.29
simular,61.38
sinapsis,107.83
sinauer,19.91
sincitial,18.25
sindrome,4.98
sindrómico,6.64
sinergia,9.95
sinovial,6.64
sinovitis,9.95
sintetizado,29.86
sintetizar,86.26
sintomatología,71.33
sintomático,72.99
sintético,111.15
sinusal,8.29
sinusiti,4.98
sinusitis,6.64
sináptica,14.93
sináptico,77.97
sistema,3029.2
sistematización,8.29
sistematizar,13.27
sistemática,11.61
sistemático,4.98
sistémica,19.91
sistémico,144.33
sistólico,44.79
situ,94.56
sjögren,14.93
sneath,4.98
snps,9.95
sobrecarga,14.93
sobrecrecimiento,4.98
sobreexplotación,16.59
sobreexpresión,8.29
sobrepesca,8.29
sobrepeso,28.2
sobrepoblación,6.64
sobreproducción,9.95
sobrevivo,8.29
societies,11.61
sociobiología,58.06
sodio,136.03
soil,18.25
soja,92.9
solapamiento,11.61
solapar,16.59
soler,1245.85
solubilidad,23.22
soluto,14.93
soma,13.27
somatosensorial,9.95
someter él,54.74
somnolencia,4.98
somático,38.16
sonar él,6.64
sonda,119.44
sonoma,8.29
sonreír,11.61
sordera,26.54
sospechar,102.85
sospechar él,9.95
sostenibilidad,61.38
sostenible,157.6
sostén,21.57
spect,29.86
spectrum,4.98
splicing,8.29
spray,11.61
sprengel,19.91
srinivasan,4.98
staphylococcus,39.81
stent,23.22
stirpium,18.25
strabismus,4.98
strasburger,6.64
streptococcus,64.7
stress,6.64
stroke,13.27
subagudo,26.54
subcampo,18.25
subcategoría,19.91
subcelular,29.86
subclasificación,4.98
subclavia,26.54
subclínico,11.61
subcutáneo,81.29
subcóncavo,11.61
subdesarrollado,11.61
subdisciplina,51.43
subdividir,51.43
subespeci,44.79
subespecialidad,84.61
sublingual,13.27
submucosa,4.98
submucós,8.29
submuscular,6.64
subpleural,13.27
subpoblación,34.84
subproducto,33.18
subsahariana,4.98
subsección,9.95
subsiguient,16.59
subsistema,13.27
subsistencia,31.52
substancia,14.93
subtipo,111.15
subtotal,9.95
subunidad,54.74
subyacente,172.53
subyacer,33.18
succión,43.13
sudar,8.29
sudor,54.74
sudoración,4.98
sudorípara,11.61
suelo,1103.19
suelta,23.22
suero,43.13
sueño,44.79
sugerir,486.07
sugestivo,9.95
sujetador,9.95
sujeto,142.67
sulfato,39.81
suministrado,16.59
superficial,122.76
superponer,24.88
superposición,23.22
supervisado,26.54
supervivencia,245.52
superyó,11.61
supinación,9.95
suplementación,11.61
suplementar,6.64
suplementario,19.91
suplemento,56.4
suposición,41.47
suprarrenal,43.13
supresor,8.29
supurado,11.61
supurativo,4.98
supín,11.61
sural,4.98
surco,48.11
surfactante,16.59
surg,13.27
surgeons,8.29
surgery,14.93
surgical,21.57
susceptibilidad,89.58
susceptible,117.78
sushruta,9.95
sustainable,23.22
sustancia,595.56
sustancias,11.61
sustentabilidad,8.29
sustentable,44.79
sustentar,53.09
sustrato,258.79
sutura,177.51
suturar,13.27
syndrome,28.2
synthesis,4.98
syrah,14.93
séptico,11.61
sérica,4.98
sérico,28.2
sífili,8.29
sífilis,19.91
sílice,64.7
síncop,6.64
síncope,19.91
síndrom,6.64
síndrome,9.95
síndromes,29.86
síntesis,192.44
síntoma,1726.94
síntomas,14.93
síria,8.29
sístole,8.29
súbito,49.77
tabaco,184.14
tabaquismo,8.29
tabique,18.25
tacto,39.81
tafonomía,14.93
tafonómico,4.98
taiz,4.98
talco,13.27
talón,18.25
tamaño,859.32
tanino,11.61
taponar,8.29
taquicardia,33.18
taquipnea,8.29
taquipneo,8.29
tardíos,4.98
tarso,26.54
tarui,8.29
tasa,696.75
taxonomía,39.81
taxonómica,21.57
taxonómico,94.56
taxón,145.99
taxónomo,29.86
tdah,28.2
technique,11.61
techniques,9.95
tecnología,567.35
tectónica,8.29
teflón,8.29
tegumento,6.64
tejido,29.86
telangiectasia,13.27
temperatura,623.76
temporomandibular,8.29
tempranillo,4.98
temprano,233.91
tender,340.08
tendinoso,14.93
tendón,94.56
tengan,11.61
teofrasto,26.54
terapeuta,31.52
terapia,51.43
terapéutica,13.27
terapéutico,238.89
teratogénico,11.61
teratoma,4.98
terminal,84.61
terminología,44.79
termorregulación,19.91
terms,4.98
ternero,16.59
terpeno,14.93
terroir,4.98
test,74.65
testosterona,36.5
testículo,46.45
tetraciclina,16.59
textbook,16.59
textil,21.57
teñido,24.88
teñir,8.29
teórico,200.73
thalián,13.27
theodosius,6.64
theoretical,19.91
therapeutics,8.29
thoracic,4.98
thumb,6.64
tiamina,6.64
tibia,24.88
tibial,21.57
tibio,16.59
tifoidea,8.29
tigr,4.98
tijera,14.93
timina,6.64
timo,13.27
timín,4.98
tinbergen,14.93
tinción,76.31
tinta,51.43
tintas,24.88
tinto,64.7
tipificación,6.64
tipo,2833.45
tiraje,8.29
tiroid,4.98
tiroidea,13.27
tiroides,11.61
tiroiditis,6.64
tirosina,8.29
tissue,8.29
tisular,4.98
titanio,18.25
tiñir,9.95
to él,4.98
tobillo,33.18
tobramicina,8.29
tolerado,11.61
tolerancia,101.19
tolerante,39.81
tolerar,58.06
tomografía,19.91
tomography,4.98
tools,13.27
topografía,29.86
topológica,4.98
toracocentesis,18.25
toracoscopia,8.29
toracoscópico,4.98
toracotomía,9.95
torrente,61.38
tortícoli,6.64
torácica,11.61
torácico,301.92
tose,4.98
toser,6.64
touriga,24.88
toxicidad,4.98
toxicología,91.24
toxicológico,13.27
toxina,136.03
toxoplasmosis,13.27
trachomatis,4.98
tracto,152.62
tragar,61.38
transcribir,29.86
transcripcional,23.22
transcripción,157.6
transcriptasa,16.59
transcriptoma,38.16
transcriptómica,24.88
transcriptómico,14.93
transcrito,91.24
transcurrido,16.59
transdisciplinario,8.29
transducción,36.5
transfección,13.27
transferencia,170.87
transfusión,4.98
transgénero,19.91
transgénico,26.54
transitorio,58.06
translocación,33.18
transluminal,9.95
translúcido,9.95
transmembranal,4.98
transmembrán,14.93
transmisibl,11.61
transpiración,23.22
transplantation,8.29
transportador,4.98
transportadora,13.27
transposición,18.25
transposón,8.29
transverso,21.57
traqueal,51.43
traqueobronquial,16.59
traqueotomía,11.61
trashumancia,29.86
trasmitir,13.27
trasplantado,9.95
trasplantar,18.25
trasplantar él,6.64
trasplante,6.64
trastorno,58.06
trastornos,74.65
tratabl,6.64
tratable,4.98
tratado,111.15
tratamiento,66.36
tratamientos,13.27
tratar él,91.24
trauma,74.65
traumatismo,13.27
traumatismos,6.64
traumatología,11.61
traumatológico,4.98
traumatólogo,8.29
traumática,16.59
traumático,54.74
treatment,16.59
trends,8.29
trepanación,18.25
treponema,8.29
tricíclico,6.64
tridimensional,43.13
trigémino,38.16
trilobit,6.64
trincadeira,16.59
triplicar,11.61
tripsina,9.95
trisomía,16.59
triturada,4.98
trivalente,4.98
trocánter,14.93
trofología,4.98
trombectomía,13.27
trombo,21.57
trombocito,6.64
trombocitopenio,6.64
tromboembolismo,13.27
tromboembólico,11.61
trombosis,11.61
trombótico,8.29
trompa,28.2
troncal,16.59
tronco,200.73
tropismo,8.29
trucha,28.2
tráquea,147.64
tríada,23.22
trófica,19.91
trófico,59.72
trópico,23.22
tuberculosis,23.22
tuberculoso,14.93
tuberosidad,6.64
tuberós,6.64
tubo,220.64
tubular,26.54
tull,9.95
tumbado,16.59
tumbar,8.29
tumbar él,13.27
tumor,16.59
tumoración,9.95
tumoral,111.15
tumores,51.43
tundra,14.93
turba,19.91
turing,28.2
typhi,4.98
táctil,24.88
tándem,14.93
técnica,1693.77
técnicas,76.31
tópica,4.98
tópico,38.16
tórax,13.27
tóxico,56.4
túbulo,19.91
uexküll,8.29
ulceración,4.98
ulnar,4.98
ultraestructural,8.29
ultrasonido,51.43
ultrasónico,14.93
ultravioleta,23.22
umbilical,23.22
umbral,9.95
ungüento,9.95
unicelular,38.16
uniformidad,16.59
unilateral,77.97
uninet,4.98
universalidad,11.61
urea,6.64
uremia,4.98
ureteral,11.61
uretra,26.54
urgencia,114.47
urgencias,19.91
urinaria,9.95
urinario,89.58
urología,8.29
urológico,8.29
urticaria,4.98
uréter,14.93
using,11.61
uterino,87.92
uterín,21.57
utilidad,102.85
utilización,6.64
utilizado,585.6
utilizar él,119.44
uveítis,8.29
vaciamiento,9.95
vaciar,19.91
vacuna,305.24
vacunación,6.64
vacunado,11.61
vacunal,9.95
vacunar,23.22
vacuno,19.91
vacuola,8.29
vagina,38.16
vaginal,112.81
vaina,54.74
validación,28.2
validar,21.57
valorar,76.31
vancomicina,4.98
vaporizar,8.29
variabilidad,96.22
variable,155.94
variación,494.36
variant,6.64
varianza,19.91
variar,482.75
varicela,6.64
varicosa,4.98
variedad,703.39
varón,145.99
vascular,26.54
vasculares,8.29
vascularización,8.29
vascularizado,4.98
vasculiti,21.57
vasculitis,6.64
vasilievich,4.98
vaso,313.54
vasoconstricción,21.57
vasoconstrictor,4.98
vasodilatación,11.61
vasodilatador,8.29
vasomotoro,8.29
vegetable,8.29
vegetación,164.23
vegetal,16.59
vegetarianismo,8.29
vegetativo,43.13
vegf,6.64
vejez,26.54
vejiga,29.86
vello,4.98
vellosidad,8.29
vena,190.78
venas,4.98
vendaje,21.57
vendimia,34.84
veneno,48.11
venlafaxina,4.98
venosa,13.27
venoso,44.79
ventaja,240.54
ventajoso,23.22
venter,8.29
ventilación,8.29
ventilado,11.61
ventilador,43.13
ventilar,13.27
ventilation,4.98
ventilatorio,16.59
ventral,31.52
ventricular,11.61
ventrículo,99.54
venós,58.06
verbal,59.72
verdeazulada,4.98
verdelho,4.98
verdura,79.63
verosimilitud,19.91
vertebrado,66.36
vertebral,129.4
vertido,13.27
vesalio,13.27
vesalius,4.98
vesical,14.93
vesicular,24.88
vestibular,18.25
vesícula,187.46
veterinaria,23.22
veterinario,6.64
veterinary,14.93
viabilidad,36.5
viable,82.95
viciado,6.64
vigilia,23.22
vincristina,4.98
vinha,33.18
vinho,39.81
vinhos,8.29
vinicultor,6.64
vinicultura,14.93
vinifera,23.22
viniferar,6.64
vinificación,13.27
vino,84.61
vinos,106.17
vinícola,63.04
viognier,4.98
viral,336.76
virchow,6.64
viremia,14.93
virión,14.93
virología,6.64
virulencia,34.84
virulento,26.54
virus,36.5
visceral,44.79
viscoelástico,18.25
viscosidad,19.91
viscós,8.29
visión,399.8
visual,325.15
visualización,92.9
visualizar,68.02
vital,16.59
vitamina,6.64
viticultor,18.25
viticultura,18.25
vitis,8.29
vitivinicultura,9.95
vitivinícola,91.24
vitrectomía,6.64
vitro,21.57
vitícola,14.93
vivero,54.74
viviente,39.81
vivo,728.27
viña,51.43
viñedo,8.29
viñedos,26.54
voltaje,44.79
volátil,33.18
vulva,13.27
vértebra,53.09
vértigo,23.22
vías,24.88
vírica,43.13
vírico,49.77
víscera,13.27
vítreo,16.59
vómito,44.79
webmd,4.98
wegener,11.61
weismann,4.98
welfare,8.29
wernicke,6.64
whittaker,16.59
wilkins,18.25
willink,4.98
wine,38.16
woese,8.29
xenobiótico,18.25
yegua,33.18
yema,29.86
yodado,6.64
yodo,19.91
yogur,11.61
yugular,6.64
zanamivir,13.27
zenker,6.64
zika,8.29
zoology,11.61
zoología,112.81
zoonosis,13.27
zoonótico,4.98
zoosemiótica,14.93
zootecnia,8.29
zootécnico,4.98
zuckerkandl,8.29
zóster,4.98
ácaro,29.86
ácido,86.26
áfido,6.64
ántrax,4.98
árbol,1001.99
árida,16.59
ártico,64.7
émbolo,19.91
équido,8.29
ético,96.22
íleo,11.61
índice,393.17
ómica,6.64
ómico,9.95
óptica,19.91
óptico,355.01
óptimo,137.69
órgano,769.74
órtesis,8.29
óseo,363.31
óvulo,76.31
úlcera,58.06
úlcero,8.29
útero,14.93
útil,413.07
λóγος,4.98
λογία,6.64
λόγος,13.27
πάθος,9.95
