abarcadoro,3.93
abasí,13.1
aberystwyth,5.24
abogar,96.97
abolicionismo,30.14
abolicionista,15.72
abominación,14.41
abordada,3.93
abordado,9.17
abordaj,7.86
abordaje,19.66
abordar,296.14
abordar él,7.86
aborto,114
abrahámica,13.1
abreviar,11.79
absolutismo,23.59
absolutista,17.03
abstinencia,11.79
abstracción,51.1
abstract,27.52
abstracta,23.59
abstracto,150.69
abstraer,5.24
abul,6.55
abya,7.86
academic,18.34
acadia,3.93
acadio,5.24
académico,179.52
acaparamiento,5.24
acarrear,19.66
accesibilidad,23.59
acento,114
acentuación,35.38
acepción,32.76
aceptabilidad,3.93
aceptable,68.14
aceptación,10.48
acercamiento,90.41
acogida,66.83
acotar,7.86
acquisition,5.24
actitud,233.24
actitudes,5.24
activismo,6.55
acto,670.9
acumulación,70.76
acumulativo,15.72
acusativo,13.1
acuña,3.93
acuñar,77.31
acuñó,11.79
adagio,15.72
adaptabilidad,6.55
adaptación,13.1
adaptativa,10.48
adaptativo,26.21
adecuación,22.28
adelfopoiesis,3.93
adherent,13.1
adivinatorio,3.93
adjetival,3.93
adjetivo,5.24
adjunto,14.41
adler,23.59
administraciones,13.1
administrativo,52.41
admisible,9.17
adoctrinamiento,10.48
adolescencia,7.86
adopción,91.72
adorno,44.55
adquisición,11.79
adquisitivo,11.79
adscripción,17.03
adulterio,30.14
adulto,214.9
adultocentrismo,5.24
advances,10.48
advenimiento,23.59
adverbio,28.83
advocate,7.86
aeróbico,13.1
afarensis,7.86
afectividad,3.93
afectivo,57.66
afecto,43.24
afeminado,28.83
affairs,18.34
afianzamiento,7.86
afijo,19.66
afiliación,43.24
afiliado,45.86
afirmación,142.83
afirmado,6.55
africada,7.86
africano,26.21
africanos,14.41
afroestadounidens,27.52
afrontamiento,19.66
after,13.1
afán,26.21
aging,13.1
agnóstico,24.9
agravante,3.93
agregada,10.48
agregado,86.48
agresividad,15.72
agresión,76
agresor,19.66
ahorro,83.86
aims,5.24
ajustar él,22.28
akerlof,5.24
alarcos,19.66
albor,11.79
alda,13.1
alegórico,27.52
alejandrino,6.55
alejandrín,6.55
aleksander,9.17
aleluyas,3.93
alentar,65.52
alfabetizada,3.93
alfabeto,18.34
alfonsino,10.48
algorítmico,10.48
alienación,14.41
allais,6.55
alofónico,7.86
alomorfos,5.24
alteridad,5.24
alternancia,31.45
alternante,7.86
althusser,5.24
altmann,9.17
altruismo,5.24
altruista,19.66
alucinación,18.34
alveolar,13.1
alzamiento,14.41
alófono,90.41
amartya,9.17
ambiental,395.73
ambiente,370.83
ambiguo,35.38
ambigüedad,62.9
ambivalente,9.17
americanismo,3.93
amorós,10.48
anacreonte,3.93
anaeróbico,9.17
anal,36.69
analectas,3.93
analfabetismo,10.48
analizabl,3.93
analizable,5.24
analizado,28.83
analizador,6.55
analizar,606.69
analizar él,17.03
analogía,35.38
analysis,83.86
analytics,6.55
analítica,5.24
analítico,78.62
anarcocomunismo,17.03
anarcocomunista,11.79
anarcosindicalismo,27.52
anarcosindicalista,13.1
anarquismo,218.83
anarquista,191.31
anarquía,36.69
angelika,7.86
anglosajón,69.45
anglófono,6.55
angustia,34.07
animismo,6.55
animista,6.55
anomia,5.24
anorexia,10.48
ansiedad,89.1
antecedente,100.9
anteceder,11.79
anthropological,15.72
anthropologie,11.79
anthropology,69.45
anthropos,11.79
anticapitalista,10.48
anticipar,39.31
anticipatorio,3.93
anticlericalismo,6.55
anticoncepción,6.55
anticonceptivo,11.79
antidemocrático,13.1
antifranquista,13.1
antigüedad,49.79
antiimperialista,6.55
antiliberal,13.1
antimilitarismo,6.55
antinatural,9.17
antisocial,31.45
antonomasia,7.86
antropocentrismo,3.93
antropogénica,6.55
antropogénico,6.55
antropología,771.8
antropologío,6.55
antropológica,3.93
antropológico,155.93
antropometría,6.55
antropométrica,6.55
antropométrico,13.1
antroponimia,6.55
antropóloga,13.1
antropólogo,9.17
anáfora,6.55
análisis,116.62
anímico,7.86
apartamiento,3.93
apego,53.72
aperturista,19.66
aplicabilidad,15.72
aplicable,52.41
aplicada,27.52
aplicado,297.45
aplicar,608
aplicar él,55.03
apologista,5.24
aportación,99.59
aporte,110.07
applications,11.79
applied,49.79
approach,17.03
approaches,9.17
apreciación,22.28
apremiant,3.93
aprender él,5.24
aprendido,26.21
aprendizaje,19.66
apropiación,19.66
apropiado,89.1
apropiar,20.97
aproximación,182.14
aproximant,7.86
aproximante,10.48
aproximar él,14.41
aptitud,34.07
apóstata,5.24
apóstrofo,10.48
aquino,40.62
arabic,6.55
aras,11.79
arcaica,9.17
arcaico,40.62
archaeology,32.76
argan,3.93
argelino,9.17
argot,9.17
argumentación,36.69
argumentado,6.55
argumentar,440.28
argumentativo,5.24
argumento,216.21
aristarco,6.55
aristotélico,17.03
aristófanes,15.72
aristóteles,87.79
arlie,3.93
armamentista,5.24
armonización,10.48
armonía,96.97
arpanet,11.79
arqueología,184.76
arquetipo,55.03
arquetípico,31.45
arraigado,28.83
arraigar,11.79
arte,1193.73
articulación,107.45
articular,58.97
articulatoria,5.24
articulatorio,27.52
asalariado,15.72
asambleario,7.86
aserción,7.86
aseveración,7.86
aseverar,11.79
asignación,127.1
asignatura,36.69
asimetría,35.38
asimilación,36.69
asimilar,41.93
asimétrico,24.9
asiriología,3.93
asistido,47.17
asiático,19.66
asocial,5.24
asociativo,13.1
aspecto,894.97
aspects,7.86
aspirada,7.86
aspirado,14.41
asterisco,6.55
asumido,13.1
asumir él,5.24
asunción,28.83
atañer,7.86
atemporal,7.86
atención,104.83
ateneo,18.34
atener él,5.24
atentar,32.76
ateo,41.93
ateísmo,31.45
atomización,9.17
atribuible,14.41
atributivo,3.93
audibl,7.86
auditivo,45.86
audre,3.93
auge,123.17
aullón,32.76
aumann,5.24
aumento,14.41
australopithecus,26.21
autarquía,6.55
autenticidad,49.79
autismo,106.14
autista,108.76
autocensura,6.55
autoconciencia,9.17
autocontrol,23.59
autodefinir él,3.93
autodestructivo,9.17
autoestima,31.45
autoevaluación,5.24
autoexpresión,6.55
autogestionado,7.86
autogestionario,3.93
autogestión,17.03
autoidentificación,9.17
automático,281.73
autonomismo,3.93
autoritario,45.86
autorreferencial,3.93
autorregulación,7.86
autosuficiente,11.79
auténtica,14.41
autómata,13.1
autónomas,6.55
autónomo,7.86
averroes,6.55
avicena,10.48
axiológico,6.55
axioma,24.9
axiomático,9.17
ayatolá,11.79
añoranza,5.24
bahaísmo,3.93
bakunin,40.62
balanza,23.59
balbuceo,9.17
balcánico,15.72
bally,10.48
banca,144.14
bancario,116.62
banco,314.48
bancos,23.59
bandura,9.17
banking,7.86
barak,9.17
baran,10.48
barbarella,5.24
barbarie,10.48
barthes,9.17
basando yo,3.93
basar,514.97
bashō,5.24
basingstoke,7.86
bateson,5.24
baumol,9.17
bayard,9.17
bayes,5.24
beauvoir,22.28
behavior,24.9
behavioral,5.24
bellaterra,6.55
bellum,6.55
beneficio,321.04
beneficioso,40.62
benjamins,17.03
bentham,10.48
benveniste,6.55
bergin,5.24
bergson,6.55
bermejo,22.28
bernoulli,11.79
bhikkhu,3.93
bhimbetka,3.93
biblia,226.69
biblical,10.48
bibliografía,32.76
bibliography,10.48
bidireccional,15.72
bien,653.87
bienes,5.24
bienestar,171.66
bilabial,5.24
bilingüismo,6.55
binet,6.55
bioarqueología,5.24
bioeconomía,7.86
biolingüística,9.17
biología,117.93
biológico,344.62
biopsicosocial,5.24
biosocial,7.86
biotecnología,13.1
bioético,3.93
bisexual,70.76
bisexualidad,18.34
bizantino,10.48
blaug,5.24
bloch,17.03
bloomfield,20.97
bloor,13.1
blumenbach,6.55
boas,39.31
boccaccio,10.48
bodhi,9.17
bodin,9.17
bois,22.28
boltanski,3.93
bonald,7.86
bopp,9.17
boscán,7.86
boserup,9.17
bosquejo,7.86
bosquimanos,3.93
boswell,14.41
boulding,5.24
bourdieu,26.21
bowers,27.52
bracciolini,3.93
brahmán,9.17
braille,22.28
brics,7.86
brillantez,7.86
broca,10.48
bronislaw,9.17
bronisław,5.24
brue,5.24
bruner,11.79
brzezinski,5.24
buddhist,7.86
budismo,30.14
budista,11.79
bulimia,11.79
bultmann,17.03
burckhardt,5.24
burguesa,15.72
burgués,43.24
burocracia,82.55
burocrático,39.31
burócrata,22.28
buscador,28.83
básico,418
bíblica,28.83
bíblico,276.48
cabe,6.55
cabildeo,3.93
cadalso,5.24
calco,14.41
calentamiento,94.35
califa,58.97
califas,3.93
califato,30.14
calificativo,14.41
calificándolo,5.24
caligráfico,9.17
callon,6.55
cambiant,14.41
cambiante,19.66
cambio,1632.7
cambios,10.48
cambridge,30.14
camerer,9.17
canon,57.66
canonizar,18.34
cantares,11.79
cantillon,7.86
canónico,77.31
capacitar,18.34
capacitismo,3.93
capitalismo,13.1
capitalista,11.79
captar,69.45
care,64.21
carlismo,6.55
carlista,111.38
carnal,13.1
carocci,3.93
carrero,26.21
cartesiano,9.17
castelvetro,11.79
castidad,56.35
castiella,5.24
castigo,110.07
castración,18.34
catarsis,6.55
catecismo,11.79
categorial,5.24
categorización,34.07
categorizar,28.83
catolicismo,91.72
caudillo,36.69
causal,44.55
causalidad,34.07
cautela,9.17
ceda,17.03
celdrán,6.55
celestina,10.48
celibato,13.1
celta,69.45
celuloide,6.55
cenetista,5.24
cenital,7.86
centralidad,14.41
centralizado,55.03
centralizar,14.41
centrar,418
centrar él,72.07
cerebro,200.48
cesta,51.1
champollion,7.86
chamánico,5.24
chartier,10.48
chatbot,5.24
chechenia,17.03
cheque,17.03
chicano,3.93
chiita,20.97
childe,5.24
childhood,11.79
chimpancé,26.21
chispa,22.28
chomskiana,3.93
chomsky,141.52
chomskyán,5.24
christianity,13.1
ciberantropología,14.41
cibercultura,3.93
ciberespacio,11.79
cibernética,5.24
ciencia,1900.01
cienciología,6.55
científico,769.18
cincel,7.86
cinematógrafo,18.34
circulante,23.59
citar él,19.66
civilis,5.24
civilización,242.42
civitas,6.55
clandestinidad,22.28
clarificar,15.72
claroscuro,6.55
clasicismo,34.07
clasicista,20.97
clasismo,5.24
clerk,9.17
climate,13.1
climático,31.45
clásico,94.35
cláusula,7.86
clínico,133.66
clítico,3.93
coacción,23.59
coase,34.07
coda,27.52
codicología,7.86
coercitivo,13.1
coerción,9.17
coevolución,7.86
coexistencia,9.17
coexistir,30.14
cognado,7.86
cognición,5.24
cognition,22.28
cognitiva,140.21
cognitive,79.93
cognitivismo,5.24
cognitivo,587.04
cognoscitivo,14.41
cogul,6.55
coherencia,32.76
coherente,48.48
cohesión,28.83
colaborativo,27.52
colectivismo,19.66
colectivista,15.72
colectivización,18.34
colectivizar,6.55
colectivo,237.17
colonialismo,27.52
coma,51.1
combinación,252.9
combinatoria,9.17
combinatorio,40.62
comilla,9.17
commedia,6.55
commons,27.52
communication,22.28
comparabilidad,5.24
comparación,7.86
comparado,205.73
comparatismo,6.55
comparatista,9.17
comparative,20.97
comparativo,171.66
comparatística,18.34
comparée,5.24
compasión,20.97
compensación,7.86
compensar,61.59
compensar él,5.24
compensatorio,7.86
competidora,5.24
complejidad,137.59
complejo,330.21
complementador,3.93
complementariedad,6.55
complementario,7.86
complemento,76
comportamental,6.55
comportamiento,15.72
comportar,78.62
composicional,6.55
comprador,70.76
comprender,484.83
comprender él,22.28
comprensible,20.97
comprensivo,11.79
comprensión,343.31
comprobabl,3.93
comps,3.93
computacional,6.55
computador,41.93
computarizado,10.48
computational,9.17
comte,14.41
comunicacional,6.55
comunicación,774.42
comunicativo,90.41
comunismo,116.62
comunista,99.59
comunión,90.41
concebir,134.97
concebir él,7.86
concepción,247.66
concepto,1250.08
concepts,7.86
conceptual,148.07
conceptualización,17.03
conceptualizar,15.72
concernient,7.86
concernir,23.59
conciencia,13.1
concienciar,9.17
concientización,9.17
conclusión,157.24
concomitant,3.93
concordancia,24.9
concordant,3.93
concordar,13.1
concreto,255.52
condenatorio,6.55
condicionado,39.31
condicionamiento,31.45
condicionante,6.55
condicionar,24.9
condiciones,9.17
condorcet,6.55
conducta,393.11
conductismo,30.14
conductista,10.48
conductual,111.38
confiscación,13.1
conflictividad,6.55
conflictivo,20.97
confucianismo,14.41
confucio,17.03
congestionamiento,5.24
congestión,28.83
congregacionalista,5.24
conjugación,6.55
conjunción,45.86
conllevar,74.69
conmemorativo,7.86
connotación,43.24
connotar,5.24
conocimiento,22.28
consenso,100.9
consensuado,22.28
consensual,11.79
consentido,10.48
consentimiento,72.07
conservadurismo,19.66
consideraciones,6.55
consideración,171.66
considerar él,165.1
consientar,7.86
consonant,153.31
consonante,9.17
consonántico,39.31
constitucionalidad,13.1
constitucionalismo,26.21
constitutiva,9.17
constitutivo,31.45
constituyent,98.28
constituyente,9.17
constreñimiento,5.24
constructing,3.93
constructivismo,11.79
constructivista,34.07
constructo,32.76
consuetudinario,13.1
consumibl,3.93
consumidor,330.21
consumista,10.48
consumo,307.93
consustancial,3.93
contabilidad,40.62
contaminación,6.55
contaminant,26.21
contemporaneidad,5.24
contencioso,9.17
contendient,7.86
contents,14.41
context,10.48
contexto,9.17
contextual,23.59
contextualización,5.24
contextualizado,5.24
contextualizar,6.55
contingencia,27.52
contingent,9.17
contingente,3.93
contini,18.34
continuador,9.17
continuante,6.55
continuities,3.93
contracepción,5.24
contradecir él,3.93
contradicción,53.72
contradictorio,34.07
contraponer,27.52
contraposición,31.45
contrapuesto,7.86
contrario,234.55
contrarrevolucionario,14.41
contraste,152
contrastivo,18.34
convencional,172.97
convergencia,38
converger,6.55
conversacional,11.79
conversión,127.1
converso,27.52
convexo,22.28
conyugal,22.28
cooperación,174.28
cooperativa,82.55
cooperativista,7.86
cooperativo,95.66
coordinador,5.24
copiado,11.79
copiar él,5.24
copista,11.79
copta,5.24
copto,17.03
copulativo,9.17
coran,5.24
corchet,10.48
coreana,6.55
coreanología,13.1
corintios,10.48
corneille,9.17
coronal,6.55
corpora,6.55
corporativismo,9.17
corporizado,35.38
corpu,10.48
corpus,81.24
corpóreo,5.24
correas,11.79
correcto,161.17
correlacionado,17.03
correlacionar,13.1
correlación,40.62
correlato,10.48
correo,44.55
correspondence,6.55
corriente,420.62
cortesana,5.24
corán,216.21
coránico,44.55
coseriu,6.55
cosmogonía,6.55
cosmovisión,18.34
coste,15.72
costo,9.17
costoso,57.66
costs,5.24
costumbrista,22.28
cotidiano,154.62
courbet,10.48
cournot,22.28
craneal,26.21
creador,24.9
creatividad,65.52
creciente,259.45
crecimiento,38
credit,30.14
credo,15.72
creencia,416.69
creencias,3.93
creyent,36.69
creyente,13.1
crime,73.38
criminal,127.1
criminalidad,30.14
criminalización,15.72
criminalizar,23.59
criminology,18.34
criminología,95.66
criminológico,17.03
criminólogo,24.9
cristiandad,11.79
cristianismo,39.31
cristianización,18.34
cristiano,155.93
criterio,221.45
critica,14.41
critical,3.93
criticism,14.41
criticismo,3.93
critique,14.41
croce,19.66
cronológico,47.17
crusoe,22.28
crítica,117.93
crítico,473.04
cuadrante,14.41
cualificación,9.17
cualificado,27.52
cualitativa,3.93
cualitativo,100.9
cuantificar,17.03
cuantificar él,3.93
cuantitativo,114
cubismo,6.55
cuestionado,20.97
cuestionamiento,18.34
cuestionar,187.38
cuestionario,19.66
cuestión,530.69
cuidado,250.28
cuidador,34.07
cuidados,20.97
culminación,22.28
cultura,1472.84
cultural,1378.49
culturales,28.83
culturalismo,3.93
culturalista,3.93
culture,94.35
cultures,9.17
cuneiforme,9.17
curran,7.86
current,20.97
curricular,19.66
currículo,19.66
currículum,20.97
curva,22.28
customs,5.24
cuzqueño,11.79
cáucaso,66.83
cáñamo,10.48
círculos,13.1
códiz,22.28
dadaísmo,6.55
daguerrotipo,10.48
dandy,3.93
darwiniano,3.93
darwinismo,7.86
darwinista,6.55
darwinián,9.17
dativo,7.86
daumier,5.24
dañino,26.21
debate,381.31
debatido,11.79
decamerón,5.24
decision,19.66
decisions,10.48
decisión,780.97
declarativa,3.93
declinación,44.55
decodificación,9.17
deconstrucción,38
deconstructivismo,3.93
deconstruir,5.24
decreciente,23.59
decurso,3.93
deducción,19.66
deductivo,32.76
definición,15.72
defining,3.93
definir,619.8
definir él,52.41
definitorio,30.14
definiéndolir,3.93
deflación,20.97
deformar,14.41
deixis,19.66
dejima,6.55
delacroix,11.79
deliberativo,9.17
delictivo,35.38
delincuencia,99.59
delincuente,73.38
delito,338.07
delitos,13.1
demagogia,6.55
demanda,420.62
demandado,20.97
democracia,200.48
democratic,7.86
democratización,13.1
democristiano,11.79
demografía,44.55
demostrativo,10.48
demógrafo,9.17
demótico,7.86
denostado,3.93
denotación,7.86
dental,7.86
denunciado,10.48
dependient,9.17
depreciación,19.66
derain,3.93
derechista,17.03
derecho,507.11
derivación,5.24
derivativo,5.24
derogación,18.34
derogar,32.76
derrida,15.72
desaconsejar,7.86
desadaptativo,5.24
desafiado,5.24
desalentar,10.48
desapego,5.24
desaprobar,13.1
desarrollar él,74.69
desarrollo,1843.66
desarrollos,5.24
desarticular,13.1
desciframiento,9.17
descifrar,27.52
descodificación,5.24
descollar,6.55
descolonización,9.17
describir él,22.28
description,35.38
descriptiva,14.41
descriptive,5.24
descriptivo,90.41
deseabilidad,5.24
desempleado,13.1
desempleo,155.93
desensibilización,3.93
desenvolver,20.97
desequilibrio,47.17
desestructurado,3.93
desfavorecido,20.97
deshonra,5.24
desigual,48.48
desigualdad,191.31
desincentivo,3.93
desinencia,9.17
desinteresado,10.48
desmaterialización,6.55
desmedro,6.55
desnudez,14.41
desnutrición,10.48
desorganización,11.79
despenalización,28.83
despenalizar,14.41
desprestigiado,3.93
desproporcionado,13.1
destinatario,35.38
destrucción,10.48
desventaja,45.86
desviación,3.93
desviado,44.55
detallismo,5.24
detenido,38
detentar,7.86
determinado,532
determinant,38
determinante,66.83
determinar,503.17
determinismo,43.24
determinista,18.34
deuteronomio,14.41
devaluación,11.79
devenir,15.72
devocional,11.79
deíctico,20.97
diacronía,11.79
diacrítico,9.17
diacrónico,34.07
dialectal,18.34
dialecto,138.9
dialectología,44.55
dialogar,13.1
dialéctica,27.52
dialéctico,19.66
diapositiva,9.17
diccionario,167.72
dicción,10.48
dicotomía,36.69
dictadura,20.97
dictamen,15.72
dictionary,79.93
dictámen,11.79
didáctica,7.86
didáctico,41.93
dieciochesca,3.93
diferencia,894.97
diferenciación,41.93
diferenciado,58.97
diferencial,58.97
diferenciar,153.31
diferencias,7.86
diferir,127.1
differences,7.86
difundir él,15.72
difús,17.03
digestión,20.97
dijk,18.34
dilema,38
dilemma,5.24
dilthey,11.79
dilucidar,11.79
diluvio,14.41
dinastía,68.14
dinero,541.18
dinámica,10.48
dinámico,145.45
diplomatique,5.24
diptongo,41.93
directions,13.1
directrices,6.55
discapacidad,14.41
discapacitada,9.17
discernir,10.48
disciplina,972.28
disciplinar,5.24
disciplinario,27.52
disciplinas,17.03
discipline,6.55
discourse,49.79
discrecional,20.97
discriminación,15.72
discriminar,28.83
discriminatorio,28.83
discursiva,9.17
discursivo,36.69
discurso,18.34
discussion,10.48
discutible,11.79
diseminar,7.86
disfuncional,18.34
disfunción,15.72
disidencia,18.34
disientar,3.93
dislexia,11.79
disminución,124.48
disociación,15.72
disparidad,30.14
disposiciones,7.86
dispositivo,9.17
disputa,7.86
disquisición,3.93
dissertation,11.79
distanciar él,13.1
distinción,214.9
distinguir,348.55
distintiva,20.97
distorsionado,18.34
distorsionar,17.03
distorsión,47.17
distributismo,3.93
distributivo,11.79
disuasión,7.86
divergencia,34.07
divergent,15.72
diversidad,26.21
diverso,180.83
divertimento,6.55
dividendo,11.79
divulgar,34.07
doctrina,65.52
doctrinal,31.45
dogma,36.69
dogmático,14.41
dominación,65.52
dominancia,6.55
dominante,193.93
dongen,6.55
donoso,14.41
dosse,9.17
dramatismo,7.86
dualidad,22.28
dualismo,7.86
ducrot,10.48
dumézil,5.24
duopolio,9.17
durkheim,62.9
dykinson,10.48
dziga,6.55
déficit,69.45
dígrafo,13.1
eagleton,5.24
ecdótica,9.17
ecdótico,9.17
eclecticismo,18.34
eclesiastés,6.55
ecologismo,17.03
ecologista,7.86
ecology,27.52
ecología,106.14
ecológico,129.72
econofísica,3.93
econometría,5.24
economia,5.24
economic,128.41
economics,250.28
economicus,3.93
economist,9.17
economista,344.62
economistas,53.72
economists,7.86
economy,53.72
econométrico,3.93
economía,532
economías,5.24
economío,7.86
económico,60.28
edelman,10.48
edgeworth,18.34
edison,35.38
educacional,28.83
educación,746.9
educar él,6.55
education,56.35
efecto,10.48
eficacia,86.48
eficaz,119.24
eficiencia,14.41
eficiente,111.38
efluent,7.86
efluente,32.76
egipcia,9.17
egipcio,61.59
egiptología,7.86
egiptólogo,11.79
egocentrismo,11.79
egocéntrico,7.86
egoísmo,18.34
egoísta,23.59
ehrlich,7.86
ehud,13.1
eigene,5.24
einführung,9.17
eisenstein,17.03
eisner,11.79
ejemplificado,6.55
ejemplificar,18.34
ejemplo,2604.98
ejercer él,6.55
ejercitar,11.79
elasticidad,13.1
elección,15.72
electromagnetismo,9.17
electromagnética,34.07
elemental,77.31
elgar,10.48
eliade,5.24
elijar,7.86
elitismo,3.93
elitista,10.48
elocuente,11.79
eloquentia,7.86
elsevier,10.48
emancipación,30.14
embajada,148.07
embrionario,19.66
embrión,39.31
emendatio,9.17
emergente,95.66
emic,5.24
emisor,43.24
emocional,187.38
emoción,259.45
emotividad,6.55
emotivo,34.07
empatía,31.45
empirismo,15.72
empirista,11.79
empleado,124.48
empleador,38
empleo,221.45
empresarial,137.59
empático,7.86
empírico,201.79
encabalgado,6.55
encabalgamiento,26.21
enciclopédico,20.97
encrucijada,13.1
encuadramiento,5.24
encubierto,38
encuesta,17.03
encuestado,9.17
encuestas,5.24
enculturación,5.24
encíclica,35.38
endeudamiento,9.17
endógeno,17.03
enfatizar,150.69
enfocar,120.55
enfocar él,30.14
enfoque,19.66
enfático,7.86
engañoso,24.9
engels,41.93
englobar,48.48
enmarcar él,5.24
enmienda,20.97
enraizada,5.24
ensalzar,10.48
enseñada,3.93
enseñanza,369.52
entender,562.14
entender él,76
entendido,70.76
entendimiento,81.24
entonación,24.9
entorno,412.76
entramado,18.34
entrañar,10.48
entreguerra,27.52
enunceír,6.55
enunciación,13.1
enunciado,11.79
envejecer,27.52
envejecimiento,10.48
environment,28.83
environmental,15.72
ephraim,7.86
epidemiología,14.41
epidemiológico,18.34
epigrafía,11.79
epigráfico,9.17
epistemología,9.17
epistemológica,5.24
epistemológico,30.14
epistémico,9.17
epopeya,5.24
equidad,41.93
equilibrio,436.35
equiparación,7.86
equiparar,14.41
equitativo,39.31
equivalencia,32.76
erastés,3.93
erdoğan,7.86
ergatividad,3.93
erikson,10.48
errico,11.79
erróneo,45.86
erudición,30.14
erudito,30.14
erving,7.86
erómeno,7.86
esbozada,6.55
esbozar,20.97
escalígero,5.24
escasear,10.48
escasez,79.93
escatología,7.86
escepticismo,19.66
escindido,9.17
esclarecimiento,6.55
escolarización,18.34
escolástico,7.86
escriba,9.17
escribas,40.62
escrita,5.24
escritura,31.45
escrituras,24.9
esencia,83.86
esencial,175.59
esencialismo,6.55
esencialista,11.79
esforzar él,7.86
eslava,31.45
eslavo,9.17
eslavos,9.17
especialización,78.62
especificidad,22.28
especulativo,18.34
específico,13.1
esperanto,32.76
espíritus,56.35
esquema,165.1
esquematización,6.55
esquemático,14.41
esquizofrenia,24.9
essai,10.48
essays,28.83
esse,6.55
estadística,145.45
estadístico,165.1
estamental,5.24
estandarización,10.48
estandarizar,17.03
estereotipo,90.41
esteticismo,6.55
estigmatización,10.48
estilística,26.21
estilístico,70.76
estimar él,7.86
estocástico,26.21
estoicismo,6.55
estoico,10.48
estrategia,459.93
estrategias,9.17
estratificacional,6.55
estratificación,18.34
estratégicos,9.17
estresant,13.1
estricto,117.93
estructura,20.97
estructuración,27.52
estructurado,51.1
estructural,218.83
estructuralismo,5.24
estructuralista,6.55
estructurante,3.93
estructurar,45.86
estrés,73.38
estrógeno,13.1
estudiado,100.9
estudiar él,20.97
estudio,3886.5
estudios,604.07
estudioso,172.97
estático,60.28
estética,35.38
estético,120.55
estímulo,86.48
etario,5.24
ethnography,3.93
ethnomusicology,19.66
ethnos,3.93
ethos,6.55
etic,7.86
etimología,64.21
etimológico,31.45
etiológico,7.86
etiquetado,14.41
etiquetar,23.59
etnicidad,17.03
etnobiología,13.1
etnobotánica,15.72
etnobotánico,17.03
etnocentrismo,9.17
etnociencia,6.55
etnografía,55.03
etnográfico,7.86
etnología,23.59
etnológica,3.93
etnológico,9.17
etnometodología,5.24
etnomusicología,11.79
etnomusicólogo,51.1
etnozoología,13.1
etnógrafo,23.59
etnólogo,15.72
etología,9.17
etrusca,6.55
eunuco,20.97
eurocéntrico,5.24
eutanasia,24.9
evaluación,178.21
evaluar,176.9
evaluar él,7.86
evaluativo,3.93
evangelio,68.14
evangelios,35.38
evangelium,5.24
evangélica,23.59
evangélico,74.69
evidencial,3.93
evitación,10.48
evolucionado,14.41
evolucionar,180.83
evolucionista,38
evolución,449.45
evolutionary,18.34
evolutiva,6.55
evolutivo,205.73
evolving,3.93
exacerbación,3.93
exacerbado,9.17
exaltación,22.28
exaltar,22.28
examinador,3.93
examinar,213.59
excedent,9.17
excedente,15.72
exclusión,74.69
excluyente,17.03
excombatiente,9.17
excombatientes,15.72
exegeta,5.24
exegético,10.48
exhaustivo,41.93
existencial,18.34
existencialista,6.55
exogamia,3.93
exorbitante,3.93
expectativa,157.24
expensas,18.34
experiencial,11.79
experimentador,17.03
explicación,210.97
explicada,7.86
explicado,14.41
explicar,590.97
explicar él,26.21
explicativa,6.55
explicativo,36.69
explicitar,7.86
exploring,6.55
explícito,108.76
exponente,77.31
expresado,58.97
expresar él,24.9
expresionismo,22.28
expresionista,18.34
expresividad,11.79
expresivo,40.62
expresión,567.38
exteniente,3.93
externalidad,32.76
extracción,11.79
extraen,5.24
extralingüístico,11.79
extranjerismo,7.86
extrapolación,5.24
extremista,23.59
exégesis,5.24
exógeno,3.93
exónimo,11.79
facilitador,6.55
factor,724.62
factores,11.79
factorial,9.17
falacia,3.93
falange,216.21
falangismo,22.28
falangista,85.17
familiaridad,9.17
faraónico,6.55
farmacéutico,66.83
fascismo,13.1
fascista,34.07
fatimí,5.24
febvre,7.86
fecundación,11.79
fecundidad,38
fecundo,9.17
federalista,7.86
fehr,3.93
felación,10.48
feminidad,15.72
feminism,10.48
feminismo,18.34
feminist,22.28
feminista,38
fenomenología,24.9
fenomenológico,18.34
fenotípica,3.93
fenómeno,597.52
fernand,14.41
fertilización,13.1
fessenden,15.72
feto,44.55
feudalismo,15.72
feuerbach,9.17
feuillet,3.93
ficción,195.24
fieldwork,5.24
figurado,15.72
figurativa,9.17
figurativo,20.97
figurilla,13.1
filiación,17.03
filipinismo,6.55
fill,10.48
fillmore,17.03
filologia,27.52
filología,121.86
filológica,7.86
filológico,66.83
filosofía,349.86
filosófico,212.28
filólogo,64.21
filósofo,9.17
finalidad,108.76
finance,23.59
finanza,96.97
finita,9.17
fiqh,17.03
fisiológica,17.03
fisiológico,43.24
fisiócrata,10.48
flacso,6.55
flamenca,3.93
flexibilidad,34.07
flexiva,18.34
flexivo,15.72
flexión,24.9
fluctuación,24.9
fobia,10.48
focalización,7.86
focalizar,10.48
focalizar él,3.93
fonador,5.24
fonema,5.24
fonología,17.03
fonológica,6.55
fonológico,78.62
fonotáctica,10.48
fontanals,6.55
fonémico,14.41
fonética,23.59
fonético,124.48
fonógrafo,10.48
forense,17.03
forenses,9.17
forensic,19.66
forge,10.48
formal,376.07
formalidad,10.48
formalismo,18.34
formalista,7.86
formalización,18.34
formalizado,6.55
forms,9.17
formulación,117.93
formulado,17.03
formular,90.41
formular él,6.55
fornicación,15.72
forzoso,35.38
fotomontaje,6.55
foucault,35.38
foundations,22.28
fraccionar,6.55
fraga,27.52
francófón,10.48
franquismo,6.55
franquista,6.55
frase,6.55
fraseología,14.41
frazer,22.28
frenología,7.86
freud,81.24
freundschaft,3.93
fricativa,10.48
fricativo,23.59
friedan,6.55
friedman,61.59
frisch,7.86
fromm,7.86
fría,64.21
fuhrmann,3.93
funcional,217.52
funcionales,3.93
funcionalismo,5.24
funcionalista,39.31
fundamentación,11.79
fundamentado,20.97
fundamental,14.41
fundamentales,9.17
fundamentalismo,6.55
fundamentalista,9.17
fundamentar,44.55
fundamentar él,5.24
fundamento,149.38
fundamentos,19.66
fusionant,5.24
fusionante,5.24
futurismo,9.17
fílmico,24.9
fónico,11.79
gabaldón,6.55
gaceta,23.59
gais,14.41
galbraith,9.17
gallarda,3.93
galor,5.24
ganancia,175.59
garante,11.79
gasset,17.03
gasto,174.28
gays,11.79
geertz,18.34
gemeinschaft,3.93
gender,10.48
generacional,19.66
generalidad,10.48
generalización,45.86
generalizar,41.93
generalizar él,9.17
generativa,9.17
generative,9.17
generativismo,11.79
generativista,3.93
generativo,110.07
genetista,10.48
genitivo,9.17
genji,6.55
gentium,5.24
genuino,18.34
genética,34.07
geoeconomía,13.1
geoestratégico,5.24
geografía,161.17
geography,15.72
geopolítica,9.17
geopolítico,61.59
georgiano,24.9
geriatría,7.86
geriátrico,17.03
germanización,5.24
germánico,56.35
gerontología,26.21
gerontológico,10.48
gerontólogo,13.1
gesaku,9.17
gestalt,7.86
gesticulación,3.93
gestual,9.17
gestualidad,3.93
geógrafo,41.93
giambattista,17.03
giddens,13.1
gide,6.55
gilgamesh,20.97
gilles,28.83
gintis,3.93
givón,3.93
global,404.9
globalidad,3.93
globalización,10.48
globalizado,7.86
gloriosa,9.17
glosario,11.79
glotal,3.93
godelier,11.79
godwin,14.41
goffman,10.48
goldmann,10.48
goldziher,3.93
gottfredson,6.55
gotthold,5.24
grabbe,5.24
gracián,10.48
gradación,6.55
grafema,13.1
grafismo,10.48
grafía,32.76
gramatical,3.93
gramaticalización,7.86
grammaire,5.24
grammar,65.52
grammatik,5.24
grammatiké,5.24
gramsci,10.48
gramática,6.55
gramático,26.21
grandiosidad,6.55
granth,7.86
gravamen,11.79
gravar,11.79
gravitar,6.55
graw,7.86
grecolatino,6.55
grecorromano,20.97
gredos,24.9
greimas,3.93
grocio,5.24
grosz,5.24
grotowski,5.24
growth,14.41
grundriss,5.24
grupal,5.24
gruyter,17.03
gryphius,5.24
guang,6.55
gueír,9.17
guidano,9.17
guidelines,5.24
gupta,13.1
guru,11.79
gurú,7.86
gutenberg,26.21
génesis,36.69
gótico,13.1
habermas,31.45
habituación,3.93
habitus,6.55
hablado,85.17
hablant,3.93
hablante,6.55
hablar él,14.41
haced,3.93
hadiz,52.41
haiku,10.48
halajá,10.48
halicarnaso,9.17
halliday,36.69
halperin,7.86
hanafí,3.93
handbook,56.35
happening,7.86
haram,9.17
haraway,7.86
hare,13.1
hawaiano,10.48
hawthorne,10.48
hayez,3.93
hayyan,3.93
hazm,6.55
health,102.21
hebrea,15.72
hebreo,9.17
hegel,27.52
hegemónico,27.52
heian,10.48
heine,10.48
helenismo,10.48
helenística,3.93
helenístico,39.31
heliogábalo,6.55
henryk,13.1
herder,10.48
herdt,3.93
hermenéutica,22.28
hermenéutico,19.66
herramienta,311.86
hervás,10.48
hesíodo,13.1
heterodoxa,3.93
heterodoxo,13.1
heterogeneidad,14.41
heterogéneo,31.45
heteronormativo,9.17
heterosexual,13.1
heterosexualidad,22.28
heurística,7.86
heurístico,14.41
hierático,19.66
hijra,6.55
hilandera,3.93
hincapié,60.28
hinduismo,62.9
hinduista,26.21
hindú,60.28
hipertexto,10.48
hipotético,34.07
hipótesis,14.41
hirschfeld,26.21
hirschi,7.86
hispanismo,19.66
hispanista,65.52
hispano,34.07
hispanoamericano,7.86
hispanoamericán,15.72
hispánico,76
historicidad,19.66
historicismo,9.17
historicista,6.55
historiografía,23.59
historiográfica,6.55
historiográfico,40.62
historische,6.55
historiógrafo,3.93
histéresis,5.24
hjelmslev,6.55
hobbes,23.59
hochschild,9.17
hockett,3.93
holandesa,10.48
holístico,27.52
hombría,5.24
hominización,3.93
homo,195.24
homoerótica,6.55
homoerótico,19.66
homofobia,41.93
homofóbica,6.55
homofóbico,20.97
homogeneidad,9.17
homosexual,19.66
homosexuales,7.86
homosexualidad,44.55
homosexuality,40.62
homínido,28.83
homófobo,9.17
homófono,3.93
hooks,5.24
horkheimer,18.34
hotelling,6.55
housing,6.55
huelga,142.83
huizinga,3.93
humanae,5.24
humanismo,38
humanista,20.97
humano,226.69
humans,6.55
humanística,7.86
humanístico,34.07
hundred,15.72
hurwicz,7.86
hymes,3.93
hégira,5.24
iannis,5.24
idea,1096.76
idealismo,22.28
idealista,22.28
idealización,7.86
idealizado,14.41
ideario,35.38
ideas,44.55
identidad,428.48
identidades,6.55
identitario,22.28
ideográfico,10.48
ideology,5.24
ideología,10.48
ideológico,129.72
ideólogo,13.1
idiomático,10.48
idiosincrático,5.24
idolatría,10.48
idólatra,5.24
ignorado,11.79
ignorancia,19.66
igual,10.48
igualación,3.93
igualdad,251.59
igualitario,48.48
igualitarismo,6.55
ikku,3.93
ilegalizar,9.17
ilga,5.24
ilimitado,30.14
illness,6.55
ilocutivo,9.17
iluminación,19.66
ilustración,81.24
ilustrada,11.79
ilustrativo,7.86
imaginación,47.17
imaginado,7.86
imaginario,19.66
imitación,56.35
immanuel,19.66
imparcial,9.17
imparcialidad,11.79
impensable,6.55
imperant,5.24
imperante,13.1
imperar,11.79
imperativo,18.34
imperfección,11.79
imperfecto,39.31
imperialismo,28.83
imperialista,10.48
imperium,9.17
implantar,39.31
implicaciones,3.93
implicación,115.31
implicancia,7.86
implicar,473.04
implications,7.86
implícito,53.72
imposición,36.69
impositivo,10.48
imprecisión,6.55
impregnar,11.79
imprenta,68.14
imprescindible,32.76
impresionismo,11.79
impresionista,10.48
impresora,30.14
improductivo,7.86
impuestos,10.48
impugnación,9.17
inadecuación,3.93
inalienabl,7.86
inalámbrico,64.21
inanimado,11.79
inanna,5.24
inapropiar,3.93
incapacidad,45.86
incentivo,60.28
incertidumbre,74.69
incesto,15.72
incienso,15.72
inciso,9.17
inclusivo,26.21
incoherencia,6.55
incompatibilidad,14.41
incompatible,35.38
inconformismo,3.93
inconformista,5.24
incongruencia,7.86
inconsciente,36.69
inconsistencia,32.76
inconsistente,10.48
inconstitucionalidad,13.1
incorrecto,44.55
incredulidad,7.86
incremental,7.86
incremento,136.28
incuestionable,6.55
indagación,13.1
indagar,13.1
indeterminación,7.86
indicativo,20.97
indiferencia,52.41
indiferente,19.66
indigenismo,9.17
indirecto,86.48
indisoluble,5.24
individual,453.38
individualidad,18.34
individualismo,3.93
individualista,7.86
individualización,6.55
individualizado,10.48
individuo,24.9
individuos,3.93
indo,17.03
indoeuropea,17.03
indoeuropeo,11.79
indología,5.24
inductivo,34.07
industrialización,34.07
industrializado,26.21
ineficaz,14.41
ineficiencia,13.1
ineficiente,18.34
inelástico,3.93
inequality,10.48
inequidad,14.41
inequívoco,9.17
inevitable,35.38
infancia,17.03
inferencia,45.86
inferioridad,17.03
inferir,20.97
inferir él,3.93
infinitivo,15.72
inflacionario,6.55
inflación,142.83
inflation,3.93
inflexión,36.69
influenceír,9.17
influencia,11.79
influenciada,24.9
influenciar,51.1
influido,85.17
influir,361.66
influjo,35.38
información,1252.7
informado,40.62
informant,11.79
informante,10.48
informatizado,5.24
informes,13.1
informática,76
informático,23.59
infractor,7.86
inherente,51.1
iniciador,20.97
initiative,10.48
injerencia,17.03
injusto,35.38
inmanente,6.55
inmersión,24.9
inmigración,104.83
inmigrante,20.97
inmoral,30.14
inmoralidad,7.86
inmovilista,9.17
inmutabl,6.55
innata,3.93
innato,53.72
innegable,9.17
innombrable,3.93
innovación,172.97
input,34.07
inputs,13.1
inquiry,9.17
inscripciones,13.1
inscriptions,6.55
inscriptionum,7.86
inseparable,14.41
instintivo,6.55
institucional,154.62
institucionalismo,3.93
institucionalización,15.72
institucionalizado,23.59
institucionalizar,9.17
institutions,9.17
insumo,53.72
insurreccional,17.03
insurreccionalismo,5.24
intangibl,6.55
integrador,27.52
integrismo,24.9
integrista,9.17
intelecto,11.79
intelectual,255.52
inteligibilidad,5.24
intellectual,11.79
intencional,24.9
intencionalidad,14.41
interaccional,5.24
interaccionismo,14.41
interacción,435.04
interaction,6.55
interactuant,5.24
interactuar,78.62
intercambiabl,15.72
intercambiado,6.55
intercambio,259.45
interconectado,20.97
interconexión,26.21
intercultural,26.21
interdependencia,36.69
interdependient,3.93
interdependiente,5.24
interdisciplinar,35.38
interdisciplinariedad,3.93
interdisciplinario,155.93
interdisciplinary,5.24
interesar,115.31
intergubernamental,17.03
interiorizar,5.24
interjección,7.86
interlingua,13.1
interlocutor,15.72
internacionalismo,5.24
internalización,11.79
internalizado,7.86
internalizar,14.41
international,7.86
interpersonal,76
interpretación,471.73
interpretar él,35.38
interpretation,7.86
interpretativo,43.24
interracial,11.79
interrelacionada,9.17
interrelacionado,17.03
interrelacionar,9.17
interrelación,43.24
interrogativa,3.93
interseccional,11.79
interseccionalidad,5.24
intersexual,7.86
intersexualidad,3.93
intertemporal,9.17
intervinient,9.17
intimidad,23.59
intimista,10.48
intolerancia,15.72
intransigencia,6.55
introducción,99.59
introductory,5.24
introduzione,7.86
intrínseco,40.62
intuición,31.45
intuitivo,20.97
invalidar,11.79
invalidez,6.55
invariable,19.66
invención,79.93
inventado,31.45
invento,44.55
investigación,1618.28
investigado,17.03
investigador,389.17
investigativo,11.79
invisibilidad,10.48
invocado,7.86
involuntario,30.14
ipcc,10.48
iribarne,13.1
irracional,35.38
irreconciliabl,6.55
irreductible,9.17
irrefutable,5.24
irrelevante,24.9
irreligión,3.93
isabelino,13.1
islam,192.62
islamic,57.66
islamismo,72.07
islamista,22.28
islamofobia,5.24
islandés,11.79
islámica,27.52
islámico,49.79
islámicos,5.24
israel,894.97
issues,10.48
italiana,11.79
jahrhundert,7.86
jainismo,14.41
jakobson,15.72
jaldún,26.21
japonología,9.17
jehová,19.66
jenofonte,9.17
jerarquización,9.17
jerarquizada,6.55
jerarquizado,7.86
jerarquía,7.86
jeremías,14.41
jerga,18.34
jeroglífico,20.97
jerárquico,56.35
jevons,20.97
jippensha,3.93
joglars,3.93
jomeini,6.55
jons,124.48
jornadas,48.48
josiah,10.48
judaico,13.1
judaísmo,93.03
judeocristián,7.86
juglar,5.24
juliusz,7.86
jungiano,3.93
junguián,10.48
juris,9.17
jurisprudencia,87.79
jurisprudencial,5.24
jurisprudencio,3.93
jurídica,32.76
jurídico,513.66
justificación,55.03
justificar,106.14
juventudes,35.38
jános,20.97
jürgen,20.97
kahneman,24.9
kaldor,5.24
kama,10.48
kathakali,3.93
katsuhiro,5.24
keneth,3.93
kenshō,13.1
keynes,103.52
keynesiana,7.86
keynesianismo,6.55
keynesiano,24.9
keynesián,24.9
khorsabad,3.93
khrushchev,11.79
kinesiología,3.93
kinsey,9.17
klopstock,6.55
knapp,14.41
knowledge,17.03
kohlberg,34.07
koopmans,7.86
kornai,18.34
koselleck,7.86
kremer,6.55
kreps,6.55
kristeva,5.24
kroeber,5.24
kropotkin,34.07
krugman,10.48
kuhn,26.21
kula,7.86
kultur,13.1
kuno,7.86
kuznets,3.93
köhler,14.41
kālidāsa,3.93
labial,15.72
labiodental,6.55
laboral,305.31
labour,7.86
lacan,13.1
lachmaniano,6.55
lachmann,14.41
lactancio,6.55
lakoff,31.45
lamentaciones,6.55
language,6.55
languages,20.97
langues,9.17
lanham,6.55
lapidación,9.17
laringe,11.79
larramendi,13.1
lasswell,5.24
latigazo,10.48
latinae,7.86
latino,30.14
latinoamericanos,28.83
latour,14.41
laughlin,9.17
lector,11.79
lectura,264.69
ledesma,65.52
legal,437.66
legalidad,35.38
legalización,22.28
legalizar,44.55
legislación,161.17
legislado,5.24
legislar,10.48
legitima,3.93
legitimación,10.48
legitimado,7.86
legitimar,35.38
legitimidad,56.35
legitimista,7.86
lengua,2062.49
lenguaje,32.76
lesbian,11.79
lesbiana,44.55
lesbianas,20.97
lesbianismo,20.97
lesbiano,110.07
lessig,6.55
lessing,14.41
letteratura,27.52
leviathan,6.55
levítico,17.03
lewin,34.07
lexema,30.14
lexical,5.24
lexicografía,17.03
lexicography,26.21
lexicográfico,17.03
lexicología,5.24
lexicón,7.86
lgbt,38
lgbti,10.48
lgbtq,11.79
lgtb,11.79
libanés,7.86
liberal,229.31
liberalismo,11.79
liberalización,19.66
libertario,104.83
ligamiento,11.79
limitación,144.14
lingua,18.34
linguarum,6.55
linguistic,41.93
linguistics,146.76
linguistik,15.72
linguistique,26.21
lingüista,14.41
lingüística,224.07
lingüístico,13.1
link,14.41
liquidez,18.34
literacy,5.24
literal,69.45
literario,622.42
literatura,982.76
literaturas,9.17
literature,60.28
littlefield,6.55
littératures,5.24
llorach,6.55
lloréns,5.24
locativo,13.1
lochner,3.93
locke,40.62
locución,15.72
loewenstein,7.86
lombroso,15.72
longacre,3.93
longino,6.55
longman,7.86
luhmann,5.24
lujuria,13.1
lukács,14.41
lumière,24.9
luterana,14.41
luzán,5.24
lésbica,11.79
lésbico,26.21
léxica,31.45
léxico,93.03
lícito,19.66
lógica,14.41
lógico,165.1
maceración,5.24
machiavelli,6.55
mackinnon,5.24
macmillan,35.38
macro,32.76
macroeconomic,7.86
macroeconomista,5.24
macroeconomía,73.38
macroeconómico,91.72
macrosociológico,5.24
magdaleniense,3.93
mahayana,6.55
mahoma,100.9
maimónides,9.17
malaria,18.34
malatesta,15.72
male,17.03
malentendido,15.72
malinowski,30.14
malinterpretar,13.1
malthus,30.14
mamario,7.86
mandamiento,17.03
mandelbaum,5.24
manera,119.24
manierismo,10.48
manifestación,288.28
manifestado,13.1
manifestar él,30.14
manifiesto,18.34
mankiw,5.24
manual,81.24
manuale,5.24
manuscrito,15.72
manzoni,9.17
maorí,49.79
maoríes,61.59
maquiavelo,15.72
marcaje,20.97
marcuse,6.55
marey,5.24
marginación,15.72
marginal,9.17
marginalidad,6.55
marginalista,5.24
mariana,32.76
maricón,9.17
marital,10.48
markets,13.1
marroquí,66.83
martinet,13.1
marx,292.21
marxismo,13.1
marxista,28.83
marzal,6.55
masculinidad,70.76
masturbación,18.34
matemático,319.73
material,182.14
materialidad,5.24
materialismo,3.93
materialista,24.9
maternidad,32.76
mathematical,18.34
matizado,17.03
matizar él,3.93
matriarcado,3.93
matricial,17.03
matrimonial,44.55
maurista,3.93
mauss,24.9
maximalista,6.55
maximización,23.59
maximizar,104.83
maynard,28.83
mcneill,6.55
mead,17.03
meaning,10.48
meanings,5.24
mecanismo,313.17
mecenazgo,14.41
mediado,28.83
mediador,6.55
mediatizado,3.93
medibl,6.55
medicine,31.45
medioambiental,44.55
mella,35.38
memorización,6.55
menarquia,3.93
mencionar él,13.1
menger,11.79
menopausia,14.41
menoscabar,6.55
mensajero,10.48
menstruación,13.1
mental,285.66
mentalidad,39.31
mente,159.86
mercado,999.8
mercadotecnia,14.41
mercancía,127.1
mercantilismo,18.34
mercantilista,3.93
mercantilización,6.55
mero,79.93
merton,13.1
meta,117.93
metaanálisis,7.86
metafísico,23.59
metafórico,11.79
methodology,6.55
methods,27.52
metodología,18.34
metodológico,149.38
metáfora,52.41
metódico,10.48
meyerhold,3.93
mezcolanza,5.24
micro,23.59
microeconomía,70.76
microeconómica,18.34
microeconómico,48.48
microsociología,5.24
microsociológico,5.24
migración,23.59
migrant,40.62
migratorio,94.35
milenio,53.72
milgrom,5.24
militarismo,11.79
mill,58.97
mimo,6.55
minimalismo,3.93
minimalist,3.93
minimalista,20.97
minimización,9.17
minoritario,66.83
minoría,127.1
minsky,6.55
minturno,7.86
mises,9.17
mishná,13.1
misoginia,6.55
misticismo,14.41
mitigación,31.45
mitigar,39.31
mitin,24.9
mito,201.79
mitológica,3.93
mitológico,47.17
mitógrafo,5.24
model,9.17
modelación,15.72
modelador,7.86
modelamiento,5.24
modelar,82.55
modelización,11.79
modelizar,5.24
modelo,1508.21
models,18.34
moderna,15.72
modernes,5.24
modernidad,45.86
moderno,1007.66
modificador,9.17
modigliani,7.86
modismo,17.03
modularidad,5.24
moksha,3.93
moldear,24.9
monetaria,11.79
monetario,344.62
monetarismo,23.59
monetarista,15.72
monetary,11.79
monolingü,6.55
monolítico,15.72
monopolio,65.52
monopolista,9.17
monopolístico,13.1
monosílabo,6.55
monoteísta,6.55
montejurra,13.1
montesquieu,27.52
monárquico,28.83
moral,34.07
moralidad,112.69
morals,5.24
morata,9.17
moratín,7.86
morbilidad,17.03
morfema,103.52
morfo,15.72
morfología,102.21
morfológica,20.97
morfológico,62.9
morfosintaxis,3.93
morfosintáctico,9.17
morgenstern,18.34
mormón,20.97
mortalidad,66.83
motivacional,7.86
motivación,111.38
motoro,9.17
mouton,14.41
movements,6.55
movimiento,1357.52
movimientos,15.72
mozárabes,5.24
mulino,7.86
multiculturalidad,3.93
multidimensional,9.17
multidisciplinar,26.21
multidisciplinariedad,3.93
multidisciplinario,24.9
multifacético,10.48
multilingü,6.55
multilingüe,14.41
multimodal,3.93
multiplicador,3.93
multiplicar él,6.55
multiplicidad,18.34
multipolar,18.34
multirracial,11.79
mulvey,7.86
mundana,6.55
muqaddima,6.55
muromachi,5.24
musicología,44.55
musicológica,3.93
musicológico,13.1
musicólogo,23.59
muslim,22.28
mussolini,43.24
musulmana,7.86
musulmanes,22.28
musulmán,266
muth,7.86
mutualidad,3.93
mutualismo,13.1
mutualista,15.72
mutuo,100.9
muybridge,11.79
myerson,9.17
myrdal,11.79
método,34.07
métodos,19.66
métrica,5.24
métrico,38
mímesis,11.79
mímico,19.66
mística,13.1
móvil,201.79
nacionalcatolicismo,3.93
nacionalsindicalista,9.17
nacirema,5.24
naguib,6.55
narmer,5.24
narración,107.45
narrativo,87.79
narratología,11.79
nasal,5.24
nasales,3.93
nash,66.83
nasr,9.17
natalidad,41.93
natura,5.24
naturaleza,606.69
naturalismo,35.38
naturalista,36.69
naturismo,10.48
naturista,6.55
nazismo,28.83
neanderthalensis,18.34
nebrija,9.17
necesidad,673.52
nefar,6.55
negación,38
negado,10.48
neoclasicismo,18.34
neoclásico,10.48
neofascismo,3.93
neogramático,5.24
neologismo,28.83
neomarxista,3.93
neotestamentario,6.55
netanyahu,18.34
netnografía,31.45
neto,53.72
neumann,47.17
neural,13.1
neurobiología,11.79
neurobiológico,5.24
neurociencia,69.45
neurocientífico,13.1
neuroimagen,3.93
neurolingüística,17.03
neurología,7.86
neuronal,64.21
neuropsicología,9.17
neuroscience,9.17
neutral,61.59
neutro,51.1
nexo,20.97
niemeyer,10.48
nijinsky,3.93
niponología,5.24
nirvana,3.93
noam,55.03
noción,237.17
nolde,3.93
nominal,111.38
nominativo,19.66
norcoreano,81.24
norma,538.55
normalización,22.28
normatividad,10.48
normativo,124.48
norteafricano,14.41
noruego,27.52
nouvel,6.55
nudista,6.55
nulidad,17.03
numinoso,5.24
nutrir,20.97
nuwas,5.24
nómado,10.48
nótese,20.97
oaks,18.34
objetivar,3.93
objetividad,5.24
objetivo,116.62
objeto,18.34
obligaciones,7.86
obrera,32.76
obrero,159.86
observabl,20.97
observable,11.79
observado,61.59
obviar él,3.93
obvio,38
occidentalización,6.55
occidente,187.38
ocde,26.21
ochenta,27.52
ocio,58.97
oclusiva,13.1
oclusivo,23.59
ocupacional,19.66
oded,6.55
odontología,13.1
odontológica,3.93
ofensa,15.72
oferta,241.1
ofertado,5.24
offline,7.86
oligopolio,23.59
olivart,5.24
omisión,18.34
omitir,36.69
omitir él,3.93
omnisciente,6.55
online,47.17
onomasiología,3.93
onomástica,7.86
onomástico,10.48
ontología,18.34
ontológico,15.72
onírico,15.72
operante,10.48
opitz,5.24
oponer él,40.62
opperman,3.93
opresión,81.24
optativa,3.93
optimalidad,3.93
optimización,61.59
optimizar,27.52
opusdeísta,3.93
oracional,23.59
oración,373.45
oral,170.35
ordenamiento,73.38
ordinal,7.86
orfismo,3.93
organizacional,72.07
organizativo,47.17
orgullo,49.79
orientación,268.62
orientalism,5.24
orientalismo,14.41
orientalista,9.17
orientar,64.21
ortografía,13.1
ortográfica,17.03
ortográfico,26.21
oscurantismo,3.93
oskar,22.28
ostentación,9.17
osteología,3.93
ostracismo,7.86
output,19.66
outputs,18.34
oxford,242.42
ozono,38
paciente,332.83
pacifismo,7.86
pacifista,15.72
pacioli,3.93
pagana,9.17
pagos,9.17
paidós,20.97
paisajismo,9.17
palabra,1706.08
paladar,17.03
palatal,14.41
palatalización,28.83
palatalizada,11.79
palatalizado,5.24
palatización,5.24
paleoantropología,9.17
paleografía,11.79
paleolítico,5.24
paleontología,11.79
palestra,6.55
palgrave,53.72
paliativo,110.07
paliativos,19.66
paper,6.55
papiro,83.86
papirologío,7.86
paradigm,5.24
paradigma,14.41
paradigmático,30.14
paradoja,30.14
paralelismo,30.14
parangón,5.24
paremiología,9.17
paremiológico,3.93
parental,13.1
parentesco,6.55
pareto,28.83
parlant,6.55
participativo,36.69
participio,18.34
particular,336.76
paráfrasis,6.55
parámetros,3.93
pasiva,9.17
pasividad,7.86
pasivo,114
passive,3.93
paternalismo,3.93
paternalista,5.24
paternidad,39.31
patología,36.69
patriarcado,6.55
patriarcal,38
patroclo,14.41
patrones,6.55
patólogo,6.55
pausa,57.66
pauta,44.55
pautas,6.55
pecado,83.86
pecaminosa,5.24
pecaminoso,18.34
pecaminós,13.1
pedagogía,19.66
pedagógico,48.48
pederasta,13.1
pederastia,34.07
pederástico,3.93
pelvis,11.79
pena,205.73
penal,144.14
penalizar,19.66
pene,23.59
pensador,124.48
pensamiento,39.31
pensamientos,9.17
pentateuco,10.48
pentecostal,9.17
percepción,245.04
perceptible,14.41
perceptivo,17.03
percibido,38
percibir,154.62
perdurar,48.48
peres,10.48
performanz,6.55
perfume,60.28
perfumería,31.45
pergamino,23.59
pericia,13.1
pericial,6.55
periodismo,111.38
periodización,9.17
periodo,15.72
perito,17.03
perjudicial,28.83
permisible,5.24
perpetuación,5.24
perpetuado,3.93
perpetuar,23.59
persas,9.17
persistencia,27.52
perspectiva,10.48
perspectivas,10.48
perspective,6.55
perspectives,19.66
persuasivo,9.17
persuasión,10.48
perversión,10.48
pervivencia,18.34
pesimismo,9.17
pesimista,13.1
pestaña,13.1
petrarca,10.48
peyorativo,23.59
pharmacoeconomics,5.24
philologie,5.24
philology,6.55
phonetic,6.55
phonetics,7.86
piaget,128.41
pigmentación,7.86
pigou,7.86
pinyin,22.28
piotr,31.45
piotrowski,11.79
pirámides,9.17
piñar,44.55
placer,70.76
planificación,184.76
planificado,77.31
planificador,13.1
planteado,38
planteamiento,85.17
plantear,258.14
planteo,11.79
plasmación,7.86
plasmado,23.59
platón,58.97
plausibilidad,5.24
plausible,10.48
plauto,7.86
plazo,246.35
plural,35.38
pluralidad,26.21
pluralismo,5.24
pluralista,6.55
plusvalor,7.86
plusvalía,39.31
poema,18.34
polanyi,14.41
polaridad,22.28
polarizar,7.86
policy,41.93
polis,11.79
polisemia,9.17
politeísta,3.93
political,72.07
politics,34.07
politique,17.03
politización,7.86
politizado,7.86
politología,11.79
polity,7.86
politólogo,24.9
poliziano,5.24
política,984.07
ponsa,3.93
popper,9.17
popularización,15.72
population,26.21
poscolonial,7.86
posear,3.93
posesivo,10.48
posestructuralismo,5.24
poseído,30.14
posibilitar,55.03
posicionamiento,23.59
positivismo,44.55
positivista,13.1
posmodernismo,11.79
posmoderno,20.97
posner,7.86
postalveolar,5.24
posteriori,11.79
postestructuralismo,6.55
postestructuralista,5.24
postguerra,7.86
postimpresionismo,5.24
postkeynesiano,9.17
postmodernismo,5.24
postmoderno,10.48
postor,11.79
postraumático,14.41
postulado,11.79
postura,190
potemkin,52.41
potestad,81.24
potlatch,3.93
pound,19.66
poética,22.28
practical,10.48
practicant,17.03
practice,20.97
praeger,6.55
pragmática,17.03
pragmático,107.45
pravda,9.17
praxis,17.03
preceptivo,7.86
precepto,51.1
preceptos,6.55
precio,9.17
precolombín,20.97
predecibl,9.17
predecible,10.48
predecir,103.52
predicación,32.76
predicado,60.28
predicativo,19.66
predicción,57.66
predictible,3.93
predictiva,3.93
predictivo,9.17
predictor,6.55
predinástico,6.55
predisposición,11.79
predispuesto,6.55
predominaba,6.55
predominio,45.86
preestatal,5.24
preexistent,18.34
preferencia,179.52
preferencias,14.41
prefijo,47.17
pregunta,228
prehistoria,23.59
prehistórica,11.79
preindustrial,7.86
prejuicio,86.48
prematrimonial,7.86
premisa,61.59
premoderno,5.24
prenatal,10.48
preocupación,178.21
preoperacional,13.1
preponderancia,17.03
preponderante,17.03
preposicional,17.03
preposición,5.24
prepotencia,3.93
prerrevolucionario,6.55
prescindir,22.28
prescott,15.72
prescribir,31.45
prescripción,27.52
prescriptiva,5.24
prescriptivo,22.28
preservar él,6.55
presunción,27.52
presuponer,41.93
presuposición,14.41
presupuestaria,13.1
presupuestario,45.86
pretendido,9.17
pretendiente,40.62
prevalecer,52.41
prevalencia,26.21
prevalente,7.86
prevención,83.86
prevenir él,6.55
preview,10.48
primacía,22.28
primar,18.34
primaria,81.24
primary,9.17
primate,24.9
primatología,5.24
primitive,7.86
primitivismo,6.55
primo,136.28
primordial,40.62
principio,15.72
principios,61.59
priori,26.21
priorización,5.24
priorizar,24.9
prisciano,5.24
privacidad,70.76
privativo,9.17
privilegiar,18.34
proactivo,6.55
probabilidad,174.28
probabilística,6.55
problema,14.41
problemas,18.34
problems,13.1
problemática,56.35
problemático,38
procedimental,14.41
procedimiento,13.1
procedimientos,10.48
procesal,22.28
procesamiento,137.59
proceso,1552.77
proclive,10.48
procreación,28.83
procurar,56.35
productividad,96.97
productivo,163.79
profano,31.45
profecía,9.17
profundización,19.66
profundizar,52.41
profético,14.41
programs,5.24
progresista,49.79
progreso,150.69
prohibición,136.28
prohíbir,66.83
proletariado,36.69
proletario,9.17
proliferar,19.66
pronombr,49.79
pronombre,26.21
pronominal,6.55
pronunciación,82.55
pronunciar él,13.1
propaganda,114
propagandístico,18.34
propensión,13.1
propenso,47.17
proponent,17.03
proponer,572.62
proporcionalidad,11.79
proposicional,9.17
proposición,51.1
propugnar,20.97
proscribir,6.55
prosocial,24.9
prospectivo,7.86
prostituto,6.55
prosódico,5.24
proteccionismo,9.17
protocolo,34.07
protoindoeuropeo,5.24
protolengua,5.24
prototípico,5.24
proudhon,53.72
proverbial,11.79
proverbio,39.31
proverbios,6.55
práctica,976.21
práctico,231.93
pseudocientífico,6.55
psicoanalítica,3.93
psicoanalítico,17.03
psicoanálisis,60.28
psicolingüística,15.72
psicolingüístico,9.17
psicología,148.07
psicológico,241.1
psicopatología,6.55
psicosocial,27.52
psicosociología,11.79
psicoterapia,15.72
psicoterapéutico,6.55
psicólogo,127.1
psiquiatría,13.1
psychological,14.41
psychologie,11.79
psychology,40.62
ptolemaico,11.79
pubertad,58.97
pudovkin,3.93
pueaa,5.24
pugna,17.03
punible,13.1
puranas,5.24
purista,6.55
putin,38
qadesh,3.93
qaeda,19.66
quantitative,23.59
quds,5.24
queer,163.79
quesnay,9.17
question,14.41
quid,7.86
quigley,5.24
quijote,60.28
quinientos,3.93
quintiliano,10.48
rabínica,6.55
rabínico,14.41
racial,117.93
raciocinio,3.93
racional,277.79
racionalidad,9.17
racionalismo,23.59
racionalista,5.24
racionalización,17.03
racionamiento,61.59
radicalización,22.28
radicalizar,13.1
radiografía,23.59
ragnar,7.86
rama,452.07
rancio,6.55
rapports,5.24
rasgo,256.83
rask,3.93
rational,10.48
rationale,3.93
rationality,7.86
razonamiento,154.62
razonar,18.34
reader,28.83
readings,13.1
realia,3.93
realidad,627.66
realismo,23.59
recalcar,14.41
recargado,10.48
rección,17.03
recepción,7.86
receptor,7.86
recesión,51.1
rechazo,112.69
reciprocidad,26.21
recitativo,5.24
reclus,10.48
reconociendo él,3.93
reconstituido,6.55
reconstruccionista,3.93
reconstruir él,9.17
recopilación,112.69
recopilado,47.17
recopilar,83.86
recorder,6.55
recurso,687.93
recíproca,5.24
recíproco,36.69
redactado,32.76
redada,35.38
redefinición,6.55
redefinir,14.41
redistributiva,3.93
redondear,10.48
redondo,32.76
reduccionismo,7.86
reduccionista,7.86
reducible,3.93
redundar,9.17
referencial,18.34
referir,598.83
refinar,17.03
reflejen,6.55
reflejo,73.38
reflexividad,5.24
reflexivo,39.31
reflexión,127.1
reformador,5.24
reformista,11.79
reformulación,7.86
reformular,14.41
refranero,41.93
refranes,11.79
refrán,100.9
regeneracionismo,3.93
regionalismo,9.17
regla,532
regulación,141.52
regímén,38
reinhard,19.66
reinhart,9.17
reinterpretación,11.79
reinterpretar,17.03
reivindicación,55.03
reivindicar,53.72
reivindicativo,10.48
relacionado,851.73
relacional,30.14
relacionar,201.79
relacionar él,36.69
relación,2787.12
relajación,20.97
relajar,14.41
relations,18.34
relativismo,24.9
relativo,14.41
relegada,3.93
relevancia,146.76
relevante,208.35
religion,94.35
religions,18.34
religiosidad,51.1
religioso,1113.8
religious,39.31
religión,73.38
remarcar,32.76
remer,22.28
remitir él,5.24
remunerada,6.55
remunerado,47.17
renacimiento,55.03
renovable,53.72
renovador,10.48
renta,214.9
rentabilidad,28.83
reorientación,14.41
repensar,7.86
repetición,3.93
replicador,17.03
representacional,6.55
represivo,30.14
reprimido,15.72
reproducibilidad,11.79
requeté,15.72
residual,104.83
resource,10.48
respectar,45.86
respetar él,6.55
responsa,3.93
resta,6.55
restricción,262.07
restrictivo,51.1
restringen,5.24
restringido,70.76
restringir,77.31
resultado,3.93
resurrección,45.86
retraimiento,5.24
retroalimentación,19.66
retroalimentar,3.93
retroflejo,9.17
retórica,14.41
retórico,38
reutilización,13.1
revisionista,9.17
revitalización,10.48
revolucionario,195.24
revolución,332.83
ridiculizar,11.79
ridruejo,9.17
riefenstahl,5.24
riera,26.21
rigidez,47.17
riguroso,76
rimado,5.24
rinzai,13.1
riqueza,228
rite,5.24
ritual,55.03
ritualizado,3.93
robustez,7.86
rococó,10.48
roemer,6.55
role,13.1
roles,5.24
rollo,36.69
romanz,15.72
romer,9.17
románica,11.79
romántico,15.72
roscoe,10.48
rothbard,9.17
rousseau,35.38
routledge,78.62
rowman,10.48
rupestr,18.34
saber,19.66
sabio,32.76
sage,49.79
sagradas,10.48
sagrado,172.97
sahib,10.48
sahlins,10.48
salafista,5.24
salarial,43.24
salario,216.21
salarios,6.55
salterio,7.86
salubridad,6.55
salud,740.35
saludable,35.38
salvaguarda,6.55
salvajismo,5.24
samhita,3.93
samotracia,6.55
samuelson,22.28
sandhi,10.48
saneamiento,30.14
sanedrín,6.55
sanitaria,48.48
sanitario,146.76
santoral,6.55
sapiencial,10.48
sapiens,89.1
sargent,13.1
sartre,15.72
satisfacción,82.55
satisfacer,110.07
satori,24.9
saussure,76
saussureano,3.93
sayyid,7.86
schaeffer,6.55
schelling,10.48
schiller,15.72
schlegel,10.48
schleicher,6.55
schleiermacher,6.55
schmitt,13.1
schools,28.83
schuchardt,6.55
schultes,6.55
schumpeter,27.52
schütz,9.17
scope,5.24
screening,3.93
sear él,7.86
secta,47.17
sectorial,14.41
secuencial,28.83
secular,5.24
secularismo,5.24
secularización,18.34
sedgwick,7.86
seeger,13.1
seeking,6.55
sefardita,3.93
segmentación,32.76
segmental,9.17
segmentar,7.86
selten,10.48
semanario,11.79
semantics,7.86
semasiología,5.24
semen,11.79
seminal,13.1
seminar,7.86
semiología,13.1
semivocal,15.72
semiótica,7.86
semiótico,30.14
semántica,48.48
semántico,275.17
sensacionalista,10.48
sensorial,41.93
sentencias,5.24
sentenz,3.93
sentido,798
sentimiento,263.38
sergéi,7.86
sesenta,56.35
sesgado,9.17
sesgo,65.52
sesostris,5.24
seurat,6.55
sexenio,10.48
sexismo,26.21
sexista,9.17
sexo,676.14
sexología,11.79
sexual,26.21
sexualidad,14.41
sexuality,11.79
sexólogo,11.79
shacer,9.17
shahado,3.93
shapley,5.24
sharia,11.79
sherwin,3.93
shimon,14.41
shiva,18.34
shulamith,3.93
sibilant,5.24
sibilante,11.79
sida,35.38
sigmar,3.93
sigmund,31.45
signac,5.24
signado,6.55
significación,39.31
significado,44.55
significance,5.24
significante,3.93
signo,355.11
signorelli,5.24
sijismo,9.17
silábico,30.14
simbolista,7.86
simbólico,182.14
simmel,17.03
simplicidad,22.28
simplificación,23.59
simplista,10.48
simposio,13.1
simultaneidad,9.17
sincretismo,14.41
sincronía,14.41
sincrético,6.55
sincrónico,28.83
sindical,19.66
sindicalismo,35.38
sindicalista,20.97
sindicato,159.86
sindicatos,19.66
singular,6.55
sinología,14.41
sintagma,87.79
sintagmático,15.72
sintaxi,3.93
sintaxis,9.17
sintoísmo,7.86
sintoísta,9.17
sintáctica,49.79
sintáctico,3.93
sinuhé,18.34
sinólogo,5.24
sinónimo,35.38
sinóptico,13.1
sistematización,20.97
sistematizar,17.03
sistemático,183.45
sistémico,44.55
situacional,6.55
skinner,24.9
sobreproducción,6.55
socava,5.24
socavar,24.9
sociabilidad,9.17
social,3902.23
socialdemocracia,7.86
socialismo,201.79
socialista,103.52
socialización,5.24
sociedad,1716.56
societies,13.1
sociobiología,7.86
sociobiológica,3.93
sociocognitivo,5.24
sociocultural,98.28
socioeconómico,53.72
socioemocional,5.24
sociolingüística,27.52
sociolingüístico,30.14
sociologia,5.24
sociological,26.21
sociology,83.86
sociología,226.69
sociológica,9.17
sociológico,200.48
sociopolítica,14.41
sociopolítico,30.14
socióloga,10.48
sociólogo,186.07
socrático,6.55
sodomita,15.72
sodomía,18.34
sofisticación,9.17
solidaridad,40.62
solow,32.76
soltera,10.48
sonant,9.17
sonorización,6.55
sorda,14.41
sordo,5.24
sostener,440.28
sostenibilidad,38
sostenible,86.48
sostén,17.03
soviet,5.24
soyinka,6.55
speech,6.55
spengler,7.86
spitzer,14.41
sprachen,7.86
sraffa,5.24
statistics,20.97
statu,17.03
status,9.17
staël,6.55
stemma,9.17
stigler,6.55
stiglitz,7.86
stil,5.24
stock,13.1
stonewall,20.97
storia,39.31
structure,35.38
student,17.03
students,15.72
studi,14.41
studia,11.79
studien,7.86
studies,212.28
study,65.52
suavizar,17.03
subasta,79.93
subcampo,45.86
subcampos,5.24
subcategoría,7.86
subcultura,38
subcultural,7.86
subdesarrollada,3.93
subdesarrollado,17.03
subdisciplina,56.35
subdisciplinas,26.21
subestimar,9.17
subject,6.55
subjetividad,55.03
subjetivismo,5.24
subjetivo,142.83
subordinación,49.79
subordinada,5.24
subordinar,10.48
subrayar,65.52
subsahariano,3.93
subsidiariedad,3.93
subsidio,32.76
subsistema,30.14
substancial,6.55
substituir,11.79
subsumido,5.24
subvencionar,9.17
subversión,11.79
subvertir,5.24
subyacente,72.07
subyacer,19.66
subárea,5.24
sucinto,6.55
sufijo,76
sufismo,10.48
sufí,10.48
sugeer,14.41
sujeto,347.24
sujetos,5.24
sumeria,5.24
sumerio,18.34
sunita,6.55
sunna,6.55
suny,6.55
superestructura,11.79
superlativo,5.24
superpoblación,5.24
superponer,22.28
superávit,24.9
suponer,511.04
suposición,57.66
supraindividual,3.93
supranacional,9.17
supremacía,7.86
supuesto,85.17
sura,17.03
surgido,87.79
surgimiento,141.52
surgir,969.66
surrealismo,7.86
surveys,3.93
susceptible,48.48
sustainability,7.86
sustancial,52.41
sustantiva,7.86
sustantivo,6.55
sustento,23.59
sustituibilidad,9.17
sutra,23.59
sutta,6.55
sweezy,5.24
swidler,5.24
swinburne,5.24
syntactic,3.93
syntax,24.9
sánscrito,20.97
sílaba,262.07
sílabas,20.97
símil,6.55
síndrome,24.9
síntesis,18.34
słowacki,7.86
tabú,7.86
tadeusz,15.72
tafsir,10.48
tagmémica,3.93
taine,5.24
talcott,5.24
talmud,19.66
talmy,6.55
talmúdico,6.55
tammuz,3.93
tanaj,24.9
tangible,11.79
tantra,6.55
taoísmo,14.41
taoísta,9.17
tape,5.24
tarifas,6.55
tasa,17.03
tausch,6.55
tautológico,3.93
taylorismo,6.55
teachers,7.86
tecla,44.55
tecnología,608
tecnologías,40.62
tecnológico,201.79
tecnos,11.79
tecnócrata,14.41
temporalidad,6.55
tendencia,436.35
tendente,6.55
tender,347.24
tener él,30.14
tentación,20.97
tentativa,22.28
teocéntrico,5.24
teológica,11.79
teológico,57.66
teoria,5.24
teorización,10.48
teorizado,3.93
teorizar,30.14
teorético,3.93
teoría,203.1
teorías,14.41
tept,5.24
terapeuta,103.52
terapia,38
terapias,11.79
terapéutico,52.41
terminación,74.69
terminal,82.55
terminología,61.59
terrorismo,85.17
terrorífico,9.17
tertuliano,10.48
tesnière,6.55
testamento,150.69
teun,11.79
text,38
texto,1581.59
textual,5.24
teísta,6.55
teórico,72.07
thaler,11.79
theodor,39.31
theologiae,6.55
theoretical,11.79
theorie,6.55
theories,15.72
theory,212.28
thoinot,3.93
thorndike,7.86
thorstein,7.86
thought,28.83
thousand,20.97
théodore,10.48
thünen,7.86
tibetano,26.21
tibetán,11.79
tiflotecnología,15.72
timeline,6.55
timpanaro,5.24
tinbergen,6.55
tipificar,9.17
tipología,111.38
tipológico,18.34
titon,3.93
tjalling,5.24
tocqueville,10.48
todorov,13.1
tolerance,7.86
tolerancia,57.66
tolerante,18.34
tolstoi,5.24
tomasello,6.55
tonal,32.76
tono,288.28
toponimia,19.66
toponímico,9.17
tordera,5.24
totalitario,44.55
totalitarismo,10.48
totalizador,5.24
toward,14.41
towards,11.79
trabajador,387.86
trabajo,9.17
trad,31.45
tradicionalismo,5.24
tradicionalista,79.93
tradicionalistas,6.55
tradición,17.03
traducción,77.31
traducible,6.55
traducir,288.28
traductología,3.93
traductor,90.41
transacción,166.41
transaction,6.55
transatlántico,14.41
transcultural,10.48
transdisciplinario,15.72
transexual,5.24
transexuales,5.24
transexualidad,7.86
transfobia,5.24
transformacional,32.76
transformación,204.41
transformador,14.41
transformadora,9.17
transfóbico,3.93
transgresión,13.1
transgénero,5.24
transitions,5.24
transitividad,3.93
transitivo,20.97
translation,26.21
transmisor,22.28
transmission,7.86
transnacional,31.45
transnacionalismo,3.93
trascendente,15.72
trasfondo,23.59
trastorno,210.97
trasvase,6.55
tratamiento,414.07
trauma,51.1
travestido,9.17
travestis,10.48
travestismo,10.48
tributación,7.86
trimestral,11.79
trobriand,6.55
trubetskói,5.24
trudgill,3.93
trágica,7.86
tucídides,15.72
tullock,3.93
turcología,3.93
tutelar,5.24
tutmosis,7.86
tuvierar,5.24
tversky,15.72
tylor,10.48
tzvetan,9.17
tácito,18.34
técnica,571.31
término,1499.04
tónica,6.55
tónico,14.41
tópico,30.14
tübingen,10.48
ucraniano,74.69
umar,10.48
understanding,26.21
unicidad,6.55
unificación,17.03
unificadoro,7.86
uniformidad,11.79
unilateral,18.34
universal,231.93
universalidad,11.79
universalismo,6.55
universalista,11.79
universalización,3.93
universitat,17.03
unívoco,7.86
upanishads,5.24
usabilidad,6.55
uses,5.24
usura,9.17
utet,3.93
utilidad,7.86
utilizable,10.48
utilización,133.66
utopía,28.83
utópico,39.31
vacer,3.93
vago,24.9
vaig,17.03
vajrayana,5.24
valer él,11.79
validación,22.28
validez,81.24
valin,17.03
valor,1150.49
valoración,14.41
valorar,73.38
valorizar,5.24
vanguardia,90.41
variabilidad,36.69
variable,225.38
variación,9.17
varieties,6.55
varonil,6.55
varón,138.9
vascongadas,17.03
vaslav,3.93
veblen,7.86
vedas,6.55
vehicular,40.62
vejez,43.24
velar,22.28
vello,31.45
veracidad,20.97
verba,3.93
verbal,125.79
verbigracia,5.24
verbo,34.07
verbum,27.52
verdad,19.66
vergüenza,35.38
verhaeren,3.93
verificable,11.79
verne,17.03
vernácula,18.34
verrocchio,5.24
verstehen,3.93
vertov,7.86
veure,7.86
vicio,30.14
vico,13.1
victimario,5.24
victimización,30.14
victorien,3.93
vigencia,48.48
vilfredo,7.86
vinculante,19.66
violence,17.03
virginidad,11.79
virilidad,6.55
visión,456
vista,539.86
vitae,17.03
vitalidad,20.97
vivido,26.21
vocabulario,7.86
vocal,360.35
vocálico,43.24
vols,60.28
vossler,17.03
vulgari,6.55
vygotski,14.41
véar,9.17
védico,23.59
vías,15.72
wadsworth,7.86
wagneriano,3.93
wallerstein,18.34
walras,36.69
ways,11.79
wealth,6.55
weber,95.66
wedgwood,5.24
weiner,13.1
wernicke,10.48
wertheimer,3.93
westport,7.86
whorf,3.93
wicca,7.86
wincenty,6.55
wireless,43.24
wole,6.55
wollstonecraft,10.48
woolgar,5.24
writing,17.03
wörterbuch,5.24
xenakis,6.55
yala,7.86
yiddish,3.93
yihad,7.86
yihadismo,6.55
yihadista,35.38
yllescas,5.24
yoruba,26.21
zaman,5.24
zamenhof,5.24
zbigniew,9.17
zeitschrift,13.1
zellig,9.17
zoroastrismo,6.55
zurbarán,20.97
zuñi,3.93
zygmunt,7.86
ámbito,457.31
árabe,269.93
átona,10.48
átono,7.86
émile,52.41
énfasis,201.79
épica,9.17
ética,100.9
ético,144.14
éxodo,7.86
óptimo,5.24
λογος,3.93
